{
"type": "FeatureCollection",
"name": "sql_statement",
"crs": { "type": "name", "properties": { "name": "urn:ogc:def:crs:EPSG::32718" } },
"features": [
{ "type": "Feature", "properties": { "h3_index": "89ce8c05163ffff", "id": 16, "m_osm": null, "total_ciclo_km": null, "phanto_ciclo_km": null, "valdchil_osm_full_network_component": null, "valdchil_osm_full_network_comp_intersect": null, "valdchil_osm_full_network_comp_total": null }, "geometry": { "type": "Polygon", "coordinates": [ [ [ 638290.11588410846889, 5587214.002984345890582 ], [ 638361.772500344319269, 5587386.32091729901731 ], [ 638252.607557859271765, 5587551.257354192435741 ], [ 638071.78303432231769, 5587543.879246314056218 ], [ 638000.122412916622125, 5587371.560486260801554 ], [ 638109.290320347528905, 5587206.620661159977317 ], [ 638290.11588410846889, 5587214.002984345890582 ] ] ] } },
{ "type": "Feature", "properties": { "h3_index": "89ce8c0c6bbffff", "id": 19, "m_osm": null, "total_ciclo_km": null, "phanto_ciclo_km": null, "valdchil_osm_full_network_component": null, "valdchil_osm_full_network_comp_intersect": null, "valdchil_osm_full_network_comp_total": null }, "geometry": { "type": "Polygon", "coordinates": [ [ [ 648465.997643530135974, 5591183.821376695297658 ], [ 648537.485957400174811, 5591355.958161178044975 ], [ 648428.430787349818274, 5591520.7692536925897 ], [ 648247.884347123559564, 5591513.446950594894588 ], [ 648176.392035719007254, 5591341.309346893802285 ], [ 648285.450162201654166, 5591176.494865488260984 ], [ 648465.997643530135974, 5591183.821376695297658 ] ] ] } },
{ "type": "Feature", "properties": { "h3_index": "89ce8c05e23ffff", "id": 20, "m_osm": null, "total_ciclo_km": null, "phanto_ciclo_km": null, "valdchil_osm_full_network_component": null, "valdchil_osm_full_network_comp_intersect": null, "valdchil_osm_full_network_comp_total": null }, "geometry": { "type": "Polygon", "coordinates": [ [ [ 637232.595456254202873, 5589372.955379591323435 ], [ 637304.262082009227015, 5589545.250940785743296 ], [ 637195.093367814552039, 5589710.191508119925857 ], [ 637014.255064002005383, 5589702.839905790984631 ], [ 636942.584430512273684, 5589530.543521027080715 ], [ 637051.756108699948527, 5589365.599562137387693 ], [ 637232.595456254202873, 5589372.955379591323435 ] ] ] } },
{ "type": "Feature", "properties": { "h3_index": "89ce8c0f6a3ffff", "id": 32, "m_osm": null, "total_ciclo_km": null, "phanto_ciclo_km": null, "valdchil_osm_full_network_component": null, "valdchil_osm_full_network_comp_intersect": null, "valdchil_osm_full_network_comp_total": null }, "geometry": { "type": "Polygon", "coordinates": [ [ [ 652493.207012810278684, 5586778.400140482932329 ], [ 652564.646323665510863, 5586950.56096778716892 ], [ 652455.617179787135683, 5587115.343164421617985 ], [ 652275.145767885725945, 5587107.967914960347116 ], [ 652203.702466629212722, 5586935.806261462159455 ], [ 652312.73456780356355, 5586771.020683597773314 ], [ 652493.207012810278684, 5586778.400140482932329 ] ] ] } },
{ "type": "Feature", "properties": { "h3_index": "89ce8c0c453ffff", "id": 39, "m_osm": null, "total_ciclo_km": null, "phanto_ciclo_km": null, "valdchil_osm_full_network_component": null, "valdchil_osm_full_network_comp_intersect": null, "valdchil_osm_full_network_comp_total": null }, "geometry": { "type": "Polygon", "coordinates": [ [ [ 648037.033972690114751, 5590150.925370153039694 ], [ 648108.531939606415108, 5590323.083668121136725 ], [ 647999.469604296376929, 5590487.903058072552085 ], [ 647818.906344791641459, 5590480.567537743598223 ], [ 647747.404380610096268, 5590308.408418760634959 ], [ 647856.46967332623899, 5590143.585641097277403 ], [ 648037.033972690114751, 5590150.925370153039694 ] ] ] } },
{ "type": "Feature", "properties": { "h3_index": "89ce8c0d5b3ffff", "id": 46, "m_osm": null, "total_ciclo_km": null, "phanto_ciclo_km": null, "valdchil_osm_full_network_component": null, "valdchil_osm_full_network_comp_intersect": null, "valdchil_osm_full_network_comp_total": null }, "geometry": { "type": "Polygon", "coordinates": [ [ [ 649977.991478340351023, 5592260.463931025005877 ], [ 650049.453313678968698, 5592432.56598486751318 ], [ 649940.415876578073949, 5592597.356741431169212 ], [ 649759.913649448542856, 5592590.048833765089512 ], [ 649688.447817376349121, 5592417.945962694473565 ], [ 649797.488209297414869, 5592253.15181649569422 ], [ 649977.991478340351023, 5592260.463931025005877 ] ] ] } },
{ "type": "Feature", "properties": { "h3_index": "89ce8c0d423ffff", "id": 48, "m_osm": null, "total_ciclo_km": null, "phanto_ciclo_km": null, "valdchil_osm_full_network_component": null, "valdchil_osm_full_network_comp_intersect": null, "valdchil_osm_full_network_comp_total": null }, "geometry": { "type": "Polygon", "coordinates": [ [ [ 652143.674633852089755, 5592348.193947710096836 ], [ 652215.102831714320928, 5592520.26958339009434 ], [ 652106.086534839123487, 5592685.036283936351538 ], [ 651925.639086683862843, 5592677.730737556703389 ], [ 651854.206894235685468, 5592505.654285047203302 ], [ 651963.226144659449346, 5592340.884195725433528 ], [ 652143.674633852089755, 5592348.193947710096836 ] ] ] } },
{ "type": "Feature", "properties": { "h3_index": "89ce8c0d083ffff", "id": 59, "m_osm": null, "total_ciclo_km": null, "phanto_ciclo_km": null, "valdchil_osm_full_network_component": null, "valdchil_osm_full_network_comp_intersect": null, "valdchil_osm_full_network_comp_total": null }, "geometry": { "type": "Polygon", "coordinates": [ [ [ 652320.365034724120051, 5593201.23752321023494 ], [ 652391.787978138308972, 5593373.297430933453143 ], [ 652282.775877646519803, 5593538.059210736304522 ], [ 652102.337881027022377, 5593530.764472614973783 ], [ 652030.910942623391747, 5593358.70374952070415 ], [ 652139.925995959201828, 5593193.938579894602299 ], [ 652320.365034724120051, 5593201.23752321023494 ] ] ] } },
{ "type": "Feature", "properties": { "h3_index": "89ce8c0f173ffff", "id": 60, "m_osm": null, "total_ciclo_km": null, "phanto_ciclo_km": null, "valdchil_osm_full_network_component": null, "valdchil_osm_full_network_comp_intersect": null, "valdchil_osm_full_network_comp_total": null }, "geometry": { "type": "Polygon", "coordinates": [ [ [ 649447.47931818140205, 5589700.537117010913789 ], [ 649518.956889214459807, 5589872.686341664753854 ], [ 649409.906841858988628, 5590037.491828945465386 ], [ 649229.376266667037271, 5590030.151478033512831 ], [ 649157.894700117292814, 5589858.001431768760085 ], [ 649266.94770440692082, 5589693.192558006383479 ], [ 649447.47931818140205, 5589700.537117010913789 ] ] ] } },
{ "type": "Feature", "properties": { "h3_index": "89ce8c05e13ffff", "id": 61, "m_osm": null, "total_ciclo_km": null, "phanto_ciclo_km": null, "valdchil_osm_full_network_component": null, "valdchil_osm_full_network_comp_intersect": null, "valdchil_osm_full_network_comp_total": null }, "geometry": { "type": "Polygon", "coordinates": [ [ [ 637887.603182740160264, 5588383.316822592169046 ], [ 637959.262598449131474, 5588555.620677098631859 ], [ 637850.09724798577372, 5588720.557488966733217 ], [ 637669.269517605891451, 5588713.193836251273751 ], [ 637597.606095505179837, 5588540.889156577177346 ], [ 637706.77441030589398, 5588375.94895476475358 ], [ 637887.603182740160264, 5588383.316822592169046 ] ] ] } },
{ "type": "Feature", "properties": { "h3_index": "89ce8c0c68fffff", "id": 67, "m_osm": null, "total_ciclo_km": null, "phanto_ciclo_km": null, "valdchil_osm_full_network_component": null, "valdchil_osm_full_network_comp_intersect": null, "valdchil_osm_full_network_comp_total": null }, "geometry": { "type": "Polygon", "coordinates": [ [ [ 648755.594592656590976, 5591026.33784216735512 ], [ 648827.078909393167123, 5591198.473807197995484 ], [ 648718.026069890591316, 5591363.282272438518703 ], [ 648537.485957400174811, 5591355.958161178044975 ], [ 648465.997643530135974, 5591183.821376695297658 ], [ 648575.053439412615262, 5591019.009522902779281 ], [ 648755.594592656590976, 5591026.33784216735512 ] ] ] } },
{ "type": "Feature", "properties": { "h3_index": "89ce8c08d2fffff", "id": 68, "m_osm": null, "total_ciclo_km": null, "phanto_ciclo_km": null, "valdchil_osm_full_network_component": null, "valdchil_osm_full_network_comp_intersect": null, "valdchil_osm_full_network_comp_total": null }, "geometry": { "type": "Polygon", "coordinates": [ [ [ 654395.308667028089985, 5589225.066067071631551 ], [ 654466.711442134459503, 5589397.16575775295496 ], [ 654357.707788859726861, 5589561.918636764399707 ], [ 654177.298406109912321, 5589554.575208691880107 ], [ 654105.891640860354528, 5589382.474696165882051 ], [ 654214.898248633253388, 5589217.718433536589146 ], [ 654395.308667028089985, 5589225.066067071631551 ] ] ] } },
{ "type": "Feature", "properties": { "h3_index": "89ce8c0c4cbffff", "id": 75, "m_osm": null, "total_ciclo_km": null, "phanto_ciclo_km": null, "valdchil_osm_full_network_component": null, "valdchil_osm_full_network_comp_intersect": null, "valdchil_osm_full_network_comp_total": null }, "geometry": { "type": "Polygon", "coordinates": [ [ [ 648074.598552355659194, 5589813.941956958733499 ], [ 648146.096933457418345, 5589986.105221697129309 ], [ 648037.033972690114751, 5590150.925370153039694 ], [ 647856.46967332623899, 5590143.585641097277403 ], [ 647784.967295229085721, 5589971.421554781496525 ], [ 647894.033213617978618, 5589806.598019074648619 ], [ 648074.598552355659194, 5589813.941956958733499 ] ] ] } },
{ "type": "Feature", "properties": { "h3_index": "89ce8c08d87ffff", "id": 84, "m_osm": null, "total_ciclo_km": null, "phanto_ciclo_km": null, "valdchil_osm_full_network_component": null, "valdchil_osm_full_network_comp_intersect": null, "valdchil_osm_full_network_comp_total": null }, "geometry": { "type": "Polygon", "coordinates": [ [ [ 654583.31595123000443, 5587540.717517917044461 ], [ 654654.720830782782286, 5587712.842002147808671 ], [ 654545.714109686436132, 5587877.598648700863123 ], [ 654365.299553584191017, 5587870.234192300587893 ], [ 654293.890685236896388, 5587698.10888340510428 ], [ 654402.900361916981637, 5587533.348855551332235 ], [ 654583.31595123000443, 5587540.717517917044461 ] ] ] } },
{ "type": "Feature", "properties": { "h3_index": "89ce8c0c407ffff", "id": 85, "m_osm": null, "total_ciclo_km": null, "phanto_ciclo_km": null, "valdchil_osm_full_network_component": null, "valdchil_osm_full_network_comp_intersect": null, "valdchil_osm_full_network_comp_total": null }, "geometry": { "type": "Polygon", "coordinates": [ [ [ 646916.021558769745752, 5590443.886972704902291 ], [ 646987.535930271609686, 5590616.053522356785834 ], [ 646878.463645154377446, 5590780.884186936542392 ], [ 646697.874030840117484, 5590773.551690448075533 ], [ 646626.355660729808733, 5590601.38432015106082 ], [ 646735.430903670261614, 5590436.550266964361072 ], [ 646916.021558769745752, 5590443.886972704902291 ] ] ] } },
{ "type": "Feature", "properties": { "h3_index": "89ce8c0f133ffff", "id": 93, "m_osm": null, "total_ciclo_km": null, "phanto_ciclo_km": null, "valdchil_osm_full_network_component": null, "valdchil_osm_full_network_comp_intersect": null, "valdchil_osm_full_network_comp_total": null }, "geometry": { "type": "Polygon", "coordinates": [ [ [ 648653.835079615120776, 5589498.996073566377163 ], [ 648725.325467939139344, 5589671.157694450579584 ], [ 648616.267172783147544, 5589835.972584136761725 ], [ 648435.715531910769641, 5589828.62923948187381 ], [ 648364.221147396950983, 5589656.466796551831067 ], [ 648473.282400075346231, 5589491.648520298302174 ], [ 648653.835079615120776, 5589498.996073566377163 ] ] ] } },
{ "type": "Feature", "properties": { "h3_index": "89ce8c0f1b3ffff", "id": 94, "m_osm": null, "total_ciclo_km": null, "phanto_ciclo_km": null, "valdchil_osm_full_network_component": null, "valdchil_osm_full_network_comp_intersect": null, "valdchil_osm_full_network_comp_total": null }, "geometry": { "type": "Polygon", "coordinates": [ [ [ 648476.921137648401782, 5588645.492582308128476 ], [ 648548.416765029891394, 5588817.669918918982148 ], [ 648439.354264713940211, 5588982.4897066578269 ], [ 648258.793178917025216, 5588975.135543280281126 ], [ 648187.293555754469708, 5588802.95738316886127 ], [ 648296.359014296904206, 5588638.134209910407662 ], [ 648476.921137648401782, 5588645.492582308128476 ] ] ] } },
{ "type": "Feature", "properties": { "h3_index": "89ce8c0502bffff", "id": 96, "m_osm": null, "total_ciclo_km": null, "phanto_ciclo_km": null, "valdchil_osm_full_network_component": null, "valdchil_osm_full_network_comp_intersect": null, "valdchil_osm_full_network_comp_total": null }, "geometry": { "type": "Polygon", "coordinates": [ [ [ 639777.470277634682134, 5586089.039405263960361 ], [ 639849.107277425122447, 5586261.358162695541978 ], [ 639739.953340237494558, 5586426.28216555621475 ], [ 639559.1594384748023, 5586418.890797001309693 ], [ 639487.518435802776366, 5586246.571210739202797 ], [ 639596.675337903667241, 5586081.643821837380528 ], [ 639777.470277634682134, 5586089.039405263960361 ] ] ] } },
{ "type": "Feature", "properties": { "h3_index": "89ce8c0d47bffff", "id": 97, "m_osm": null, "total_ciclo_km": null, "phanto_ciclo_km": null, "valdchil_osm_full_network_component": null, "valdchil_osm_full_network_comp_intersect": null, "valdchil_osm_full_network_comp_total": null }, "geometry": { "type": "Polygon", "coordinates": [ [ [ 653226.269709042971954, 5592392.048326523043215 ], [ 653297.681090891826898, 5592564.110756161622703 ], [ 653188.675365349161439, 5592728.865431315265596 ], [ 653008.25530517695006, 5592721.561065152287483 ], [ 652936.839929820038378, 5592549.497818882577121 ], [ 653045.848608274944127, 5592384.739755384624004 ], [ 653226.269709042971954, 5592392.048326523043215 ] ] ] } },
{ "type": "Feature", "properties": { "h3_index": "89ce8c0d5dbffff", "id": 105, "m_osm": null, "total_ciclo_km": null, "phanto_ciclo_km": null, "valdchil_osm_full_network_component": null, "valdchil_osm_full_network_comp_intersect": null, "valdchil_osm_full_network_comp_total": null }, "geometry": { "type": "Polygon", "coordinates": [ [ [ 651639.9006503962446, 5591989.403414279222488 ], [ 651711.337675980874337, 5592161.49062327016145 ], [ 651602.315471742302179, 5592326.264101241715252 ], [ 651421.853287962381728, 5592318.953758727759123 ], [ 651350.41226752451621, 5592146.865732243284583 ], [ 651459.437425847514533, 5591982.088865743950009 ], [ 651639.9006503962446, 5591989.403414279222488 ] ] ] } },
{ "type": "Feature", "properties": { "h3_index": "89ce8c0f503ffff", "id": 106, "m_osm": null, "total_ciclo_km": null, "phanto_ciclo_km": null, "valdchil_osm_full_network_component": null, "valdchil_osm_full_network_comp_intersect": null, "valdchil_osm_full_network_comp_total": null }, "geometry": { "type": "Polygon", "coordinates": [ [ [ 649496.041351671563461, 5586825.120647434145212 ], [ 649567.526653381995857, 5586997.315352094359696 ], [ 649458.468676731805317, 5587162.130253430455923 ], [ 649277.922439554939047, 5587154.753832724876702 ], [ 649206.433144356124103, 5586982.558301601558924 ], [ 649315.494079949334264, 5586817.740017625503242 ], [ 649496.041351671563461, 5586825.120647434145212 ] ] ] } },
{ "type": "Feature", "properties": { "h3_index": "89ce8c0f473ffff", "id": 107, "m_osm": null, "total_ciclo_km": null, "phanto_ciclo_km": null, "valdchil_osm_full_network_component": null, "valdchil_osm_full_network_comp_intersect": null, "valdchil_osm_full_network_comp_total": null }, "geometry": { "type": "Polygon", "coordinates": [ [ [ 651737.423200690420344, 5586239.737386783584952 ], [ 651808.875735247740522, 5586411.915562086738646 ], [ 651699.837718680151738, 5586576.707902035675943 ], [ 651519.344209580332972, 5586569.325447512790561 ], [ 651447.887684223242104, 5586397.146445018239319 ], [ 651556.928658892167732, 5586232.350724214687943 ], [ 651737.423200690420344, 5586239.737386783584952 ] ] ] } },
{ "type": "Feature", "properties": { "h3_index": "89ce8c0c64fffff", "id": 111, "m_osm": null, "total_ciclo_km": null, "phanto_ciclo_km": null, "valdchil_osm_full_network_component": null, "valdchil_osm_full_network_comp_intersect": null, "valdchil_osm_full_network_comp_total": null }, "geometry": { "type": "Polygon", "coordinates": [ [ [ 649726.021960326470435, 5592081.043974402360618 ], [ 649797.488209297414869, 5592253.15181649569422 ], [ 649688.447817376349121, 5592417.945962694473565 ], [ 649507.938221521908417, 5592410.635656289756298 ], [ 649436.467975682578981, 5592238.526996639557183 ], [ 649545.511322693084367, 5592073.729460928589106 ], [ 649726.021960326470435, 5592081.043974402360618 ] ] ] } },
{ "type": "Feature", "properties": { "h3_index": "89ce8c0f187ffff", "id": 113, "m_osm": null, "total_ciclo_km": null, "phanto_ciclo_km": null, "valdchil_osm_full_network_component": null, "valdchil_osm_full_network_comp_intersect": null, "valdchil_osm_full_network_comp_total": null }, "geometry": { "type": "Polygon", "coordinates": [ [ [ 648766.540053786360659, 5588488.032219922170043 ], [ 648838.03168579377234, 5588660.208732796832919 ], [ 648728.971520438906737, 5588825.025889717973769 ], [ 648548.416765029891394, 5588817.669918918982148 ], [ 648476.921137648401782, 5588645.492582308128476 ], [ 648585.984261177945882, 5588480.672040209174156 ], [ 648766.540053786360659, 5588488.032219922170043 ] ] ] } },
{ "type": "Feature", "properties": { "h3_index": "89ce8c0f117ffff", "id": 116, "m_osm": null, "total_ciclo_km": null, "phanto_ciclo_km": null, "valdchil_osm_full_network_component": null, "valdchil_osm_full_network_comp_intersect": null, "valdchil_osm_full_network_comp_total": null }, "geometry": { "type": "Polygon", "coordinates": [ [ [ 648981.010125479893759, 5589004.551008813083172 ], [ 649052.496932934969664, 5589176.716771676205099 ], [ 648943.440348264528438, 5589341.529788005165756 ], [ 648762.893998576677404, 5589334.180427215062082 ], [ 648691.403195606777444, 5589162.013841512612998 ], [ 648800.462737967260182, 5588997.197439416311681 ], [ 648981.010125479893759, 5589004.551008813083172 ] ] ] } },
{ "type": "Feature", "properties": { "h3_index": "89ce8c05eb3ffff", "id": 122, "m_osm": null, "total_ciclo_km": null, "phanto_ciclo_km": null, "valdchil_osm_full_network_component": null, "valdchil_osm_full_network_comp_intersect": null, "valdchil_osm_full_network_comp_total": null }, "geometry": { "type": "Polygon", "coordinates": [ [ [ 637092.5884479067754, 5588181.527889525517821 ], [ 637164.260686250869185, 5588353.84416008926928 ], [ 637055.087082886951976, 5588518.790387189947069 ], [ 636874.238276383606717, 5588511.423733733594418 ], [ 636802.562030982226133, 5588339.1066375663504 ], [ 636911.738599269301631, 5588174.157020434737206 ], [ 637092.5884479067754, 5588181.527889525517821 ] ] ] } },
{ "type": "Feature", "properties": { "h3_index": "89ce8c0d587ffff", "id": 126, "m_osm": null, "total_ciclo_km": null, "phanto_ciclo_km": null, "valdchil_osm_full_network_component": null, "valdchil_osm_full_network_comp_intersect": null, "valdchil_osm_full_network_comp_total": null }, "geometry": { "type": "Polygon", "coordinates": [ [ [ 650267.526482025161386, 5592102.986332943663001 ], [ 650338.984321033814922, 5592275.087569325231016 ], [ 650229.949214180582203, 5592439.87570065073669 ], [ 650049.453313678968698, 5592432.56598486751318 ], [ 649977.991478340351023, 5592260.463931025005877 ], [ 650087.029539963579737, 5592095.67241040430963 ], [ 650267.526482025161386, 5592102.986332943663001 ] ] ] } },
{ "type": "Feature", "properties": { "h3_index": "89ce8c05193ffff", "id": 131, "m_osm": null, "total_ciclo_km": null, "phanto_ciclo_km": null, "valdchil_osm_full_network_component": null, "valdchil_osm_full_network_comp_intersect": null, "valdchil_osm_full_network_comp_total": null }, "geometry": { "type": "Polygon", "coordinates": [ [ [ 637972.661696728668176, 5585168.133303482085466 ], [ 638044.329132144921459, 5585340.487645138986409 ], [ 637935.155071329325438, 5585505.434601722285151 ], [ 637754.310608647298068, 5585498.030602257698774 ], [ 637682.639169151429087, 5585325.675430004484951 ], [ 637791.81619654642418, 5585160.725087792612612 ], [ 637972.661696728668176, 5585168.133303482085466 ] ] ] } },
{ "type": "Feature", "properties": { "h3_index": "89ce8c0f10fffff", "id": 143, "m_osm": null, "total_ciclo_km": null, "phanto_ciclo_km": null, "valdchil_osm_full_network_component": null, "valdchil_osm_full_network_comp_intersect": null, "valdchil_osm_full_network_comp_total": null }, "geometry": { "type": "Polygon", "coordinates": [ [ [ 649195.465722511056811, 5589521.037546412087977 ], [ 649266.94770440692082, 5589693.192558006383479 ], [ 649157.894700117292814, 5589858.001431768760085 ], [ 648977.356756860739551, 5589850.658680271357298 ], [ 648905.870779314078391, 5589678.502846735529602 ], [ 649014.926740805618465, 5589513.690586615353823 ], [ 649195.465722511056811, 5589521.037546412087977 ] ] ] } },
{ "type": "Feature", "properties": { "h3_index": "89ce8c0f1d7ffff", "id": 156, "m_osm": null, "total_ciclo_km": null, "phanto_ciclo_km": null, "valdchil_osm_full_network_component": null, "valdchil_osm_full_network_comp_intersect": null, "valdchil_osm_full_network_comp_total": null }, "geometry": { "type": "Polygon", "coordinates": [ [ [ 649597.771291527198628, 5588352.661067667417228 ], [ 649669.250524536822923, 5588524.830146455205977 ], [ 649560.197988627944142, 5588689.638656757771969 ], [ 649379.6632620326709, 5588682.281472874805331 ], [ 649308.180034586926922, 5588510.111570217646658 ], [ 649417.235528299002908, 5588345.299675290472806 ], [ 649597.771291527198628, 5588352.661067667417228 ] ] ] } },
{ "type": "Feature", "properties": { "h3_index": "89ce8c0d497ffff", "id": 165, "m_osm": null, "total_ciclo_km": null, "phanto_ciclo_km": null, "valdchil_osm_full_network_component": null, "valdchil_osm_full_network_comp_intersect": null, "valdchil_osm_full_network_comp_total": null }, "geometry": { "type": "Polygon", "coordinates": [ [ [ 652331.618145041866228, 5590663.896301874890924 ], [ 652403.048440367216244, 5590835.99677546415478 ], [ 652294.029041730100289, 5591000.767287199385464 ], [ 652113.576393264578655, 5590993.440711781382561 ], [ 652042.142104706726968, 5590821.339418538846076 ], [ 652151.164457975653931, 5590656.565520345233381 ], [ 652331.618145041866228, 5590663.896301874890924 ] ] ] } },
{ "type": "Feature", "properties": { "h3_index": "89ce8c0c663ffff", "id": 169, "m_osm": null, "total_ciclo_km": null, "phanto_ciclo_km": null, "valdchil_osm_full_network_component": null, "valdchil_osm_full_network_comp_intersect": null, "valdchil_osm_full_network_comp_total": null }, "geometry": { "type": "Polygon", "coordinates": [ [ [ 649146.905334267299622, 5592396.014452805742621 ], [ 649218.379577378975227, 5592568.123929782770574 ], [ 649109.334526580059901, 5592732.923326778225601 ], [ 648928.812277608783916, 5592725.6166369644925 ], [ 648857.334036824526265, 5592553.506342895328999 ], [ 648966.382042813114822, 5592388.703555706888437 ], [ 649146.905334267299622, 5592396.014452805742621 ] ] ] } },
{ "type": "Feature", "properties": { "h3_index": "89ce8c05033ffff", "id": 171, "m_osm": null, "total_ciclo_km": null, "phanto_ciclo_km": null, "valdchil_osm_full_network_component": null, "valdchil_osm_full_network_comp_intersect": null, "valdchil_osm_full_network_comp_total": null }, "geometry": { "type": "Polygon", "coordinates": [ [ [ 639562.549660440301523, 5585572.061623816378415 ], [ 639634.191469027660787, 5585744.391135685145855 ], [ 639525.033932231133804, 5585909.319272361695766 ], [ 639344.231621572980657, 5585901.921282596886158 ], [ 639272.585810241638683, 5585729.590941001661122 ], [ 639381.746312439907342, 5585564.659418875351548 ], [ 639562.549660440301523, 5585572.061623816378415 ] ] ] } },
{ "type": "Feature", "properties": { "h3_index": "89ce8c05ebbffff", "id": 180, "m_osm": null, "total_ciclo_km": null, "phanto_ciclo_km": null, "valdchil_osm_full_network_component": null, "valdchil_osm_full_network_comp_intersect": null, "valdchil_osm_full_network_comp_total": null }, "geometry": { "type": "Polygon", "coordinates": [ [ [ 637345.103162088547833, 5588361.2126235216856 ], [ 637416.770992421428673, 5588533.523098602890968 ], [ 637307.600353711284697, 5588698.465935544110835 ], [ 637126.758920144289732, 5588691.101687539368868 ], [ 637055.087082886951976, 5588518.790387189947069 ], [ 637164.260686250869185, 5588353.84416008926928 ], [ 637345.103162088547833, 5588361.2126235216856 ] ] ] } },
{ "type": "Feature", "properties": { "h3_index": "89ce8c08d33ffff", "id": 182, "m_osm": null, "total_ciclo_km": null, "phanto_ciclo_km": null, "valdchil_osm_full_network_component": null, "valdchil_osm_full_network_comp_intersect": null, "valdchil_osm_full_network_comp_total": null }, "geometry": { "type": "Polygon", "coordinates": [ [ [ 654470.511003007180989, 5588551.343782325275242 ], [ 654541.9146201381227, 5588723.453392887488008 ], [ 654432.909738517715596, 5588888.20778167899698 ], [ 654252.498284964123741, 5588880.855942576192319 ], [ 654181.090678233304061, 5588708.745509039610624 ], [ 654290.098514783079736, 5588543.98773755505681 ], [ 654470.511003007180989, 5588551.343782325275242 ] ] ] } },
{ "type": "Feature", "properties": { "h3_index": "89ce8c0d073ffff", "id": 189, "m_osm": null, "total_ciclo_km": null, "phanto_ciclo_km": null, "valdchil_osm_full_network_component": null, "valdchil_osm_full_network_comp_intersect": null, "valdchil_osm_full_network_comp_total": null }, "geometry": { "type": "Polygon", "coordinates": [ [ [ 652711.286835315986536, 5594570.335023561492562 ], [ 652782.699685181840323, 5594742.368437617085874 ], [ 652673.695355963078327, 5594907.121129947714508 ], [ 652493.275225353543647, 5594899.843799661844969 ], [ 652421.858379959594458, 5594727.809572590515018 ], [ 652530.865660833427683, 5594563.053488798439503 ], [ 652711.286835315986536, 5594570.335023561492562 ] ] ] } },
{ "type": "Feature", "properties": { "h3_index": "89ce8c0d5cbffff", "id": 202, "m_osm": null, "total_ciclo_km": null, "phanto_ciclo_km": null, "valdchil_osm_full_network_component": null, "valdchil_osm_full_network_comp_intersect": null, "valdchil_osm_full_network_comp_total": null }, "geometry": { "type": "Polygon", "coordinates": [ [ [ 651602.315471742302179, 5592326.264101241715252 ], [ 651673.752078294055536, 5592498.346340700052679 ], [ 651564.730496056494303, 5592663.119054598733783 ], [ 651384.269353532232344, 5592655.812918002717197 ], [ 651312.828751859022304, 5592483.729861615225673 ], [ 651421.853287962381728, 5592318.953758727759123 ], [ 651602.315471742302179, 5592326.264101241715252 ] ] ] } },
{ "type": "Feature", "properties": { "h3_index": "89ce8c0f103ffff", "id": 214, "m_osm": null, "total_ciclo_km": null, "phanto_ciclo_km": null, "valdchil_osm_full_network_component": null, "valdchil_osm_full_network_comp_intersect": null, "valdchil_osm_full_network_comp_total": null }, "geometry": { "type": "Polygon", "coordinates": [ [ [ 649233.036952602327801, 5589184.067939873784781 ], [ 649304.519349763868377, 5589356.22791597340256 ], [ 649195.465722511056811, 5589521.037546412087977 ], [ 649014.926740805618465, 5589513.690586615353823 ], [ 648943.440348264528438, 5589341.529788005165756 ], [ 649052.496932934969664, 5589176.716771676205099 ], [ 649233.036952602327801, 5589184.067939873784781 ] ] ] } },
{ "type": "Feature", "properties": { "h3_index": "89ce8c0f5abffff", "id": 218, "m_osm": null, "total_ciclo_km": null, "phanto_ciclo_km": null, "valdchil_osm_full_network_component": null, "valdchil_osm_full_network_comp_intersect": null, "valdchil_osm_full_network_comp_total": null }, "geometry": { "type": "Polygon", "coordinates": [ [ [ 648954.385836987639777, 5586802.978162034414709 ], [ 649025.879540141671896, 5586975.179478448815644 ], [ 648916.816265894332901, 5587140.000395654700696 ], [ 648736.256329358788207, 5587132.623379275202751 ], [ 648664.758632182376459, 5586960.421236296184361 ], [ 648773.824865689617582, 5586795.596936237066984 ], [ 648954.385836987639777, 5586802.978162034414709 ] ] ] } },
{ "type": "Feature", "properties": { "h3_index": "89ce8c0d437ffff", "id": 221, "m_osm": null, "total_ciclo_km": null, "phanto_ciclo_km": null, "valdchil_osm_full_network_component": null, "valdchil_osm_full_network_comp_intersect": null, "valdchil_osm_full_network_comp_total": null }, "geometry": { "type": "Polygon", "coordinates": [ [ [ 651891.793532826704904, 5592168.802773430012167 ], [ 651963.226144659449346, 5592340.884195725433528 ], [ 651854.206894235685468, 5592505.654285047203302 ], [ 651673.752078294055536, 5592498.346340700052679 ], [ 651602.315471742302179, 5592326.264101241715252 ], [ 651711.337675980874337, 5592161.49062327016145 ], [ 651891.793532826704904, 5592168.802773430012167 ] ] ] } },
{ "type": "Feature", "properties": { "h3_index": "89ce8c0f1c3ffff", "id": 224, "m_osm": null, "total_ciclo_km": null, "phanto_ciclo_km": null, "valdchil_osm_full_network_component": null, "valdchil_osm_full_network_comp_intersect": null, "valdchil_osm_full_network_comp_total": null }, "geometry": { "type": "Polygon", "coordinates": [ [ [ 649849.778920420911163, 5588532.189137410372496 ], [ 649921.253743759472854, 5588704.352430358529091 ], [ 649812.20416538673453, 5588869.157555911689997 ], [ 649631.676806269097142, 5588861.802773242816329 ], [ 649560.197988627944142, 5588689.638656757771969 ], [ 649669.250524536822923, 5588524.830146455205977 ], [ 649849.778920420911163, 5588532.189137410372496 ] ] ] } },
{ "type": "Feature", "properties": { "h3_index": "89ce8c05c6bffff", "id": 228, "m_osm": null, "total_ciclo_km": null, "phanto_ciclo_km": null, "valdchil_osm_full_network_component": null, "valdchil_osm_full_network_comp_intersect": null, "valdchil_osm_full_network_comp_total": null }, "geometry": { "type": "Polygon", "coordinates": [ [ [ 636512.526959775714204, 5588496.689831285737455 ], [ 636584.207212639506906, 5588669.007752819918096 ], [ 636475.028963083401322, 5588833.959250506013632 ], [ 636294.167495767935179, 5588826.596217345446348 ], [ 636222.48323503753636, 5588654.277470675297081 ], [ 636331.664449618314393, 5588489.322582274675369 ], [ 636512.526959775714204, 5588496.689831285737455 ] ] ] } },
{ "type": "Feature", "properties": { "h3_index": "89ce8c0f0b3ffff", "id": 231, "m_osm": null, "total_ciclo_km": null, "phanto_ciclo_km": null, "valdchil_osm_full_network_component": null, "valdchil_osm_full_network_comp_intersect": null, "valdchil_osm_full_network_comp_total": null }, "geometry": { "type": "Polygon", "coordinates": [ [ [ 650504.071528253611177, 5587543.363253782503307 ], [ 650575.539196477737278, 5587715.534819349646568 ], [ 650466.493052918929607, 5587880.336188871413469 ], [ 650285.976283391006291, 5587872.969375941902399 ], [ 650214.504622211796232, 5587700.796985242515802 ], [ 650323.553723641904071, 5587535.992232579737902 ], [ 650504.071528253611177, 5587543.363253782503307 ] ] ] } },
{ "type": "Feature", "properties": { "h3_index": "89ce8c0d0dbffff", "id": 244, "m_osm": null, "total_ciclo_km": null, "phanto_ciclo_km": null, "valdchil_osm_full_network_component": null, "valdchil_osm_full_network_comp_intersect": null, "valdchil_osm_full_network_comp_total": null }, "geometry": { "type": "Polygon", "coordinates": [ [ [ 653402.903412057901733, 5593245.027055751532316 ], [ 653474.309536807006225, 5593417.073759485036135 ], [ 653365.308003653073683, 5593581.823514303192496 ], [ 653184.897393669001758, 5593574.529954760335386 ], [ 653113.487275005783886, 5593402.4824358522892 ], [ 653222.491760369855911, 5593237.729291641153395 ], [ 653402.903412057901733, 5593245.027055751532316 ] ] ] } },
{ "type": "Feature", "properties": { "h3_index": "89ce8c0f52bffff", "id": 248, "m_osm": null, "total_ciclo_km": null, "phanto_ciclo_km": null, "valdchil_osm_full_network_component": null, "valdchil_osm_full_network_comp_intersect": null, "valdchil_osm_full_network_comp_total": null }, "geometry": { "type": "Polygon", "coordinates": [ [ [ 649131.291310582309961, 5587656.578722294420004 ], [ 649202.779776862822473, 5587828.764333952218294 ], [ 649093.720703517086804, 5587993.580365899018943 ], [ 648913.170205458765849, 5587986.214170075021684 ], [ 648841.677744743879884, 5587814.027733318507671 ], [ 648950.739776650676504, 5587649.208317461423576 ], [ 649131.291310582309961, 5587656.578722294420004 ] ] ] } },
{ "type": "Feature", "properties": { "h3_index": "89ce8c0f5afffff", "id": 251, "m_osm": null, "total_ciclo_km": null, "phanto_ciclo_km": null, "valdchil_osm_full_network_component": null, "valdchil_osm_full_network_comp_intersect": null, "valdchil_osm_full_network_comp_total": null }, "geometry": { "type": "Polygon", "coordinates": [ [ [ 648664.758632182376459, 5586960.421236296184361 ], [ 648736.256329358788207, 5587132.623379275202751 ], [ 648627.190717036020942, 5587297.44692958611995 ], [ 648446.624448345275596, 5587290.071720093488693 ], [ 648375.122756737633608, 5587117.868750786408782 ], [ 648484.191328377928585, 5586953.041817278601229 ], [ 648664.758632182376459, 5586960.421236296184361 ] ] ] } },
{ "type": "Feature", "properties": { "h3_index": "89ce8c0f533ffff", "id": 262, "m_osm": null, "total_ciclo_km": null, "phanto_ciclo_km": null, "valdchil_osm_full_network_component": null, "valdchil_osm_full_network_comp_intersect": null, "valdchil_osm_full_network_comp_total": null }, "geometry": { "type": "Polygon", "coordinates": [ [ [ 648916.816265894332901, 5587140.000395654700696 ], [ 648988.309554986539297, 5587312.19675300642848 ], [ 648879.246901706326753, 5587477.016919998452067 ], [ 648698.688000420341268, 5587469.644112934358418 ], [ 648627.190717036020942, 5587297.44692958611995 ], [ 648736.256329358788207, 5587132.623379275202751 ], [ 648916.816265894332901, 5587140.000395654700696 ] ] ] } },
{ "type": "Feature", "properties": { "h3_index": "89ce8c05ed7ffff", "id": 269, "m_osm": null, "total_ciclo_km": null, "phanto_ciclo_km": null, "valdchil_osm_full_network_component": null, "valdchil_osm_full_network_comp_intersect": null, "valdchil_osm_full_network_comp_total": null }, "geometry": { "type": "Polygon", "coordinates": [ [ [ 638215.099467936437577, 5587888.506004526279867 ], [ 638286.755279915640131, 5588060.814002403989434 ], [ 638177.59161466290243, 5588225.748933598399162 ], [ 637996.769173053093255, 5588218.379256030544639 ], [ 637925.109355360735208, 5588046.070432185195386 ], [ 638034.275985119049437, 5587881.132111853919923 ], [ 638215.099467936437577, 5587888.506004526279867 ] ] ] } },
{ "type": "Feature", "properties": { "h3_index": "89ce8c05c7bffff", "id": 274, "m_osm": null, "total_ciclo_km": null, "phanto_ciclo_km": null, "valdchil_osm_full_network_component": null, "valdchil_osm_full_network_comp_intersect": null, "valdchil_osm_full_network_comp_total": null }, "geometry": { "type": "Polygon", "coordinates": [ [ [ 636550.025198174524121, 5588159.414686399511993 ], [ 636621.705851497477852, 5588331.737578458152711 ], [ 636512.526959775714204, 5588496.689831285737455 ], [ 636331.664449618314393, 5588489.322582274675369 ], [ 636259.979788698605262, 5588316.998864512890577 ], [ 636369.161645662155934, 5588152.043221440166235 ], [ 636550.025198174524121, 5588159.414686399511993 ] ] ] } },
{ "type": "Feature", "properties": { "h3_index": "89ce8c0519bffff", "id": 280, "m_osm": null, "total_ciclo_km": null, "phanto_ciclo_km": null, "valdchil_osm_full_network_component": null, "valdchil_osm_full_network_comp_intersect": null, "valdchil_osm_full_network_comp_total": null }, "geometry": { "type": "Polygon", "coordinates": [ [ [ 638225.167260988149792, 5585347.893453490920365 ], [ 638296.830291501246393, 5585520.242002393119037 ], [ 638187.659196993568912, 5585685.185573229566216 ], [ 638006.822105792816728, 5585677.783980891108513 ], [ 637935.155071329325438, 5585505.434601722285151 ], [ 638044.329132144921459, 5585340.487645138986409 ], [ 638225.167260988149792, 5585347.893453490920365 ] ] ] } },
{ "type": "Feature", "properties": { "h3_index": "89ce8c0c4d3ffff", "id": 284, "m_osm": null, "total_ciclo_km": null, "phanto_ciclo_km": null, "valdchil_osm_full_network_component": null, "valdchil_osm_full_network_comp_intersect": null, "valdchil_osm_full_network_comp_total": null }, "geometry": { "type": "Polygon", "coordinates": [ [ [ 647860.093759669922292, 5589297.430654905736446 ], [ 647931.596965348348022, 5589469.604673421941698 ], [ 647822.530421689967625, 5589634.428966249339283 ], [ 647641.957714370801114, 5589627.082627194933593 ], [ 647570.450511835282668, 5589454.907786201685667 ], [ 647679.520013601751998, 5589290.080106716603041 ], [ 647860.093759669922292, 5589297.430654905736446 ] ] ] } },
{ "type": "Feature", "properties": { "h3_index": "89ce8c051d7ffff", "id": 293, "m_osm": null, "total_ciclo_km": null, "phanto_ciclo_km": null, "valdchil_osm_full_network_component": null, "valdchil_osm_full_network_comp_intersect": null, "valdchil_osm_full_network_comp_total": null }, "geometry": { "type": "Polygon", "coordinates": [ [ [ 638477.661049047135748, 5585527.645403613336384 ], [ 638549.319674440426752, 5585699.988159837201238 ], [ 638440.151545972563326, 5585864.928344796411693 ], [ 638259.321826203959063, 5585857.52915938384831 ], [ 638187.659196993568912, 5585685.185573229566216 ], [ 638296.830291501246393, 5585520.242002393119037 ], [ 638477.661049047135748, 5585527.645403613336384 ] ] ] } },
{ "type": "Feature", "properties": { "h3_index": "89ce8c0f35bffff", "id": 303, "m_osm": null, "total_ciclo_km": null, "phanto_ciclo_km": null, "valdchil_osm_full_network_component": null, "valdchil_osm_full_network_comp_intersect": null, "valdchil_osm_full_network_comp_total": null }, "geometry": { "type": "Polygon", "coordinates": [ [ [ 652079.729750441969372, 5590484.459261417388916 ], [ 652151.164457975653931, 5590656.565520345233381 ], [ 652042.142104706726968, 5590821.339418538846076 ], [ 651861.682089125271887, 5590814.010444113984704 ], [ 651790.243388220085762, 5590641.903365201316774 ], [ 651899.268696396495216, 5590477.126080674119294 ], [ 652079.729750441969372, 5590484.459261417388916 ] ] ] } },
{ "type": "Feature", "properties": { "h3_index": "89ce8c0d093ffff", "id": 320, "m_osm": null, "total_ciclo_km": null, "phanto_ciclo_km": null, "valdchil_osm_full_network_component": null, "valdchil_osm_full_network_comp_intersect": null, "valdchil_osm_full_network_comp_total": null }, "geometry": { "type": "Polygon", "coordinates": [ [ [ 652357.954393384279683, 5592864.410098185762763 ], [ 652429.377756969537586, 5593036.474977023899555 ], [ 652320.365034724120051, 5593201.23752321023494 ], [ 652139.925995959201828, 5593193.938579894602299 ], [ 652068.498637656448409, 5593021.872885120101273 ], [ 652177.514312964398414, 5592857.106949574314058 ], [ 652357.954393384279683, 5592864.410098185762763 ] ] ] } },
{ "type": "Feature", "properties": { "h3_index": "89ce8c0c66fffff", "id": 322, "m_osm": null, "total_ciclo_km": null, "phanto_ciclo_km": null, "valdchil_osm_full_network_component": null, "valdchil_osm_full_network_comp_intersect": null, "valdchil_osm_full_network_comp_total": null }, "geometry": { "type": "Polygon", "coordinates": [ [ [ 649109.334526580059901, 5592732.923326778225601 ], [ 649180.808353330590762, 5592905.027831604704261 ], [ 649071.763928923523054, 5593069.826463171280921 ], [ 648891.242722924798727, 5593062.523980539292097 ], [ 648819.764898231369443, 5592890.418659185059369 ], [ 648928.812277608783916, 5592725.6166369644925 ], [ 649109.334526580059901, 5592732.923326778225601 ] ] ] } },
{ "type": "Feature", "properties": { "h3_index": "89ce8c0d0a3ffff", "id": 334, "m_osm": null, "total_ciclo_km": null, "phanto_ciclo_km": null, "valdchil_osm_full_network_component": null, "valdchil_osm_full_network_comp_intersect": null, "valdchil_osm_full_network_comp_total": null }, "geometry": { "type": "Polygon", "coordinates": [ [ [ 651703.862367085646838, 5593853.002970877103508 ], [ 651775.292881165980361, 5594025.059536047279835 ], [ 651666.276743714697659, 5594189.825793473049998 ], [ 651485.827139587141573, 5594182.53887667413801 ], [ 651414.392629442503676, 5594010.481497163884342 ], [ 651523.411719621275552, 5593845.711848770268261 ], [ 651703.862367085646838, 5593853.002970877103508 ] ] ] } },
{ "type": "Feature", "properties": { "h3_index": "89ce8c0f6b7ffff", "id": 349, "m_osm": null, "total_ciclo_km": null, "phanto_ciclo_km": null, "valdchil_osm_full_network_component": null, "valdchil_osm_full_network_comp_intersect": null, "valdchil_osm_full_network_comp_total": null }, "geometry": { "type": "Polygon", "coordinates": [ [ [ 652241.290848828502931, 5586598.854073700495064 ], [ 652312.73456780356355, 5586771.020683597773314 ], [ 652203.702466629212722, 5586935.806261462159455 ], [ 652023.223689046571963, 5586928.428610513918102 ], [ 651951.775979537400417, 5586756.261174092069268 ], [ 652060.811038275482133, 5586591.472215123474598 ], [ 652241.290848828502931, 5586598.854073700495064 ] ] ] } },
{ "type": "Feature", "properties": { "h3_index": "89ce8c0f5a3ffff", "id": 352, "m_osm": null, "total_ciclo_km": null, "phanto_ciclo_km": null, "valdchil_osm_full_network_component": null, "valdchil_osm_full_network_comp_intersect": null, "valdchil_osm_full_network_comp_total": null }, "geometry": { "type": "Polygon", "coordinates": [ [ [ 648702.326754800742492, 5586623.389834453351796 ], [ 648773.824865689617582, 5586795.596936237066984 ], [ 648664.758632182376459, 5586960.421236296184361 ], [ 648484.191328377928585, 5586953.041817278601229 ], [ 648412.689223328605294, 5586780.833888601511717 ], [ 648521.758416371187195, 5586616.006205812096596 ], [ 648702.326754800742492, 5586623.389834453351796 ] ] ] } },
{ "type": "Feature", "properties": { "h3_index": "89ce8c0d5a3ffff", "id": 354, "m_osm": null, "total_ciclo_km": null, "phanto_ciclo_km": null, "valdchil_osm_full_network_component": null, "valdchil_osm_full_network_comp_intersect": null, "valdchil_osm_full_network_comp_total": null }, "geometry": { "type": "Polygon", "coordinates": [ [ [ 649940.415876578073949, 5592597.356741431169212 ], [ 650011.877294663456269, 5592769.453823996707797 ], [ 649902.840482491184957, 5592934.243815580382943 ], [ 649722.339297760045156, 5592926.940114674158394 ], [ 649650.87388267274946, 5592754.842215447686613 ], [ 649759.913649448542856, 5592590.048833765089512 ], [ 649940.415876578073949, 5592597.356741431169212 ] ] ] } },
{ "type": "Feature", "properties": { "h3_index": "89ce8c0518fffff", "id": 359, "m_osm": null, "total_ciclo_km": null, "phanto_ciclo_km": null, "valdchil_osm_full_network_component": null, "valdchil_osm_full_network_comp_intersect": null, "valdchil_osm_full_network_comp_total": null }, "geometry": { "type": "Polygon", "coordinates": [ [ [ 637897.64868179964833, 5585842.730190644972026 ], [ 637969.315315227722749, 5586015.074606497772038 ], [ 637860.142528463271447, 5586180.02006849553436 ], [ 637679.300142258172855, 5586172.62450117431581 ], [ 637607.629504205309786, 5586000.279255854897201 ], [ 637716.805257110390812, 5585835.330407300032675 ], [ 637897.64868179964833, 5585842.730190644972026 ] ] ] } },
{ "type": "Feature", "properties": { "h3_index": "89ce8c0d4c7ffff", "id": 364, "m_osm": null, "total_ciclo_km": null, "phanto_ciclo_km": null, "valdchil_osm_full_network_component": null, "valdchil_osm_full_network_comp_intersect": null, "valdchil_osm_full_network_comp_total": null }, "geometry": { "type": "Polygon", "coordinates": [ [ [ 653087.2126533157425, 5591202.158318242058158 ], [ 653158.629710696171969, 5591374.24143626820296 ], [ 653049.619174356339499, 5591539.001787884160876 ], [ 652869.188626938615926, 5591531.682408281601965 ], [ 652797.767576723825186, 5591359.598471597768366 ], [ 652906.78106689278502, 5591194.834733149968088 ], [ 653087.2126533157425, 5591202.158318242058158 ] ] ] } },
{ "type": "Feature", "properties": { "h3_index": "89ce8c0f22fffff", "id": 365, "m_osm": null, "total_ciclo_km": null, "phanto_ciclo_km": null, "valdchil_osm_full_network_component": null, "valdchil_osm_full_network_comp_intersect": null, "valdchil_osm_full_network_comp_total": null }, "geometry": { "type": "Polygon", "coordinates": [ [ [ 652369.207448245026171, 5590327.019591954536736 ], [ 652440.638162815477699, 5590499.125030664727092 ], [ 652331.618145041866228, 5590663.896301874890924 ], [ 652151.164457975653931, 5590656.565520345233381 ], [ 652079.729750441969372, 5590484.459261417388916 ], [ 652188.752723066485487, 5590319.684604211710393 ], [ 652369.207448245026171, 5590327.019591954536736 ] ] ] } },
{ "type": "Feature", "properties": { "h3_index": "89ce8c0f1c7ffff", "id": 392, "m_osm": null, "total_ciclo_km": null, "phanto_ciclo_km": null, "valdchil_osm_full_network_component": null, "valdchil_osm_full_network_comp_intersect": null, "valdchil_osm_full_network_comp_total": null }, "geometry": { "type": "Polygon", "coordinates": [ [ [ 649560.197988627944142, 5588689.638656757771969 ], [ 649631.676806269097142, 5588861.802773242816329 ], [ 649522.624891891260631, 5589026.610529175028205 ], [ 649342.091202415060252, 5589019.257553683593869 ], [ 649270.608390066889115, 5588847.092613894492388 ], [ 649379.6632620326709, 5588682.281472874805331 ], [ 649560.197988627944142, 5588689.638656757771969 ] ] ] } },
{ "type": "Feature", "properties": { "h3_index": "89ce8c0f1bbffff", "id": 398, "m_osm": null, "total_ciclo_km": null, "phanto_ciclo_km": null, "valdchil_osm_full_network_component": null, "valdchil_osm_full_network_comp_intersect": null, "valdchil_osm_full_network_comp_total": null }, "geometry": { "type": "Polygon", "coordinates": [ [ [ 648728.971520438906737, 5588825.025889717973769 ], [ 648800.462737967260182, 5588997.197439416311681 ], [ 648691.403195606777444, 5589162.013841512612998 ], [ 648510.849477890296839, 5589154.662079530768096 ], [ 648439.354264713940211, 5588982.4897066578269 ], [ 648548.416765029891394, 5588817.669918918982148 ], [ 648728.971520438906737, 5588825.025889717973769 ] ] ] } },
{ "type": "Feature", "properties": { "h3_index": "89ce8c0f107ffff", "id": 404, "m_osm": null, "total_ciclo_km": null, "phanto_ciclo_km": null, "valdchil_osm_full_network_component": null, "valdchil_osm_full_network_comp_intersect": null, "valdchil_osm_full_network_comp_total": null }, "geometry": { "type": "Polygon", "coordinates": [ [ [ 648943.440348264528438, 5589341.529788005165756 ], [ 649014.926740805618465, 5589513.690586615353823 ], [ 648905.870779314078391, 5589678.502846735529602 ], [ 648725.325467939139344, 5589671.157694450579584 ], [ 648653.835079615120776, 5589498.996073566377163 ], [ 648762.893998576677404, 5589334.180427215062082 ], [ 648943.440348264528438, 5589341.529788005165756 ] ] ] } },
{ "type": "Feature", "properties": { "h3_index": "89ce8c0f16fffff", "id": 405, "m_osm": null, "total_ciclo_km": null, "phanto_ciclo_km": null, "valdchil_osm_full_network_component": null, "valdchil_osm_full_network_comp_intersect": null, "valdchil_osm_full_network_comp_total": null }, "geometry": { "type": "Polygon", "coordinates": [ [ [ 649372.334572985884733, 5590374.440817234106362 ], [ 649443.811312533449382, 5590546.58010989241302 ], [ 649334.762511883629486, 5590711.384080133400857 ], [ 649154.234015322756022, 5590704.052145101130009 ], [ 649082.753279717871919, 5590531.91203196067363 ], [ 649191.80503686517477, 5590367.104674312286079 ], [ 649372.334572985884733, 5590374.440817234106362 ] ] ] } },
{ "type": "Feature", "properties": { "h3_index": "89ce8c0d5cfffff", "id": 410, "m_osm": null, "total_ciclo_km": null, "phanto_ciclo_km": null, "valdchil_osm_full_network_component": null, "valdchil_osm_full_network_comp_intersect": null, "valdchil_osm_full_network_comp_total": null }, "geometry": { "type": "Polygon", "coordinates": [ [ [ 651312.828751859022304, 5592483.729861615225673 ], [ 651384.269353532232344, 5592655.812918002717197 ], [ 651275.24544005386997, 5592820.588256359100342 ], [ 651094.77797111554537, 5592813.283927629701793 ], [ 651023.333373919595033, 5592641.200054543092847 ], [ 651132.36024131346494, 5592476.421326859854162 ], [ 651312.828751859022304, 5592483.729861615225673 ] ] ] } },
{ "type": "Feature", "properties": { "h3_index": "89ce8c058cfffff", "id": 414, "m_osm": null, "total_ciclo_km": null, "phanto_ciclo_km": null, "valdchil_osm_full_network_component": null, "valdchil_osm_full_network_comp_intersect": null, "valdchil_osm_full_network_comp_total": null }, "geometry": { "type": "Polygon", "coordinates": [ [ [ 636400.033696096623316, 5589508.480904964730144 ], [ 636471.712747075827792, 5589680.783909988589585 ], [ 636362.536426445003599, 5589845.733136707916856 ], [ 636181.678090602974407, 5589838.382750490680337 ], [ 636109.995030945981853, 5589666.078922030515969 ], [ 636219.174315939890221, 5589501.126303200609982 ], [ 636400.033696096623316, 5589508.480904964730144 ] ] ] } },
{ "type": "Feature", "properties": { "h3_index": "89ce8c08db3ffff", "id": 415, "m_osm": null, "total_ciclo_km": null, "phanto_ciclo_km": null, "valdchil_osm_full_network_component": null, "valdchil_osm_full_network_comp_intersect": null, "valdchil_osm_full_network_comp_total": null }, "geometry": { "type": "Polygon", "coordinates": [ [ [ 654293.890685236896388, 5587698.10888340510428 ], [ 654365.299553584191017, 5587870.234192300587893 ], [ 654256.290489874896593, 5588034.99346895236522 ], [ 654075.869602318271063, 5588027.630818325094879 ], [ 654004.456744777038693, 5587855.504684993997216 ], [ 654113.468764118151739, 5587690.742026703432202 ], [ 654293.890685236896388, 5587698.10888340510428 ] ] ] } },
{ "type": "Feature", "properties": { "h3_index": "89ce8c0d493ffff", "id": 418, "m_osm": null, "total_ciclo_km": null, "phanto_ciclo_km": null, "valdchil_osm_full_network_component": null, "valdchil_osm_full_network_comp_intersect": null, "valdchil_osm_full_network_comp_total": null }, "geometry": { "type": "Polygon", "coordinates": [ [ [ 652621.08552119799424, 5590506.457619185559452 ], [ 652692.511823687586002, 5590678.557272889651358 ], [ 652583.494760500499979, 5590843.325157983228564 ], [ 652403.048440367216244, 5590835.99677546415478 ], [ 652331.618145041866228, 5590663.896301874890924 ], [ 652440.638162815477699, 5590499.125030664727092 ], [ 652621.08552119799424, 5590506.457619185559452 ] ] ] } },
{ "type": "Feature", "properties": { "h3_index": "89ce8c0f5bbffff", "id": 427, "m_osm": null, "total_ciclo_km": null, "phanto_ciclo_km": null, "valdchil_osm_full_network_component": null, "valdchil_osm_full_network_comp_intersect": null, "valdchil_osm_full_network_comp_total": null }, "geometry": { "type": "Polygon", "coordinates": [ [ [ 648991.955614659003913, 5586465.950220883823931 ], [ 649063.449731794302352, 5586638.156495543196797 ], [ 648954.385836987639777, 5586802.978162034414709 ], [ 648773.824865689617582, 5586795.596936237066984 ], [ 648702.326754800742492, 5586623.389834453351796 ], [ 648811.39360909035895, 5586458.564785569906235 ], [ 648991.955614659003913, 5586465.950220883823931 ] ] ] } },
{ "type": "Feature", "properties": { "h3_index": "89ce8c0c637ffff", "id": 430, "m_osm": null, "total_ciclo_km": null, "phanto_ciclo_km": null, "valdchil_osm_full_network_component": null, "valdchil_osm_full_network_comp_intersect": null, "valdchil_osm_full_network_comp_total": null }, "geometry": { "type": "Polygon", "coordinates": [ [ [ 648101.261870463495143, 5592015.206260669976473 ], [ 648172.753352051367983, 5592187.33392293471843 ], [ 648063.697106145089492, 5592352.146116369403899 ], [ 647883.146422740770504, 5592344.834037675522268 ], [ 647811.650942676351406, 5592172.705557554960251 ], [ 647920.710144625860266, 5592007.889973962679505 ], [ 648101.261870463495143, 5592015.206260669976473 ] ] ] } },
{ "type": "Feature", "properties": { "h3_index": "89ce8c0d51bffff", "id": 432, "m_osm": null, "total_ciclo_km": null, "phanto_ciclo_km": null, "valdchil_osm_full_network_component": null, "valdchil_osm_full_network_comp_intersect": null, "valdchil_osm_full_network_comp_total": null }, "geometry": { "type": "Polygon", "coordinates": [ [ [ 651023.333373919595033, 5592641.200054543092847 ], [ 651094.77797111554537, 5592813.283927629701793 ], [ 650985.751726969727315, 5592978.061890324577689 ], [ 650805.277931786025874, 5592970.759369575418532 ], [ 650733.829338663374074, 5592798.67468002345413 ], [ 650842.858536774292588, 5592633.893327662721276 ], [ 651023.333373919595033, 5592641.200054543092847 ] ] ] } },
{ "type": "Feature", "properties": { "h3_index": "89ce8c0f36fffff", "id": 433, "m_osm": null, "total_ciclo_km": null, "phanto_ciclo_km": null, "valdchil_osm_full_network_component": null, "valdchil_osm_full_network_comp_intersect": null, "valdchil_osm_full_network_comp_total": null }, "geometry": { "type": "Polygon", "coordinates": [ [ [ 651136.079541988205165, 5591630.580140267498791 ], [ 651207.525394426193088, 5591802.67892287299037 ], [ 651098.497281752061099, 5591967.459177772514522 ], [ 650918.020362147595733, 5591960.144038321450353 ], [ 650846.570514588616788, 5591788.0444375583902 ], [ 650955.601581884082407, 5591623.260794379748404 ], [ 651136.079541988205165, 5591630.580140267498791 ] ] ] } },
{ "type": "Feature", "properties": { "h3_index": "89ce8c0f10bffff", "id": 434, "m_osm": null, "total_ciclo_km": null, "phanto_ciclo_km": null, "valdchil_osm_full_network_component": null, "valdchil_osm_full_network_comp_intersect": null, "valdchil_osm_full_network_comp_total": null }, "geometry": { "type": "Polygon", "coordinates": [ [ [ 649485.052001634263434, 5589363.576683172024786 ], [ 649556.529988284572028, 5589535.730872591026127 ], [ 649447.47931818140205, 5589700.537117010913789 ], [ 649266.94770440692082, 5589693.192558006383479 ], [ 649195.465722511056811, 5589521.037546412087977 ], [ 649304.519349763868377, 5589356.22791597340256 ], [ 649485.052001634263434, 5589363.576683172024786 ] ] ] } },
{ "type": "Feature", "properties": { "h3_index": "89ce8c05e8bffff", "id": 440, "m_osm": null, "total_ciclo_km": null, "phanto_ciclo_km": null, "valdchil_osm_full_network_component": null, "valdchil_osm_full_network_comp_intersect": null, "valdchil_osm_full_network_comp_total": null }, "geometry": { "type": "Polygon", "coordinates": [ [ [ 637925.109355360735208, 5588046.070432185195386 ], [ 637996.769173053093255, 5588218.379256030544639 ], [ 637887.603182740160264, 5588383.316822592169046 ], [ 637706.77441030589398, 5588375.94895476475358 ], [ 637635.110586495953612, 5588203.639305185526609 ], [ 637744.279541363241151, 5588038.698349144309759 ], [ 637925.109355360735208, 5588046.070432185195386 ] ] ] } },
{ "type": "Feature", "properties": { "h3_index": "89ce8c0d5c3ffff", "id": 441, "m_osm": null, "total_ciclo_km": null, "phanto_ciclo_km": null, "valdchil_osm_full_network_component": null, "valdchil_osm_full_network_comp_intersect": null, "valdchil_osm_full_network_comp_total": null }, "geometry": { "type": "Polygon", "coordinates": [ [ [ 651350.41226752451621, 5592146.865732243284583 ], [ 651421.853287962381728, 5592318.953758727759123 ], [ 651312.828751859022304, 5592483.729861615225673 ], [ 651132.36024131346494, 5592476.421326859854162 ], [ 651060.91522562073078, 5592304.332483112812042 ], [ 651169.942715858342126, 5592139.552991359494627 ], [ 651350.41226752451621, 5592146.865732243284583 ] ] ] } },
{ "type": "Feature", "properties": { "h3_index": "89ce8c0d54bffff", "id": 449, "m_osm": null, "total_ciclo_km": null, "phanto_ciclo_km": null, "valdchil_osm_full_network_component": null, "valdchil_osm_full_network_comp_intersect": null, "valdchil_osm_full_network_comp_total": null }, "geometry": { "type": "Polygon", "coordinates": [ [ [ 651779.034224573988467, 5593179.340103571303189 ], [ 651850.465577999246307, 5593351.406614048406482 ], [ 651741.448194147204049, 5593516.174406995996833 ], [ 651560.996503831935115, 5593508.879079481586814 ], [ 651489.561154879978858, 5593336.811753534711897 ], [ 651598.581491895020008, 5593172.040570546872914 ], [ 651779.034224573988467, 5593179.340103571303189 ] ] ] } },
{ "type": "Feature", "properties": { "h3_index": "89ce8c0510fffff", "id": 450, "m_osm": null, "total_ciclo_km": null, "phanto_ciclo_km": null, "valdchil_osm_full_network_component": null, "valdchil_osm_full_network_comp_intersect": null, "valdchil_osm_full_network_comp_total": null }, "geometry": { "type": "Polygon", "coordinates": [ [ [ 638075.136418086942285, 5586697.027665175497532 ], [ 638146.797842867556028, 5586869.356358141638339 ], [ 638037.629297211999074, 5587034.296934239566326 ], [ 637856.796361470711417, 5587026.912204957567155 ], [ 637785.130931657040492, 5586854.582683989778161 ], [ 637894.302442745538428, 5586689.638720281422138 ], [ 638075.136418086942285, 5586697.027665175497532 ] ] ] } },
{ "type": "Feature", "properties": { "h3_index": "89ce8c0c457ffff", "id": 470, "m_osm": null, "total_ciclo_km": null, "phanto_ciclo_km": null, "valdchil_osm_full_network_component": null, "valdchil_osm_full_network_comp_intersect": null, "valdchil_osm_full_network_comp_total": null }, "geometry": { "type": "Polygon", "coordinates": [ [ [ 647747.404380610096268, 5590308.408418760634959 ], [ 647818.906344791641459, 5590480.567537743598223 ], [ 647709.841678156750277, 5590645.38955644518137 ], [ 647529.272090017795563, 5590638.055844192393124 ], [ 647457.766128165996633, 5590465.895904431119561 ], [ 647566.833752255537547, 5590301.070497676730156 ], [ 647747.404380610096268, 5590308.408418760634959 ] ] ] } },
{ "type": "Feature", "properties": { "h3_index": "89ce8c0d48bffff", "id": 484, "m_osm": null, "total_ciclo_km": null, "phanto_ciclo_km": null, "valdchil_osm_full_network_component": null, "valdchil_osm_full_network_comp_intersect": null, "valdchil_osm_full_network_comp_total": null }, "geometry": { "type": "Polygon", "coordinates": [ [ [ 652835.359596647205763, 5591022.745830012485385 ], [ 652906.78106689278502, 5591194.834733149968088 ], [ 652797.767576723825186, 5591359.598471597768366 ], [ 652617.329662339529023, 5591352.276693589054048 ], [ 652545.904199126642197, 5591180.18697146140039 ], [ 652654.920643392717466, 5591015.419846307486296 ], [ 652835.359596647205763, 5591022.745830012485385 ] ] ] } },
{ "type": "Feature", "properties": { "h3_index": "89ce8c0f0b7ffff", "id": 485, "m_osm": null, "total_ciclo_km": null, "phanto_ciclo_km": null, "valdchil_osm_full_network_component": null, "valdchil_osm_full_network_comp_intersect": null, "valdchil_osm_full_network_comp_total": null }, "geometry": { "type": "Polygon", "coordinates": [ [ [ 650214.504622211796232, 5587700.796985242515802 ], [ 650285.976283391006291, 5587872.969375941902399 ], [ 650176.927801432670094, 5588037.773376990109682 ], [ 649996.404700503335334, 5588030.408370797522366 ], [ 649924.929045965196565, 5587858.235155198723078 ], [ 650033.980485842796043, 5587693.427770670503378 ], [ 650214.504622211796232, 5587700.796985242515802 ] ] ] } },
{ "type": "Feature", "properties": { "h3_index": "89ce8c0e24bffff", "id": 488, "m_osm": null, "total_ciclo_km": null, "phanto_ciclo_km": null, "valdchil_osm_full_network_component": null, "valdchil_osm_full_network_comp_intersect": null, "valdchil_osm_full_network_comp_total": null }, "geometry": { "type": "Polygon", "coordinates": [ [ [ 648514.488219670136459, 5588308.489740682765841 ], [ 648585.984261177945882, 5588480.672040209174156 ], [ 648476.921137648401782, 5588645.492582308128476 ], [ 648296.359014296904206, 5588638.134209910407662 ], [ 648224.858977279858664, 5588465.951086313463748 ], [ 648333.925059252884239, 5588301.127159161493182 ], [ 648514.488219670136459, 5588308.489740682765841 ] ] ] } },
{ "type": "Feature", "properties": { "h3_index": "89ce8c0f16bffff", "id": 500, "m_osm": null, "total_ciclo_km": null, "phanto_ciclo_km": null, "valdchil_osm_full_network_component": null, "valdchil_osm_full_network_comp_intersect": null, "valdchil_osm_full_network_comp_total": null }, "geometry": { "type": "Polygon", "coordinates": [ [ [ 649661.907204365124926, 5590216.974038541316986 ], [ 649733.379948259214871, 5590389.112510481849313 ], [ 649624.333480501547456, 5590553.913852637633681 ], [ 649443.811312533449382, 5590546.58010989241302 ], [ 649372.334572985884733, 5590374.440817234106362 ], [ 649481.383997190510854, 5590209.636088010855019 ], [ 649661.907204365124926, 5590216.974038541316986 ] ] ] } },
{ "type": "Feature", "properties": { "h3_index": "89ce8c0d0cbffff", "id": 502, "m_osm": null, "total_ciclo_km": null, "phanto_ciclo_km": null, "valdchil_osm_full_network_component": null, "valdchil_osm_full_network_comp_intersect": null, "valdchil_osm_full_network_comp_total": null }, "geometry": { "type": "Polygon", "coordinates": [ [ [ 653365.308003653073683, 5593581.823514303192496 ], [ 653436.713706908398308, 5593753.865246716886759 ], [ 653327.712794232764281, 5593918.614234223030508 ], [ 653147.303226440679282, 5593911.324879144318402 ], [ 653075.893529004300945, 5593739.282332119531929 ], [ 653184.897393669001758, 5593574.529954760335386 ], [ 653365.308003653073683, 5593581.823514303192496 ] ] ] } },
{ "type": "Feature", "properties": { "h3_index": "89ce8c0e27bffff", "id": 506, "m_osm": null, "total_ciclo_km": null, "phanto_ciclo_km": null, "valdchil_osm_full_network_component": null, "valdchil_osm_full_network_comp_intersect": null, "valdchil_osm_full_network_comp_total": null }, "geometry": { "type": "Polygon", "coordinates": [ [ [ 647935.221068898332305, 5588623.416870763525367 ], [ 648006.72510182869155, 5588795.600818198174238 ], [ 647897.657308846712112, 5588960.426622495986521 ], [ 647717.08252451790031, 5588953.071865069679916 ], [ 647645.574495269567706, 5588780.887094032019377 ], [ 647754.64524679700844, 5588616.057904001325369 ], [ 647935.221068898332305, 5588623.416870763525367 ] ] ] } },
{ "type": "Feature", "properties": { "h3_index": "89ce8c0f37bffff", "id": 516, "m_osm": null, "total_ciclo_km": null, "phanto_ciclo_km": null, "valdchil_osm_full_network_component": null, "valdchil_osm_full_network_comp_intersect": null, "valdchil_osm_full_network_comp_total": null }, "geometry": { "type": "Polygon", "coordinates": [ [ [ 651463.16403444961179, 5591136.238953772000968 ], [ 651534.60631069005467, 5591308.34188562259078 ], [ 651425.579909142921679, 5591473.120276580564678 ], [ 651245.108276696526445, 5591465.799123138189316 ], [ 651173.662006007740274, 5591293.695372332818806 ], [ 651282.691362342564389, 5591128.913593901321292 ], [ 651463.16403444961179, 5591136.238953772000968 ] ] ] } },
{ "type": "Feature", "properties": { "h3_index": "89ce8c0d59bffff", "id": 521, "m_osm": null, "total_ciclo_km": null, "phanto_ciclo_km": null, "valdchil_osm_full_network_component": null, "valdchil_osm_full_network_comp_intersect": null, "valdchil_osm_full_network_comp_total": null }, "geometry": { "type": "Polygon", "coordinates": [ [ [ 650846.570514588616788, 5591788.0444375583902 ], [ 650918.020362147595733, 5591960.144038321450353 ], [ 650808.989917508559301, 5592124.926918816752732 ], [ 650628.506670768954791, 5592117.613587142899632 ], [ 650557.052827687934041, 5591945.513168452307582 ], [ 650666.086226997664198, 5591780.726899340748787 ], [ 650846.570514588616788, 5591788.0444375583902 ] ] ] } },
{ "type": "Feature", "properties": { "h3_index": "89ce8c0c623ffff", "id": 522, "m_osm": 2737.5329926374739, "total_ciclo_km": null, "phanto_ciclo_km": null, "valdchil_osm_full_network_component": 1, "valdchil_osm_full_network_comp_intersect": 2737.5329926374734, "valdchil_osm_full_network_comp_total": 761655.25169693318 }, "geometry": { "type": "Polygon", "coordinates": [ [ [ 648353.297708597267047, 5592194.647810117341578 ], [ 648424.784776799380779, 5592366.76968290656805 ], [ 648315.731486673234031, 5592531.57848605979234 ], [ 648135.188172695576213, 5592524.268806681036949 ], [ 648063.697106145089492, 5592352.146116369403899 ], [ 648172.753352051367983, 5592187.33392293471843 ], [ 648353.297708597267047, 5592194.647810117341578 ] ] ] } },
{ "type": "Feature", "properties": { "h3_index": "89ce8c0f6cfffff", "id": 523, "m_osm": 939.99752099120599, "total_ciclo_km": null, "phanto_ciclo_km": null, "valdchil_osm_full_network_component": 1, "valdchil_osm_full_network_comp_intersect": 641.24852333824606, "valdchil_osm_full_network_comp_total": 761655.25169693318 }, "geometry": { "type": "Polygon", "coordinates": [ [ [ 653865.403671483043581, 5586665.281863439828157 ], [ 653936.822197464876808, 5586837.428647805005312 ], [ 653827.805995819158852, 5587002.196187237277627 ], [ 653647.368311712518334, 5586994.820322745479643 ], [ 653575.945796809974127, 5586822.672712156549096 ], [ 653684.964955061324872, 5586657.901792260818183 ], [ 653865.403671483043581, 5586665.281863439828157 ] ] ] } },
{ "type": "Feature", "properties": { "h3_index": "89ce8c0f223ffff", "id": 1, "m_osm": 1929.2519647523175, "total_ciclo_km": null, "phanto_ciclo_km": null, "valdchil_osm_full_network_component": 1, "valdchil_osm_full_network_comp_intersect": 1929.2519647523172, "valdchil_osm_full_network_comp_total": 761655.25169693318 }, "geometry": { "type": "Polygon", "coordinates": [ [ [ 652406.796951014664955, 5589990.137159178964794 ], [ 652478.228084749192931, 5590162.247562191449106 ], [ 652369.207448245026171, 5590327.019591954536736 ], [ 652188.752723066485487, 5590319.684604211710393 ], [ 652117.317596636828966, 5590147.573380417190492 ], [ 652226.34118821087759, 5589982.797965124249458 ], [ 652406.796951014664955, 5589990.137159178964794 ] ] ] } },
{ "type": "Feature", "properties": { "h3_index": "89ce8c0d00fffff", "id": 2, "m_osm": 661.87992096697167, "total_ciclo_km": null, "phanto_ciclo_km": null, "valdchil_osm_full_network_component": 6230, "valdchil_osm_full_network_comp_intersect": 661.87992096697167, "valdchil_osm_full_network_comp_total": 6295.2298886600975 }, "geometry": { "type": "Polygon", "coordinates": [ [ [ 652459.448394589708187, 5594391.014287081547081 ], [ 652530.865660833427683, 5594563.053488798439503 ], [ 652421.858379959594458, 5594727.809572590515018 ], [ 652241.430881045293063, 5594720.529845977202058 ], [ 652170.009619138902053, 5594548.489830911159515 ], [ 652279.019851936493069, 5594383.730355784296989 ], [ 652459.448394589708187, 5594391.014287081547081 ] ] ] } },
{ "type": "Feature", "properties": { "h3_index": "89ce8c0c40bffff", "id": 3, "m_osm": 506.63848851109697, "total_ciclo_km": null, "phanto_ciclo_km": null, "valdchil_osm_full_network_component": 1, "valdchil_osm_full_network_comp_intersect": 506.63848851109691, "valdchil_osm_full_network_comp_total": 761655.25169693318 }, "geometry": { "type": "Polygon", "coordinates": [ [ [ 647457.766128165996633, 5590465.895904431119561 ], [ 647529.272090017795563, 5590638.055844192393124 ], [ 647420.2050926303491, 5590802.880491524003446 ], [ 647239.629176020040177, 5590795.548587465658784 ], [ 647168.119216100312769, 5590623.387827156111598 ], [ 647277.189170988742262, 5590458.559791431762278 ], [ 647457.766128165996633, 5590465.895904431119561 ] ] ] } },
{ "type": "Feature", "properties": { "h3_index": "89ce8c0424fffff", "id": 4, "m_osm": 1466.168259160313, "total_ciclo_km": null, "phanto_ciclo_km": null, "valdchil_osm_full_network_component": 1, "valdchil_osm_full_network_comp_intersect": 1466.1682591603133, "valdchil_osm_full_network_comp_total": 761655.25169693318 }, "geometry": { "type": "Polygon", "coordinates": [ [ [ 637102.56812391220592, 5585640.773028528317809 ], [ 637174.2475727845449, 5585813.129861277528107 ], [ 637065.066525083268061, 5585978.084735288284719 ], [ 636884.203061910229735, 5585970.686163170263171 ], [ 636812.519607745110989, 5585798.328500522300601 ], [ 636921.703622175264172, 5585633.370239867828786 ], [ 637102.56812391220592, 5585640.773028528317809 ] ] ] } },
{ "type": "Feature", "properties": { "h3_index": "89ce8c0f62fffff", "id": 5, "m_osm": 2578.9916868608725, "total_ciclo_km": null, "phanto_ciclo_km": null, "valdchil_osm_full_network_component": 1, "valdchil_osm_full_network_comp_intersect": 2578.9916868608739, "valdchil_osm_full_network_comp_total": 761655.25169693318 }, "geometry": { "type": "Polygon", "coordinates": [ [ [ 652632.338140461593866, 5587968.722480121068656 ], [ 652703.771787456586026, 5588140.862651707604527 ], [ 652594.747447071946226, 5588305.639213441871107 ], [ 652414.286503447336145, 5588298.278986315242946 ], [ 652342.848865378182381, 5588126.137990561313927 ], [ 652451.876162135740742, 5587961.358046078123152 ], [ 652632.338140461593866, 5587968.722480121068656 ] ] ] } },
{ "type": "Feature", "properties": { "h3_index": "89ce8c0f297ffff", "id": 6, "m_osm": 2552.3894935509238, "total_ciclo_km": null, "phanto_ciclo_km": null, "valdchil_osm_full_network_component": 1, "valdchil_osm_full_network_comp_intersect": 2552.3894935509247, "valdchil_osm_full_network_comp_total": 761655.25169693318 }, "geometry": { "type": "Polygon", "coordinates": [ [ [ 652594.747447071946226, 5588305.639213441871107 ], [ 652666.180675395065919, 5588477.774425651878119 ], [ 652557.156951310578734, 5588642.550234362483025 ], [ 652376.697042875224724, 5588635.194214050658047 ], [ 652305.259823206230067, 5588463.05817823857069 ], [ 652414.286503447336145, 5588298.278986315242946 ], [ 652594.747447071946226, 5588305.639213441871107 ] ] ] } },
{ "type": "Feature", "properties": { "h3_index": "89ce8c0d58bffff", "id": 7, "m_osm": 345.32650472230705, "total_ciclo_km": null, "phanto_ciclo_km": null, "valdchil_osm_full_network_component": 1, "valdchil_osm_full_network_comp_intersect": 345.32650472230711, "valdchil_osm_full_network_comp_total": 761655.25169693318 }, "geometry": { "type": "Polygon", "coordinates": [ [ [ 650808.989917508559301, 5592124.926918816752732 ], [ 650880.439347003237344, 5592297.02154999691993 ], [ 650771.409525425173342, 5592461.803666885942221 ], [ 650590.927320024464279, 5592454.494541651569307 ], [ 650519.473894737311639, 5592282.399093111976981 ], [ 650628.506670768954791, 5592117.613587142899632 ], [ 650808.989917508559301, 5592124.926918816752732 ] ] ] } },
{ "type": "Feature", "properties": { "h3_index": "89ce8c0f043ffff", "id": 8, "m_osm": 2362.4969228837103, "total_ciclo_km": null, "phanto_ciclo_km": null, "valdchil_osm_full_network_component": 1, "valdchil_osm_full_network_comp_intersect": 2362.4969228837108, "valdchil_osm_full_network_comp_total": 761655.25169693318 }, "geometry": { "type": "Polygon", "coordinates": [ [ [ 652053.350919048534706, 5588283.557937778532505 ], [ 652124.792548599420115, 5588455.699757467955351 ], [ 652015.763529071351513, 5588620.481579458341002 ], [ 651835.289923648815602, 5588613.124965162947774 ], [ 651763.844302214216441, 5588440.982321768067777 ], [ 651872.876278216135688, 5588276.197116351686418 ], [ 652053.350919048534706, 5588283.557937778532505 ] ] ] } },
{ "type": "Feature", "properties": { "h3_index": "89ce8c0f2c3ffff", "id": 9, "m_osm": 2430.7041888804397, "total_ciclo_km": null, "phanto_ciclo_km": null, "valdchil_osm_full_network_component": 1, "valdchil_osm_full_network_comp_intersect": 2401.1804726458699, "valdchil_osm_full_network_comp_total": 761655.25169693318 }, "geometry": { "type": "Polygon", "coordinates": [ [ [ 653639.820525136194192, 5588686.682198938913643 ], [ 653711.236532361945137, 5588858.799238126724958 ], [ 653602.224014792940579, 5589023.562267624773085 ], [ 653421.792534824926406, 5589016.211641156114638 ], [ 653350.372537057381123, 5588844.093779131770134 ], [ 653459.38800992933102, 5588679.327366384677589 ], [ 653639.820525136194192, 5588686.682198938913643 ] ] ] } },
{ "type": "Feature", "properties": { "h3_index": "89ce8c0d473ffff", "id": 10, "m_osm": 686.25179339581405, "total_ciclo_km": null, "phanto_ciclo_km": null, "valdchil_osm_full_network_component": 1, "valdchil_osm_full_network_comp_intersect": 686.25179339581405, "valdchil_osm_full_network_comp_total": 761655.25169693318 }, "geometry": { "type": "Polygon", "coordinates": [ [ [ 652974.432812286890112, 5592212.671539946459234 ], [ 653045.848608274944127, 5592384.739755384624004 ], [ 652936.839929820038378, 5592549.497818882577121 ], [ 652756.412502328166738, 5592542.191055138595402 ], [ 652684.992712703184225, 5592370.122022734023631 ], [ 652794.004344334243797, 5592205.360571017488837 ], [ 652974.432812286890112, 5592212.671539946459234 ] ] ] } },
{ "type": "Feature", "properties": { "h3_index": "89ce8c0f3abffff", "id": 11, "m_osm": 2355.0095841126067, "total_ciclo_km": null, "phanto_ciclo_km": null, "valdchil_osm_full_network_component": 1, "valdchil_osm_full_network_comp_intersect": 2355.0095841126072, "valdchil_osm_full_network_comp_total": 761655.25169693318 }, "geometry": { "type": "Polygon", "coordinates": [ [ [ 650455.415911706164479, 5590418.453526828438044 ], [ 650526.875837089959532, 5590590.579604473896325 ], [ 650417.837614784017205, 5590755.371544587425888 ], [ 650237.336511364672333, 5590748.04079401306808 ], [ 650165.872590996092185, 5590575.913896085694432 ], [ 650274.913769163074903, 5590411.11856899317354 ], [ 650455.415911706164479, 5590418.453526828438044 ] ] ] } },
{ "type": "Feature", "properties": { "h3_index": "89ce8c0f04bffff", "id": 12, "m_osm": 3202.2920251013093, "total_ciclo_km": null, "phanto_ciclo_km": null, "valdchil_osm_full_network_component": 1, "valdchil_osm_full_network_comp_intersect": 3202.2920251013124, "valdchil_osm_full_network_comp_total": 761655.25169693318 }, "geometry": { "type": "Polygon", "coordinates": [ [ [ 652305.259823206230067, 5588463.05817823857069 ], [ 652376.697042875224724, 5588635.194214050658047 ], [ 652267.670979557442479, 5588799.972652491182089 ], [ 652087.204740491462871, 5588792.618438643403351 ], [ 652015.763529071351513, 5588620.481579458341002 ], [ 652124.792548599420115, 5588455.699757467955351 ], [ 652305.259823206230067, 5588463.05817823857069 ] ] ] } },
{ "type": "Feature", "properties": { "h3_index": "89ce8c0f257ffff", "id": 13, "m_osm": 3369.3745922875105, "total_ciclo_km": null, "phanto_ciclo_km": null, "valdchil_osm_full_network_component": 1, "valdchil_osm_full_network_comp_intersect": 3369.3745922875105, "valdchil_osm_full_network_comp_total": 761655.25169693318 }, "geometry": { "type": "Polygon", "coordinates": [ [ [ 653564.627699799719267, 5589360.436621025204659 ], [ 653636.042866784147918, 5589532.543738586828113 ], [ 653527.031580482143909, 5589697.305257402360439 ], [ 653346.602172459242865, 5589689.963042808696628 ], [ 653275.183014392852783, 5589517.855103534646332 ], [ 653384.197255559964105, 5589353.090200544334948 ], [ 653564.627699799719267, 5589360.436621025204659 ] ] ] } },
{ "type": "Feature", "properties": { "h3_index": "89ce8c0ab27ffff", "id": 14, "m_osm": 598.15906816577046, "total_ciclo_km": null, "phanto_ciclo_km": null, "valdchil_osm_full_network_component": 10290, "valdchil_osm_full_network_comp_intersect": 598.15906816577046, "valdchil_osm_full_network_comp_total": 4669.370599437796 }, "geometry": { "type": "Polygon", "coordinates": [ [ [ 654406.692425615154207, 5586687.420885650441051 ], [ 654478.102554835379124, 5586859.561062516644597 ], [ 654369.091653430368751, 5587024.322590010240674 ], [ 654188.667666652123444, 5587016.947320862673223 ], [ 654117.253549042739905, 5586844.806317868642509 ], [ 654226.267406733823009, 5586680.041410126723349 ], [ 654406.692425615154207, 5586687.420885650441051 ] ] ] } },
{ "type": "Feature", "properties": { "h3_index": "89ce8c05567ffff", "id": 15, "m_osm": 621.61948001864869, "total_ciclo_km": null, "phanto_ciclo_km": null, "valdchil_osm_full_network_component": 1, "valdchil_osm_full_network_comp_intersect": 621.61948001864869, "valdchil_osm_full_network_comp_total": 761655.25169693318 }, "geometry": { "type": "Polygon", "coordinates": [ [ [ 638262.675559953670017, 5585010.595625459216535 ], [ 638334.338991691241972, 5585182.949136283248663 ], [ 638225.167260988149792, 5585347.893453490920365 ], [ 638044.329132144921459, 5585340.487645138986409 ], [ 637972.661696728668176, 5585168.133303482085466 ], [ 638081.836393963545561, 5585003.185600988566875 ], [ 638262.675559953670017, 5585010.595625459216535 ] ] ] } },
{ "type": "Feature", "properties": { "h3_index": "89ce8c0f15bffff", "id": 17, "m_osm": 633.54492540663341, "total_ciclo_km": null, "phanto_ciclo_km": null, "valdchil_osm_full_network_component": 1, "valdchil_osm_full_network_comp_intersect": 633.54492540663341, "valdchil_osm_full_network_comp_total": 761655.25169693318 }, "geometry": { "type": "Polygon", "coordinates": [ [ [ 650316.181186370784417, 5589228.170793162658811 ], [ 650387.646773275337182, 5589400.31755158957094 ], [ 650278.603730047936551, 5589565.115151504985988 ], [ 650098.092143261106685, 5589557.769378437660635 ], [ 650026.622562048723921, 5589385.621797703206539 ], [ 650135.66856206045486, 5589220.820812326855958 ], [ 650316.181186370784417, 5589228.170793162658811 ] ] ] } },
{ "type": "Feature", "properties": { "h3_index": "89ce8c0f067ffff", "id": 18, "m_osm": 3674.9047384353366, "total_ciclo_km": null, "phanto_ciclo_km": null, "valdchil_osm_full_network_component": 1, "valdchil_osm_full_network_comp_intersect": 3674.9047384353375, "valdchil_osm_full_network_comp_total": 761655.25169693318 }, "geometry": { "type": "Polygon", "coordinates": [ [ [ 651147.222632452961989, 5589092.778401639312506 ], [ 651218.675821542507038, 5589264.917729545384645 ], [ 651109.640407004742883, 5589429.706685716286302 ], [ 650929.148847094620578, 5589422.359698871150613 ], [ 650857.691664637764916, 5589250.219548524357378 ], [ 650966.730035586399026, 5589085.427207442000508 ], [ 651147.222632452961989, 5589092.778401639312506 ] ] ] } },
{ "type": "Feature", "properties": { "h3_index": "89ce8c0f31bffff", "id": 21, "m_osm": 2450.8840610439183, "total_ciclo_km": null, "phanto_ciclo_km": null, "valdchil_osm_full_network_component": 1, "valdchil_osm_full_network_comp_intersect": 2450.8840610439179, "valdchil_osm_full_network_comp_total": 761655.25169693318 }, "geometry": { "type": "Polygon", "coordinates": [ [ [ 651286.410617539891973, 5590283.006703390739858 ], [ 651357.858142482116818, 5590455.125353873707354 ], [ 651248.827544107567519, 5590619.908652153797448 ], [ 651068.34646542952396, 5590612.576686350628734 ], [ 650996.894946447457187, 5590440.45721545163542 ], [ 651105.928500313428231, 5590275.670530747622252 ], [ 651286.410617539891973, 5590283.006703390739858 ] ] ] } },
{ "type": "Feature", "properties": { "h3_index": "89ce8c0d447ffff", "id": 22, "m_osm": 468.92613402634248, "total_ciclo_km": null, "phanto_ciclo_km": null, "valdchil_osm_full_network_component": 1, "valdchil_osm_full_network_comp_intersect": 468.92613402634254, "valdchil_osm_full_network_comp_total": 761655.25169693318 }, "geometry": { "type": "Polygon", "coordinates": [ [ [ 653263.864251321181655, 5592055.225489039905369 ], [ 653335.276054070214741, 5592227.292887281626463 ], [ 653226.269709042971954, 5592392.048326523043215 ], [ 653045.848608274944127, 5592384.739755384624004 ], [ 652974.432812286890112, 5592212.671539946459234 ], [ 653083.44211044057738, 5592047.912712820805609 ], [ 653263.864251321181655, 5592055.225489039905369 ] ] ] } },
{ "type": "Feature", "properties": { "h3_index": "89ce8c0f0c3ffff", "id": 23, "m_osm": 313.41322501545119, "total_ciclo_km": null, "phanto_ciclo_km": null, "valdchil_osm_full_network_component": 1, "valdchil_osm_full_network_comp_intersect": 313.41322501545119, "valdchil_osm_full_network_comp_total": 761655.25169693318 }, "geometry": { "type": "Polygon", "coordinates": [ [ [ 651876.602711243904196, 5587430.166760388761759 ], [ 651948.049585768021643, 5587602.32428206410259 ], [ 651839.016375453793444, 5587767.110991668887436 ], [ 651658.533333566971123, 5587759.74356194678694 ], [ 651587.082467563915998, 5587587.585215107537806 ], [ 651696.118635055958293, 5587422.795123131014407 ], [ 651876.602711243904196, 5587430.166760388761759 ] ] ] } },
{ "type": "Feature", "properties": { "h3_index": "89ce8c089b7ffff", "id": 24, "m_osm": 728.12116449022892, "total_ciclo_km": null, "phanto_ciclo_km": null, "valdchil_osm_full_network_component": 1, "valdchil_osm_full_network_comp_intersect": 728.12116449022892, "valdchil_osm_full_network_comp_total": 761655.25169693318 }, "geometry": { "type": "Polygon", "coordinates": [ [ [ 653741.270988708827645, 5590213.600977431982756 ], [ 653812.680903229862452, 5590385.692386148497462 ], [ 653703.673803981393576, 5590550.449005370028317 ], [ 653523.253836175077595, 5590543.11760107986629 ], [ 653451.839930167305283, 5590371.025372112169862 ], [ 653560.849983578780666, 5590206.26536766346544 ], [ 653741.270988708827645, 5590213.600977431982756 ] ] ] } },
{ "type": "Feature", "properties": { "h3_index": "89ce8c0f0cfffff", "id": 25, "m_osm": 4215.1910919192296, "total_ciclo_km": null, "phanto_ciclo_km": null, "valdchil_osm_full_network_component": 1, "valdchil_osm_full_network_comp_intersect": 4215.1910919192287, "valdchil_osm_full_network_comp_total": 761655.25169693318 }, "geometry": { "type": "Polygon", "coordinates": [ [ [ 651839.016375453793444, 5587767.110991668887436 ], [ 651910.462832364835776, 5587939.263554736971855 ], [ 651801.430239004315808, 5588104.049512708559632 ], [ 651620.94823189964518, 5588096.686290425248444 ], [ 651549.49778324412182, 5587924.532902755774558 ], [ 651658.533333566971123, 5587759.74356194678694 ], [ 651839.016375453793444, 5587767.110991668887436 ] ] ] } },
{ "type": "Feature", "properties": { "h3_index": "89ce8c0f43bffff", "id": 26, "m_osm": 471.18466664947573, "total_ciclo_km": null, "phanto_ciclo_km": null, "valdchil_osm_full_network_component": 1, "valdchil_osm_full_network_comp_intersect": 471.18466664947573, "valdchil_osm_full_network_comp_total": 761655.25169693318 }, "geometry": { "type": "Polygon", "coordinates": [ [ [ 651195.925876339199021, 5586217.576802765019238 ], [ 651267.386809292715043, 5586389.761588408611715 ], [ 651158.343492642627098, 5586554.559942467138171 ], [ 650977.83628474874422, 5586547.176891931332648 ], [ 650906.371360459597781, 5586374.991278996691108 ], [ 651015.417635531746782, 5586210.189543867483735 ], [ 651195.925876339199021, 5586217.576802765019238 ] ] ] } },
{ "type": "Feature", "properties": { "h3_index": "89ce8c0f183ffff", "id": 27, "m_osm": 87.364437994849112, "total_ciclo_km": null, "phanto_ciclo_km": null, "valdchil_osm_full_network_component": 1, "valdchil_osm_full_network_comp_intersect": 87.364437994849112, "valdchil_osm_full_network_comp_total": 761655.25169693318 }, "geometry": { "type": "Polygon", "coordinates": [ [ [ 649056.150303430389613, 5588330.576296015642583 ], [ 649127.637940463377163, 5588502.751984918490052 ], [ 649018.58011064468883, 5588667.566510900855064 ], [ 648838.03168579377234, 5588660.208732796832919 ], [ 648766.540053786360659, 5588488.032219922170043 ], [ 648875.600841731997207, 5588323.214309100992978 ], [ 649056.150303430389613, 5588330.576296015642583 ] ] ] } },
{ "type": "Feature", "properties": { "h3_index": "89ce8c0f28fffff", "id": 28, "m_osm": 3182.9575699565794, "total_ciclo_km": null, "phanto_ciclo_km": null, "valdchil_osm_full_network_component": 1, "valdchil_osm_full_network_comp_intersect": 3182.9575699565789, "valdchil_osm_full_network_comp_total": 761655.25169693318 }, "geometry": { "type": "Polygon", "coordinates": [ [ [ 652809.042303191032261, 5588822.034106427803636 ], [ 652880.470702439313754, 5588994.158574714325368 ], [ 652771.450550731504336, 5589158.93024567887187 ], [ 652590.99904423346743, 5589151.580832133069634 ], [ 652519.566653502290137, 5588979.455541137605906 ], [ 652628.58976087870542, 5588814.680486374534667 ], [ 652809.042303191032261, 5588822.034106427803636 ] ] ] } },
{ "type": "Feature", "properties": { "h3_index": "89ce8c0f11bffff", "id": 29, "m_osm": 1094.8537508011796, "total_ciclo_km": null, "phanto_ciclo_km": null, "valdchil_osm_full_network_component": 1, "valdchil_osm_full_network_comp_intersect": 1094.8537508011793, "valdchil_osm_full_network_comp_total": 761655.25169693318 }, "geometry": { "type": "Polygon", "coordinates": [ [ [ 649522.624891891260631, 5589026.610529175028205 ], [ 649594.103294077562168, 5589198.769682537764311 ], [ 649485.052001634263434, 5589363.576683172024786 ], [ 649304.519349763868377, 5589356.22791597340256 ], [ 649233.036952602327801, 5589184.067939873784781 ], [ 649342.091202415060252, 5589019.257553683593869 ], [ 649522.624891891260631, 5589026.610529175028205 ] ] ] } },
{ "type": "Feature", "properties": { "h3_index": "89ce8c0f263ffff", "id": 30, "m_osm": 2256.8248117831613, "total_ciclo_km": null, "phanto_ciclo_km": null, "valdchil_osm_full_network_component": 1, "valdchil_osm_full_network_comp_intersect": 2256.8248117831622, "valdchil_osm_full_network_comp_total": 761655.25169693318 }, "geometry": { "type": "Polygon", "coordinates": [ [ [ 653199.994277996360324, 5590191.593555752187967 ], [ 653271.412596035865135, 5590363.691568985581398 ], [ 653162.400205457932316, 5590528.454200434498489 ], [ 652981.966542491107248, 5590521.122204063460231 ], [ 652910.544232427608222, 5590349.023370477370918 ], [ 653019.559577486710623, 5590184.25735358800739 ], [ 653199.994277996360324, 5590191.593555752187967 ] ] ] } },
{ "type": "Feature", "properties": { "h3_index": "89ce8c0f2b3ffff", "id": 31, "m_osm": 2985.464661493359, "total_ciclo_km": null, "phanto_ciclo_km": null, "valdchil_osm_full_network_component": 1, "valdchil_osm_full_network_comp_intersect": 2985.4646614933581, "valdchil_osm_full_network_comp_total": 761655.25169693318 }, "geometry": { "type": "Polygon", "coordinates": [ [ [ 652267.670979557442479, 5588799.972652491182089 ], [ 652339.107780743157491, 5588972.103727542795241 ], [ 652230.082334753358737, 5589136.881411577574909 ], [ 652049.617131715174764, 5589129.53140455391258 ], [ 651978.176338511286303, 5588957.399506694637239 ], [ 652087.204740491462871, 5588792.618438643403351 ], [ 652267.670979557442479, 5588799.972652491182089 ] ] ] } },
{ "type": "Feature", "properties": { "h3_index": "89ce8c05c4bffff", "id": 33, "m_osm": 489.14972514958936, "total_ciclo_km": null, "phanto_ciclo_km": null, "valdchil_osm_full_network_component": 1, "valdchil_osm_full_network_comp_intersect": 489.14972514958936, "valdchil_osm_full_network_comp_total": 761655.25169693318 }, "geometry": { "type": "Polygon", "coordinates": [ [ [ 637130.090052840765566, 5587844.259668245911598 ], [ 637201.762692185002379, 5588016.580908202566206 ], [ 637092.5884479067754, 5588181.527889525517821 ], [ 636911.738599269301631, 5588174.157020434737206 ], [ 636840.061953137861565, 5588001.834954310208559 ], [ 636949.239162557991222, 5587836.884583419188857 ], [ 637130.090052840765566, 5587844.259668245911598 ] ] ] } },
{ "type": "Feature", "properties": { "h3_index": "89ce8c08db7ffff", "id": 34, "m_osm": 898.58199586900901, "total_ciclo_km": null, "phanto_ciclo_km": null, "valdchil_osm_full_network_component": 1, "valdchil_osm_full_network_comp_intersect": 626.15127192546026, "valdchil_osm_full_network_comp_total": 761655.25169693318 }, "geometry": { "type": "Polygon", "coordinates": [ [ [ 654004.456744777038693, 5587855.504684993997216 ], [ 654075.869602318271063, 5588027.630818325094879 ], [ 653966.858196568675339, 5588192.392724956385791 ], [ 653786.430977725307457, 5588185.031880216673017 ], [ 653715.014130587223917, 5588012.904922687448561 ], [ 653824.028492020210251, 5587848.139634072780609 ], [ 654004.456744777038693, 5587855.504684993997216 ] ] ] } },
{ "type": "Feature", "properties": { "h3_index": "89ce8c0f1b7ffff", "id": 35, "m_osm": 1115.4525543993261, "total_ciclo_km": null, "phanto_ciclo_km": null, "valdchil_osm_full_network_component": 1, "valdchil_osm_full_network_comp_intersect": 1115.4525543993263, "valdchil_osm_full_network_comp_total": 761655.25169693318 }, "geometry": { "type": "Polygon", "coordinates": [ [ [ 648187.293555754469708, 5588802.95738316886127 ], [ 648258.793178917025216, 5588975.135543280281126 ], [ 648149.728344211122021, 5589139.957961723208427 ], [ 647969.160928193479776, 5589132.605605882592499 ], [ 647897.657308846712112, 5588960.426622495986521 ], [ 648006.72510182869155, 5588795.600818198174238 ], [ 648187.293555754469708, 5588802.95738316886127 ] ] ] } },
{ "type": "Feature", "properties": { "h3_index": "89ce8c0f333ffff", "id": 36, "m_osm": 2462.3203294743712, "total_ciclo_km": null, "phanto_ciclo_km": null, "valdchil_osm_full_network_component": 1, "valdchil_osm_full_network_comp_intersect": 2462.3203294743712, "valdchil_osm_full_network_comp_total": 761655.25169693318 }, "geometry": { "type": "Polygon", "coordinates": [ [ [ 650417.837614784017205, 5590755.371544587425888 ], [ 650489.297123058349825, 5590927.492655622772872 ], [ 650380.259523031534627, 5591092.28383582085371 ], [ 650199.75945922115352, 5591084.957292406819761 ], [ 650128.295955695095472, 5590912.835361655801535 ], [ 650237.336511364672333, 5590748.04079401306808 ], [ 650417.837614784017205, 5590755.371544587425888 ] ] ] } },
{ "type": "Feature", "properties": { "h3_index": "89ce8c05e87ffff", "id": 37, "m_osm": 1019.8604931650842, "total_ciclo_km": null, "phanto_ciclo_km": null, "valdchil_osm_full_network_component": 1, "valdchil_osm_full_network_comp_intersect": 1019.8604931650841, "valdchil_osm_full_network_comp_total": 761655.25169693318 }, "geometry": { "type": "Polygon", "coordinates": [ [ [ 637382.60620980267413, 5588023.953587161377072 ], [ 637454.274441492278129, 5588196.269031891599298 ], [ 637345.103162088547833, 5588361.2126235216856 ], [ 637164.260686250869185, 5588353.84416008926928 ], [ 637092.5884479067754, 5588181.527889525517821 ], [ 637201.762692185002379, 5588016.580908202566206 ], [ 637382.60620980267413, 5588023.953587161377072 ] ] ] } },
{ "type": "Feature", "properties": { "h3_index": "89ce8c0f3dbffff", "id": 38, "m_osm": 3204.2333193280579, "total_ciclo_km": null, "phanto_ciclo_km": null, "valdchil_osm_full_network_component": 1, "valdchil_osm_full_network_comp_intersect": 3204.2333193280583, "valdchil_osm_full_network_comp_total": 761655.25169693318 }, "geometry": { "type": "Polygon", "coordinates": [ [ [ 651903.002556922729127, 5589631.218210857361555 ], [ 651974.442513451213017, 5589803.340183600783348 ], [ 651865.415966540225782, 5589968.118984301574528 ], [ 651684.946507619693875, 5589960.779197518713772 ], [ 651613.502558123203926, 5589788.656403330154717 ], [ 651722.532060643075965, 5589623.874217349104583 ], [ 651903.002556922729127, 5589631.218210857361555 ] ] ] } },
{ "type": "Feature", "properties": { "h3_index": "89ce8c05ed3ffff", "id": 40, "m_osm": 1365.2771907208698, "total_ciclo_km": null, "phanto_ciclo_km": null, "valdchil_osm_full_network_component": 1, "valdchil_osm_full_network_comp_intersect": 1365.2771907208696, "valdchil_osm_full_network_comp_total": 761655.25169693318 }, "geometry": { "type": "Polygon", "coordinates": [ [ [ 638505.080923475325108, 5587730.946022209711373 ], [ 638576.732730146264657, 5587903.253193886950612 ], [ 638467.571390530676581, 5588068.185489597730339 ], [ 638286.755279915640131, 5588060.814002403989434 ], [ 638215.099467936437577, 5587888.506004526279867 ], [ 638324.263772006961517, 5587723.570320019498467 ], [ 638505.080923475325108, 5587730.946022209711373 ] ] ] } },
{ "type": "Feature", "properties": { "h3_index": "89ce8c0f203ffff", "id": 41, "m_osm": 2944.7980721931572, "total_ciclo_km": null, "phanto_ciclo_km": null, "valdchil_osm_full_network_component": 1, "valdchil_osm_full_network_comp_intersect": 2944.7980721931572, "valdchil_osm_full_network_comp_total": 761655.25169693318 }, "geometry": { "type": "Polygon", "coordinates": [ [ [ 653023.322671086643822, 5589338.396766383200884 ], [ 653094.746240258566104, 5589510.510489489883184 ], [ 652985.729660632670857, 5589675.278020731173456 ], [ 652805.286556774983183, 5589667.935213235206902 ], [ 652733.858995981398039, 5589495.820668320171535 ], [ 652842.878530794987455, 5589331.049752689898014 ], [ 653023.322671086643822, 5589338.396766383200884 ] ] ] } },
{ "type": "Feature", "properties": { "h3_index": "89ce8c0c6c7ffff", "id": 42, "m_osm": 3415.2010304099331, "total_ciclo_km": null, "phanto_ciclo_km": null, "valdchil_osm_full_network_component": 1, "valdchil_osm_full_network_comp_intersect": 3415.2010304099335, "valdchil_osm_full_network_comp_total": 761655.25169693318 }, "geometry": { "type": "Polygon", "coordinates": [ [ [ 649297.19065887958277, 5591048.321615900844336 ], [ 649368.66656661266461, 5591220.450973279774189 ], [ 649259.619014292722568, 5591385.253422793000937 ], [ 649079.092598309740424, 5591377.929903238080442 ], [ 649007.612693981966004, 5591205.799726506695151 ], [ 649116.663202361320145, 5591040.993888658471406 ], [ 649297.19065887958277, 5591048.321615900844336 ] ] ] } },
{ "type": "Feature", "properties": { "h3_index": "89ce8c0c6abffff", "id": 43, "m_osm": 177.77970900952906, "total_ciclo_km": null, "phanto_ciclo_km": null, "valdchil_osm_full_network_component": 1, "valdchil_osm_full_network_comp_intersect": 177.77970900952906, "valdchil_osm_full_network_comp_total": 761655.25169693318 }, "geometry": { "type": "Polygon", "coordinates": [ [ [ 648428.430787349818274, 5591520.7692536925897 ], [ 648499.91868607874494, 5591692.901068431325257 ], [ 648390.864142262842506, 5591857.711398747749627 ], [ 648210.318743633106351, 5591850.393303657881916 ], [ 648138.82684709620662, 5591678.260670266114175 ], [ 648247.884347123559564, 5591513.446950594894588 ], [ 648428.430787349818274, 5591520.7692536925897 ] ] ] } },
{ "type": "Feature", "properties": { "h3_index": "89ce8c08dafffff", "id": 44, "m_osm": 1708.722804671045, "total_ciclo_km": null, "phanto_ciclo_km": null, "valdchil_osm_full_network_component": 1, "valdchil_osm_full_network_comp_intersect": 1708.722804671045, "valdchil_osm_full_network_comp_total": 761655.25169693318 }, "geometry": { "type": "Polygon", "coordinates": [ [ [ 654218.69048743264284, 5588371.872344745323062 ], [ 654290.098514783079736, 5588543.98773755505681 ], [ 654181.090678233304061, 5588708.745509039610624 ], [ 654000.671859260764904, 5588701.391270257532597 ], [ 653929.259842175291851, 5588529.275054142810404 ], [ 654038.270633924752474, 5588364.513900088146329 ], [ 654218.69048743264284, 5588371.872344745323062 ] ] ] } },
{ "type": "Feature", "properties": { "h3_index": "89ce8c0c62bffff", "id": 45, "m_osm": 1100.2735339069789, "total_ciclo_km": null, "phanto_ciclo_km": null, "valdchil_osm_full_network_component": 1, "valdchil_osm_full_network_comp_intersect": 1100.2735339069789, "valdchil_osm_full_network_comp_total": 761655.25169693318 }, "geometry": { "type": "Polygon", "coordinates": [ [ [ 648605.321764105698094, 5592374.0811707675457 ], [ 648676.804418709478341, 5592546.197254157625139 ], [ 648567.754084092215635, 5592711.002666906453669 ], [ 648387.218139489647001, 5592703.695386643521488 ], [ 648315.731486673234031, 5592531.57848605979234 ], [ 648424.784776799380779, 5592366.76968290656805 ], [ 648605.321764105698094, 5592374.0811707675457 ] ] ] } },
{ "type": "Feature", "properties": { "h3_index": "89ce8c0f037ffff", "id": 47, "m_osm": 369.31770184091675, "total_ciclo_km": null, "phanto_ciclo_km": null, "valdchil_osm_full_network_component": 1, "valdchil_osm_full_network_comp_intersect": 369.31770184091675, "valdchil_osm_full_network_comp_total": 761655.25169693318 }, "geometry": { "type": "Polygon", "coordinates": [ [ [ 650391.336712038144469, 5588554.264921717345715 ], [ 650462.803131720284, 5588726.421605463139713 ], [ 650353.758847141172737, 5588891.220715985633433 ], [ 650173.245185794658028, 5588883.866527277044952 ], [ 650101.774772350094281, 5588711.709020091220737 ], [ 650210.822014144039713, 5588546.906525033526123 ], [ 650391.336712038144469, 5588554.264921717345715 ] ] ] } },
{ "type": "Feature", "properties": { "h3_index": "89ce8c051dbffff", "id": 49, "m_osm": 1294.6214085799056, "total_ciclo_km": null, "phanto_ciclo_km": null, "valdchil_osm_full_network_component": 1, "valdchil_osm_full_network_comp_intersect": 1294.6214085799056, "valdchil_osm_full_network_comp_total": 761655.25169693318 }, "geometry": { "type": "Polygon", "coordinates": [ [ [ 639020.125911843730137, 5585549.854410907253623 ], [ 639091.776128609199077, 5585722.190544698387384 ], [ 638982.613295875256881, 5585887.124705297872424 ], [ 638801.797280782833695, 5585879.72611774597317 ], [ 638730.143060735659674, 5585707.389154123142362 ], [ 638839.308859190670773, 5585542.45160786062479 ], [ 639020.125911843730137, 5585549.854410907253623 ] ] ] } },
{ "type": "Feature", "properties": { "h3_index": "89ce8c0f227ffff", "id": 50, "m_osm": 1573.6942176778189, "total_ciclo_km": null, "phanto_ciclo_km": null, "valdchil_osm_full_network_component": 1, "valdchil_osm_full_network_comp_intersect": 1573.6942176778186, "valdchil_osm_full_network_comp_total": 761655.25169693318 }, "geometry": { "type": "Polygon", "coordinates": [ [ [ 652117.317596636828966, 5590147.573380417190492 ], [ 652188.752723066485487, 5590319.684604211710393 ], [ 652079.729750441969372, 5590484.459261417388916 ], [ 651899.268696396495216, 5590477.126080674119294 ], [ 651827.829576864722185, 5590305.014036328531802 ], [ 651936.855504611507058, 5590140.235993255861104 ], [ 652117.317596636828966, 5590147.573380417190492 ] ] ] } },
{ "type": "Feature", "properties": { "h3_index": "89ce8c0c657ffff", "id": 51, "m_osm": 829.59908522542162, "total_ciclo_km": null, "phanto_ciclo_km": null, "valdchil_osm_full_network_component": 1, "valdchil_osm_full_network_comp_intersect": 829.59908522542162, "valdchil_osm_full_network_comp_total": 761655.25169693318 }, "geometry": { "type": "Polygon", "coordinates": [ [ [ 649511.613553422270343, 5591564.698931304737926 ], [ 649583.084632274927571, 5591736.817531668581069 ], [ 649474.040660306578502, 5591901.615830510854721 ], [ 649293.522654035827145, 5591894.298917889595032 ], [ 649222.047578447731212, 5591722.179499070160091 ], [ 649331.094505993882194, 5591557.377811302430928 ], [ 649511.613553422270343, 5591564.698931304737926 ] ] ] } },
{ "type": "Feature", "properties": { "h3_index": "89ce8c0f2d7ffff", "id": 52, "m_osm": 2234.3470061606831, "total_ciclo_km": null, "phanto_ciclo_km": null, "valdchil_osm_full_network_component": 1, "valdchil_osm_full_network_comp_intersect": 2234.3470061606836, "valdchil_osm_full_network_comp_total": 761655.25169693318 }, "geometry": { "type": "Polygon", "coordinates": [ [ [ 653387.967592434142716, 5588507.204544210806489 ], [ 653459.38800992933102, 5588679.327366384677589 ], [ 653350.372537057381123, 5588844.093779131770134 ], [ 653169.93369125155732, 5588836.740752798505127 ], [ 653098.509283079300076, 5588664.617107450030744 ], [ 653207.527711520902812, 5588499.847311585210264 ], [ 653387.967592434142716, 5588507.204544210806489 ] ] ] } },
{ "type": "Feature", "properties": { "h3_index": "89ce8c0d687ffff", "id": 53, "m_osm": 934.02226267986964, "total_ciclo_km": null, "phanto_ciclo_km": null, "valdchil_osm_full_network_component": 1, "valdchil_osm_full_network_comp_intersect": 934.02226267986975, "valdchil_osm_full_network_comp_total": 761655.25169693318 }, "geometry": { "type": "Polygon", "coordinates": [ [ [ 654056.907761914189905, 5592256.53322007227689 ], [ 654128.306743870023638, 5592428.588230680674314 ], [ 654019.308638196554966, 5592593.334270096383989 ], [ 653838.908598156413063, 5592586.028686670586467 ], [ 653767.505623633624054, 5592413.972859295085073 ], [ 653876.506681849248707, 5592249.223432087339461 ], [ 654056.907761914189905, 5592256.53322007227689 ] ] ] } },
{ "type": "Feature", "properties": { "h3_index": "89ce8c0d40bffff", "id": 54, "m_osm": 842.31551960493516, "total_ciclo_km": null, "phanto_ciclo_km": null, "valdchil_osm_full_network_component": 6097, "valdchil_osm_full_network_comp_intersect": 696.77638646082778, "valdchil_osm_full_network_comp_total": 2164.7863922840247 }, "geometry": { "type": "Polygon", "coordinates": [ [ [ 653012.025893908343278, 5591875.839529032818973 ], [ 653083.44211044057738, 5592047.912712820805609 ], [ 652974.432812286890112, 5592212.671539946459234 ], [ 652794.004344334243797, 5592205.360571017488837 ], [ 652722.584134427597746, 5592033.286569699645042 ], [ 652831.596385976299644, 5591868.524354818277061 ], [ 653012.025893908343278, 5591875.839529032818973 ] ] ] } },
{ "type": "Feature", "properties": { "h3_index": "89ce8c0f30bffff", "id": 55, "m_osm": 476.71670578638788, "total_ciclo_km": null, "phanto_ciclo_km": null, "valdchil_osm_full_network_component": 1, "valdchil_osm_full_network_comp_intersect": 476.71670578638782, "valdchil_osm_full_network_comp_total": 761655.25169693318 }, "geometry": { "type": "Polygon", "coordinates": [ [ [ 651248.827544107567519, 5590619.908652153797448 ], [ 651320.274651045678183, 5590792.022336896508932 ], [ 651211.244673490291461, 5590956.804875715635717 ], [ 651030.764633847633377, 5590949.477116651833057 ], [ 650959.313532599247992, 5590777.362612056545913 ], [ 651068.34646542952396, 5590612.576686350628734 ], [ 651248.827544107567519, 5590619.908652153797448 ] ] ] } },
{ "type": "Feature", "properties": { "h3_index": "89ce8c0f033ffff", "id": 56, "m_osm": 816.66045147103466, "total_ciclo_km": null, "phanto_ciclo_km": null, "valdchil_osm_full_network_component": 1, "valdchil_osm_full_network_comp_intersect": 816.66045147103478, "valdchil_osm_full_network_comp_total": 761655.25169693318 }, "geometry": { "type": "Polygon", "coordinates": [ [ [ 650680.889983714092523, 5588396.825260791927576 ], [ 650752.352410033927299, 5588568.981120866723359 ], [ 650643.310462553752586, 5588733.777601116336882 ], [ 650462.803131720284, 5588726.421605463139713 ], [ 650391.336712038144469, 5588554.264921717345715 ], [ 650500.381616683560424, 5588389.465057272464037 ], [ 650680.889983714092523, 5588396.825260791927576 ] ] ] } },
{ "type": "Feature", "properties": { "h3_index": "89ce8c0c4cfffff", "id": 57, "m_osm": 574.1384336673143, "total_ciclo_km": null, "phanto_ciclo_km": null, "valdchil_osm_full_network_component": 1, "valdchil_osm_full_network_comp_intersect": 574.1384336673143, "valdchil_osm_full_network_comp_total": 761655.25169693318 }, "geometry": { "type": "Polygon", "coordinates": [ [ [ 647784.967295229085721, 5589971.421554781496525 ], [ 647856.46967332623899, 5590143.585641097277403 ], [ 647747.404380610096268, 5590308.408418760634959 ], [ 647566.833752255537547, 5590301.070497676730156 ], [ 647495.327376761240885, 5590128.905590015463531 ], [ 647604.395627148798667, 5589964.079424763098359 ], [ 647784.967295229085721, 5589971.421554781496525 ] ] ] } },
{ "type": "Feature", "properties": { "h3_index": "89ce8c0f467ffff", "id": 58, "m_osm": 2572.5349240299524, "total_ciclo_km": null, "phanto_ciclo_km": null, "valdchil_osm_full_network_component": 1, "valdchil_osm_full_network_comp_intersect": 2572.5349240299524, "valdchil_osm_full_network_comp_total": 761655.25169693318 }, "geometry": { "type": "Polygon", "coordinates": [ [ [ 651410.303851081174798, 5586734.120420379564166 ], [ 651481.759959692601115, 5586906.294466426596045 ], [ 651372.720217770896852, 5587071.088690431788564 ], [ 651192.221409430727363, 5587063.712250026874244 ], [ 651120.761309347697534, 5586891.537377585656941 ], [ 651229.804009203566238, 5586726.739771922118962 ], [ 651410.303851081174798, 5586734.120420379564166 ] ] ] } },
{ "type": "Feature", "properties": { "h3_index": "89ce8c0f26fffff", "id": 62, "m_osm": 2174.0044319010913, "total_ciclo_km": null, "phanto_ciclo_km": null, "valdchil_osm_full_network_component": 1, "valdchil_osm_full_network_comp_intersect": 2174.0044319010913, "valdchil_osm_full_network_comp_total": 761655.25169693318 }, "geometry": { "type": "Polygon", "coordinates": [ [ [ 653162.400205457932316, 5590528.454200434498489 ], [ 653233.818103358382359, 5590700.54724941868335 ], [ 653124.806330455816351, 5590865.309121844358742 ], [ 652944.373705517267808, 5590857.98133116401732 ], [ 652872.951815322390758, 5590685.887462392449379 ], [ 652981.966542491107248, 5590521.122204063460231 ], [ 653162.400205457932316, 5590528.454200434498489 ] ] ] } },
{ "type": "Feature", "properties": { "h3_index": "89ce8c05ea3ffff", "id": 63, "m_osm": 382.54119784071941, "total_ciclo_km": null, "phanto_ciclo_km": null, "valdchil_osm_full_network_component": 1, "valdchil_osm_full_network_comp_intersect": 382.54119784071935, "valdchil_osm_full_network_comp_total": 761655.25169693318 }, "geometry": { "type": "Polygon", "coordinates": [ [ [ 637055.087082886951976, 5588518.790387189947069 ], [ 637126.758920144289732, 5588691.101687539368868 ], [ 637017.585958099924028, 5588856.047159493900836 ], [ 636836.738194222562015, 5588848.684721571393311 ], [ 636765.062349634827115, 5588676.372596185654402 ], [ 636874.238276383606717, 5588511.423733733594418 ], [ 637055.087082886951976, 5588518.790387189947069 ] ] ] } },
{ "type": "Feature", "properties": { "h3_index": "89ce8c0f3cfffff", "id": 64, "m_osm": 2300.5176296771592, "total_ciclo_km": null, "phanto_ciclo_km": null, "valdchil_osm_full_network_component": 1, "valdchil_osm_full_network_comp_intersect": 2300.5176296771601, "valdchil_osm_full_network_comp_total": 761655.25169693318 }, "geometry": { "type": "Polygon", "coordinates": [ [ [ 651575.917624484514818, 5590125.560626339167356 ], [ 651647.361155788064934, 5590297.678456173278391 ], [ 651538.332892442354932, 5590462.459126910194755 ], [ 651357.858142482116818, 5590455.125353873707354 ], [ 651286.410617539891973, 5590283.006703390739858 ], [ 651395.441836325451732, 5590118.222646567970514 ], [ 651575.917624484514818, 5590125.560626339167356 ] ] ] } },
{ "type": "Feature", "properties": { "h3_index": "89ce8c0f243ffff", "id": 65, "m_osm": 2600.1936064573069, "total_ciclo_km": null, "phanto_ciclo_km": null, "valdchil_osm_full_network_component": 1, "valdchil_osm_full_network_comp_intersect": 2600.1936064573065, "valdchil_osm_full_network_comp_total": 761655.25169693318 }, "geometry": { "type": "Polygon", "coordinates": [ [ [ 653816.465945100411773, 5589539.887759610079229 ], [ 653887.876700893277302, 5589711.989093747921288 ], [ 653778.868369191302918, 5589876.747228264808655 ], [ 653598.446327222744003, 5589869.407412919215858 ], [ 653527.031580482143909, 5589697.305257402360439 ], [ 653636.042866784147918, 5589532.543738586828113 ], [ 653816.465945100411773, 5589539.887759610079229 ] ] ] } },
{ "type": "Feature", "properties": { "h3_index": "89ce8c051cbffff", "id": 66, "m_osm": 2014.8746994480882, "total_ciclo_km": null, "phanto_ciclo_km": null, "valdchil_osm_full_network_component": 1, "valdchil_osm_full_network_comp_intersect": 2014.874699448088, "valdchil_osm_full_network_comp_total": 761655.25169693318 }, "geometry": { "type": "Polygon", "coordinates": [ [ [ 638982.613295875256881, 5585887.124705297872424 ], [ 639054.26311035361141, 5586059.455876392312348 ], [ 638945.100913160364144, 5586224.389289218001068 ], [ 638764.285936114611104, 5586216.994917060248554 ], [ 638692.632118087611161, 5586044.662916702218354 ], [ 638801.797280782833695, 5585879.72611774597317 ], [ 638982.613295875256881, 5585887.124705297872424 ] ] ] } },
{ "type": "Feature", "properties": { "h3_index": "89ce8c0d08bffff", "id": 69, "m_osm": 2356.9431445398291, "total_ciclo_km": null, "phanto_ciclo_km": null, "valdchil_osm_full_network_component": 79, "valdchil_osm_full_network_comp_intersect": 1732.9180347413703, "valdchil_osm_full_network_comp_total": 11877.120814930871 }, "geometry": { "type": "Polygon", "coordinates": [ [ [ 652572.219649081816897, 5593380.59397688973695 ], [ 652643.638177387765609, 5593552.648097637109458 ], [ 652534.629029473755509, 5593717.40648749191314 ], [ 652354.198400806635618, 5593710.114146525040269 ], [ 652282.775877646519803, 5593538.059210736304522 ], [ 652391.787978138308972, 5593373.297430933453143 ], [ 652572.219649081816897, 5593380.59397688973695 ] ] ] } },
{ "type": "Feature", "properties": { "h3_index": "89ce8c0d013ffff", "id": 70, "m_osm": 1386.2648782331489, "total_ciclo_km": null, "phanto_ciclo_km": null, "valdchil_osm_full_network_component": 79, "valdchil_osm_full_network_comp_intersect": 1386.2648782331489, "valdchil_osm_full_network_comp_total": 11877.120814930871 }, "geometry": { "type": "Polygon", "coordinates": [ [ [ 652534.629029473755509, 5593717.40648749191314 ], [ 652606.047137174173258, 5593889.455636047758162 ], [ 652497.038611201453023, 5594054.213258135132492 ], [ 652316.609025299199857, 5594046.925122054293752 ], [ 652245.186922474298626, 5593874.875159020535648 ], [ 652354.198400806635618, 5593710.114146525040269 ], [ 652534.629029473755509, 5593717.40648749191314 ] ] ] } },
{ "type": "Feature", "properties": { "h3_index": "89ce8c0f287ffff", "id": 71, "m_osm": 1685.4344127244549, "total_ciclo_km": null, "phanto_ciclo_km": null, "valdchil_osm_full_network_component": 1, "valdchil_osm_full_network_comp_intersect": 1685.4344127244553, "valdchil_osm_full_network_comp_total": 761655.25169693318 }, "geometry": { "type": "Polygon", "coordinates": [ [ [ 652557.156951310578734, 5588642.550234362483025 ], [ 652628.58976087870542, 5588814.680486374534667 ], [ 652519.566653502290137, 5588979.455541137605906 ], [ 652339.107780743157491, 5588972.103727542795241 ], [ 652267.670979557442479, 5588799.972652491182089 ], [ 652376.697042875224724, 5588635.194214050658047 ], [ 652557.156951310578734, 5588642.550234362483025 ] ] ] } },
{ "type": "Feature", "properties": { "h3_index": "89ce8c0d44bffff", "id": 72, "m_osm": 2935.6816330561128, "total_ciclo_km": null, "phanto_ciclo_km": null, "valdchil_osm_full_network_component": 1, "valdchil_osm_full_network_comp_intersect": 2935.6816330561132, "valdchil_osm_full_network_comp_total": 761655.25169693318 }, "geometry": { "type": "Polygon", "coordinates": [ [ [ 653805.103285808116198, 5592077.162636417895555 ], [ 653876.506681849248707, 5592249.223432087339461 ], [ 653767.505623633624054, 5592413.972859295085073 ], [ 653587.09821669512894, 5592406.664878471754491 ], [ 653515.69082795327995, 5592234.603265702724457 ], [ 653624.694838977651671, 5592069.850450828671455 ], [ 653805.103285808116198, 5592077.162636417895555 ] ] ] } },
{ "type": "Feature", "properties": { "h3_index": "89ce8c051d3ffff", "id": 73, "m_osm": 623.04639403445219, "total_ciclo_km": null, "phanto_ciclo_km": null, "valdchil_osm_full_network_component": 1, "valdchil_osm_full_network_comp_intersect": 623.04639403445208, "valdchil_osm_full_network_comp_total": 761655.25169693318 }, "geometry": { "type": "Polygon", "coordinates": [ [ [ 638767.65423721098341, 5585370.109681799076498 ], [ 638839.308859190670773, 5585542.45160786062479 ], [ 638730.143060735659674, 5585707.389154123142362 ], [ 638549.319674440426752, 5585699.988159837201238 ], [ 638477.661049047135748, 5585527.645403613336384 ], [ 638586.829813492833637, 5585362.704471813514829 ], [ 638767.65423721098341, 5585370.109681799076498 ] ] ] } },
{ "type": "Feature", "properties": { "h3_index": "89ce8c0f20fffff", "id": 74, "m_osm": 4565.7818742889767, "total_ciclo_km": null, "phanto_ciclo_km": null, "valdchil_osm_full_network_component": 1, "valdchil_osm_full_network_comp_intersect": 4565.781874288974, "valdchil_osm_full_network_comp_total": 761655.25169693318 }, "geometry": { "type": "Polygon", "coordinates": [ [ [ 652985.729660632670857, 5589675.278020731173456 ], [ 653057.152810184168629, 5589847.386781484819949 ], [ 652948.136847638525069, 5590012.153556009754539 ], [ 652767.694780700723641, 5590004.814954613335431 ], [ 652696.267639258876443, 5589832.705372613854706 ], [ 652805.286556774983183, 5589667.935213235206902 ], [ 652985.729660632670857, 5589675.278020731173456 ] ] ] } },
{ "type": "Feature", "properties": { "h3_index": "89ce8c0f137ffff", "id": 76, "m_osm": 1294.4410962159343, "total_ciclo_km": null, "phanto_ciclo_km": null, "valdchil_osm_full_network_component": 1, "valdchil_osm_full_network_comp_intersect": 1294.4410962159341, "valdchil_osm_full_network_comp_total": 761655.25169693318 }, "geometry": { "type": "Polygon", "coordinates": [ [ [ 648364.221147396950983, 5589656.466796551831067 ], [ 648435.715531910769641, 5589828.62923948187381 ], [ 648326.654903660528362, 5589993.446758608333766 ], [ 648146.096933457418345, 5589986.105221697129309 ], [ 648074.598552355659194, 5589813.941956958733499 ], [ 648183.662138174986467, 5589649.121050919406116 ], [ 648364.221147396950983, 5589656.466796551831067 ] ] ] } },
{ "type": "Feature", "properties": { "h3_index": "89ce8c0f6afffff", "id": 77, "m_osm": 1441.8742346854756, "total_ciclo_km": null, "phanto_ciclo_km": null, "valdchil_osm_full_network_component": 1, "valdchil_osm_full_network_comp_intersect": 1441.874234685476, "valdchil_osm_full_network_comp_total": 761655.25169693318 }, "geometry": { "type": "Polygon", "coordinates": [ [ [ 652455.617179787135683, 5587115.343164421617985 ], [ 652527.05607256887015, 5587287.49903507065028 ], [ 652418.027543989359401, 5587452.280481910333037 ], [ 652237.557165680686012, 5587444.909439771436155 ], [ 652166.114282228518277, 5587272.752743493765593 ], [ 652275.145767885725945, 5587107.967914960347116 ], [ 652455.617179787135683, 5587115.343164421617985 ] ] ] } },
{ "type": "Feature", "properties": { "h3_index": "89ce8c0d01bffff", "id": 78, "m_osm": 667.78017013414092, "total_ciclo_km": null, "phanto_ciclo_km": null, "valdchil_osm_full_network_component": 6230, "valdchil_osm_full_network_comp_intersect": 667.78017013414092, "valdchil_osm_full_network_comp_total": 6295.2298886600975 }, "geometry": { "type": "Polygon", "coordinates": [ [ [ 652786.47039794025477, 5593896.74558006413281 ], [ 652857.884089962928556, 5594068.788941466249526 ], [ 652748.878516080789268, 5594233.543173020705581 ], [ 652568.456298214616254, 5594226.257433683611453 ], [ 652497.038611201453023, 5594054.213258135132492 ], [ 652606.047137174173258, 5593889.455636047758162 ], [ 652786.47039794025477, 5593896.74558006413281 ] ] ] } },
{ "type": "Feature", "properties": { "h3_index": "89ce8c05527ffff", "id": 79, "m_osm": 1455.2327387327427, "total_ciclo_km": null, "phanto_ciclo_km": null, "valdchil_osm_full_network_component": 1, "valdchil_osm_full_network_comp_intersect": 1455.2327387327427, "valdchil_osm_full_network_comp_total": 761655.25169693318 }, "geometry": { "type": "Polygon", "coordinates": [ [ [ 637467.615240339771844, 5584808.588402700610459 ], [ 637539.291484883287922, 5584980.954330084845424 ], [ 637430.111490641487762, 5585145.908057796768844 ], [ 637249.252284861402586, 5585138.499243472702801 ], [ 637177.572035971214063, 5584966.132484823465347 ], [ 637286.754997332813218, 5584801.175371738150716 ], [ 637467.615240339771844, 5584808.588402700610459 ] ] ] } },
{ "type": "Feature", "properties": { "h3_index": "89ce8c0f04fffff", "id": 80, "m_osm": 3023.3262995203718, "total_ciclo_km": null, "phanto_ciclo_km": null, "valdchil_osm_full_network_component": 1, "valdchil_osm_full_network_comp_intersect": 3023.3262995203731, "valdchil_osm_full_network_comp_total": 761655.25169693318 }, "geometry": { "type": "Polygon", "coordinates": [ [ [ 652015.763529071351513, 5588620.481579458341002 ], [ 652087.204740491462871, 5588792.618438643403351 ], [ 651978.176338511286303, 5588957.399506694637239 ], [ 651797.703768980456516, 5588950.047099427320063 ], [ 651726.258565407944843, 5588777.909417103044689 ], [ 651835.289923648815602, 5588613.124965162947774 ], [ 652015.763529071351513, 5588620.481579458341002 ] ] ] } },
{ "type": "Feature", "properties": { "h3_index": "89ce8c0f667ffff", "id": 81, "m_osm": 3951.3948092545957, "total_ciclo_km": null, "phanto_ciclo_km": null, "valdchil_osm_full_network_component": 1, "valdchil_osm_full_network_comp_intersect": 3951.3948092545938, "valdchil_osm_full_network_comp_total": 761655.25169693318 }, "geometry": { "type": "Polygon", "coordinates": [ [ [ 653173.696681035333313, 5587990.814593145623803 ], [ 653245.1219278749777, 5588162.948157451115549 ], [ 653136.102883974323049, 5588327.71870634984225 ], [ 652955.655637306976132, 5588320.359073451720178 ], [ 652884.226399927982129, 5588148.224685076624155 ], [ 652993.248399883508682, 5587983.450753647834063 ], [ 653173.696681035333313, 5587990.814593145623803 ] ] ] } },
{ "type": "Feature", "properties": { "h3_index": "89ce8c0f283ffff", "id": 82, "m_osm": 2874.150548988991, "total_ciclo_km": null, "phanto_ciclo_km": null, "valdchil_osm_full_network_component": 1, "valdchil_osm_full_network_comp_intersect": 2874.150548988991, "valdchil_osm_full_network_comp_total": 761655.25169693318 }, "geometry": { "type": "Polygon", "coordinates": [ [ [ 652846.634253028547391, 5588485.132252312265337 ], [ 652918.063071385258809, 5588657.26168105378747 ], [ 652809.042303191032261, 5588822.034106427803636 ], [ 652628.58976087870542, 5588814.680486374534667 ], [ 652557.156951310578734, 5588642.550234362483025 ], [ 652666.180675395065919, 5588477.774425651878119 ], [ 652846.634253028547391, 5588485.132252312265337 ] ] ] } },
{ "type": "Feature", "properties": { "h3_index": "89ce8c0f303ffff", "id": 83, "m_osm": 783.51381582753265, "total_ciclo_km": null, "phanto_ciclo_km": null, "valdchil_osm_full_network_component": 1, "valdchil_osm_full_network_comp_intersect": 783.51381582753288, "valdchil_osm_full_network_comp_total": 761655.25169693318 }, "geometry": { "type": "Polygon", "coordinates": [ [ [ 650996.894946447457187, 5590440.45721545163542 ], [ 651068.34646542952396, 5590612.576686350628734 ], [ 650959.313532599247992, 5590777.362612056545913 ], [ 650778.826125376857817, 5590770.032453603111207 ], [ 650707.370611948310398, 5590597.912162518128753 ], [ 650816.406500320066698, 5590433.122850051149726 ], [ 650996.894946447457187, 5590440.45721545163542 ] ] ] } },
{ "type": "Feature", "properties": { "h3_index": "89ce8c0d403ffff", "id": 86, "m_osm": 2274.5907806682426, "total_ciclo_km": null, "phanto_ciclo_km": null, "valdchil_osm_full_network_component": 6097, "valdchil_osm_full_network_comp_intersect": 1413.705892047215, "valdchil_osm_full_network_comp_total": 2164.7863922840247 }, "geometry": { "type": "Polygon", "coordinates": [ [ [ 652760.175755876349285, 5591696.445385405793786 ], [ 652831.596385976299644, 5591868.524354818277061 ], [ 652722.584134427597746, 5592033.286569699645042 ], [ 652542.148299242486246, 5592025.973202778957784 ], [ 652470.723675633897074, 5591853.893415507860482 ], [ 652579.738880847580731, 5591689.127812992781401 ], [ 652760.175755876349285, 5591696.445385405793786 ] ] ] } },
{ "type": "Feature", "properties": { "h3_index": "89ce8c0d513ffff", "id": 87, "m_osm": 859.76225813026826, "total_ciclo_km": null, "phanto_ciclo_km": null, "valdchil_osm_full_network_component": 1, "valdchil_osm_full_network_comp_intersect": 859.76225813026849, "valdchil_osm_full_network_comp_total": 761655.25169693318 }, "geometry": { "type": "Polygon", "coordinates": [ [ [ 650771.409525425173342, 5592461.803666885942221 ], [ 650842.858536774292588, 5592633.893327662721276 ], [ 650733.829338663374074, 5592798.67468002345413 ], [ 650553.348175090155564, 5592791.369761130772531 ], [ 650481.89516767708119, 5592619.279283558018506 ], [ 650590.927320024464279, 5592454.494541651569307 ], [ 650771.409525425173342, 5592461.803666885942221 ] ] ] } },
{ "type": "Feature", "properties": { "h3_index": "89ce8c0d4cbffff", "id": 88, "m_osm": 346.95064049983472, "total_ciclo_km": null, "phanto_ciclo_km": null, "valdchil_osm_full_network_component": 1, "valdchil_osm_full_network_comp_intersect": 346.95064049983472, "valdchil_osm_full_network_comp_total": 761655.25169693318 }, "geometry": { "type": "Polygon", "coordinates": [ [ [ 653628.480023079668172, 5591224.127890598960221 ], [ 653699.888675078516826, 5591396.204405028373003 ], [ 653590.883427549386397, 5591560.958744402974844 ], [ 653410.466574636055157, 5591553.639955936931074 ], [ 653339.05393033917062, 5591381.562622948549688 ], [ 653448.062131380662322, 5591216.804896958172321 ], [ 653628.480023079668172, 5591224.127890598960221 ] ] ] } },
{ "type": "Feature", "properties": { "h3_index": "89ce8c0c617ffff", "id": 89, "m_osm": 1231.7600843424807, "total_ciclo_km": null, "phanto_ciclo_km": null, "valdchil_osm_full_network_component": 1, "valdchil_osm_full_network_comp_intersect": 1231.76008434248, "valdchil_osm_full_network_comp_total": 761655.25169693318 }, "geometry": { "type": "Polygon", "coordinates": [ [ [ 648718.026069890591316, 5591363.282272438518703 ], [ 648789.509971218183637, 5591535.413268289528787 ], [ 648680.457757329219021, 5591700.22097179107368 ], [ 648499.91868607874494, 5591692.901068431325257 ], [ 648428.430787349818274, 5591520.7692536925897 ], [ 648537.485957400174811, 5591355.958161178044975 ], [ 648718.026069890591316, 5591363.282272438518703 ] ] ] } },
{ "type": "Feature", "properties": { "h3_index": "89ce8c0c607ffff", "id": 90, "m_osm": 1146.2857244720635, "total_ciclo_km": null, "phanto_ciclo_km": null, "valdchil_osm_full_network_component": 1, "valdchil_osm_full_network_comp_intersect": 1146.2857244720635, "valdchil_osm_full_network_comp_total": 761655.25169693318 }, "geometry": { "type": "Polygon", "coordinates": [ [ [ 648680.457757329219021, 5591700.22097179107368 ], [ 648751.941243163775653, 5591872.346997642889619 ], [ 648642.889655291917734, 5592037.153938478790224 ], [ 648462.351625771028921, 5592029.838242921046913 ], [ 648390.864142262842506, 5591857.711398747749627 ], [ 648499.91868607874494, 5591692.901068431325257 ], [ 648680.457757329219021, 5591700.22097179107368 ] ] ] } },
{ "type": "Feature", "properties": { "h3_index": "89ce8c0d413ffff", "id": 91, "m_osm": 511.32485058219476, "total_ciclo_km": null, "phanto_ciclo_km": null, "valdchil_osm_full_network_component": 1, "valdchil_osm_full_network_comp_intersect": 511.3248505821947, "valdchil_osm_full_network_comp_total": 761655.25169693318 }, "geometry": { "type": "Polygon", "coordinates": [ [ [ 652797.767576723825186, 5591359.598471597768366 ], [ 652869.188626938615926, 5591531.682408281601965 ], [ 652760.175755876349285, 5591696.445385405793786 ], [ 652579.738880847580731, 5591689.127812992781401 ], [ 652508.313837395748124, 5591517.043057884089649 ], [ 652617.329662339529023, 5591352.276693589054048 ], [ 652797.767576723825186, 5591359.598471597768366 ] ] ] } },
{ "type": "Feature", "properties": { "h3_index": "89ce8c0d0c3ffff", "id": 92, "m_osm": 1250.697972955569, "total_ciclo_km": null, "phanto_ciclo_km": null, "valdchil_osm_full_network_component": 79, "valdchil_osm_full_network_comp_intersect": 1250.6979729555687, "valdchil_osm_full_network_comp_total": 11877.120814930871 }, "geometry": { "type": "Polygon", "coordinates": [ [ [ 653113.487275005783886, 5593402.4824358522892 ], [ 653184.897393669001758, 5593574.529954760335386 ], [ 653075.893529004300945, 5593739.282332119531929 ], [ 652895.476593545405194, 5593731.990580282174051 ], [ 652824.062480565160513, 5593559.942246433347464 ], [ 652933.06929748877883, 5593395.186479341238737 ], [ 653113.487275005783886, 5593402.4824358522892 ] ] ] } },
{ "type": "Feature", "properties": { "h3_index": "89ce8c0d003ffff", "id": 95, "m_osm": 589.28184376395848, "total_ciclo_km": null, "phanto_ciclo_km": null, "valdchil_osm_full_network_component": 6230, "valdchil_osm_full_network_comp_intersect": 538.78300136878249, "valdchil_osm_full_network_comp_total": 6295.2298886600975 }, "geometry": { "type": "Polygon", "coordinates": [ [ [ 652497.038611201453023, 5594054.213258135132492 ], [ 652568.456298214616254, 5594226.257433683611453 ], [ 652459.448394589708187, 5594391.014287081547081 ], [ 652279.019851936493069, 5594383.730355784296989 ], [ 652207.598169530974701, 5594211.685366326011717 ], [ 652316.609025299199857, 5594046.925122054293752 ], [ 652497.038611201453023, 5594054.213258135132492 ] ] ] } },
{ "type": "Feature", "properties": { "h3_index": "89ce8c0c403ffff", "id": 98, "m_osm": 35.786650454440398, "total_ciclo_km": null, "phanto_ciclo_km": null, "valdchil_osm_full_network_component": 1, "valdchil_osm_full_network_comp_intersect": 35.786650454440398, "valdchil_osm_full_network_comp_total": 761655.25169693318 }, "geometry": { "type": "Polygon", "coordinates": [ [ [ 647205.678797692991793, 5590286.394062660634518 ], [ 647277.189170988742262, 5590458.559791431762278 ], [ 647168.119216100312769, 5590623.387827156111598 ], [ 646987.535930271609686, 5590616.053522356785834 ], [ 646916.021558769745752, 5590443.886972704902291 ], [ 647025.094471430638805, 5590279.055548710748553 ], [ 647205.678797692991793, 5590286.394062660634518 ] ] ] } },
{ "type": "Feature", "properties": { "h3_index": "89ce8c0f073ffff", "id": 99, "m_osm": 3500.3478606091553, "total_ciclo_km": null, "phanto_ciclo_km": null, "valdchil_osm_full_network_component": 1, "valdchil_osm_full_network_comp_intersect": 3500.3478606091571, "valdchil_osm_full_network_comp_total": 761655.25169693318 }, "geometry": { "type": "Polygon", "coordinates": [ [ [ 651474.329015615396202, 5588598.411142525263131 ], [ 651545.77862933522556, 5588770.554609393700957 ], [ 651436.744932956295088, 5588935.341691165231168 ], [ 651256.258666402078234, 5588927.98869015276432 ], [ 651184.805059990263544, 5588755.844400051049888 ], [ 651293.841712950496003, 5588591.053934172727168 ], [ 651474.329015615396202, 5588598.411142525263131 ] ] ] } },
{ "type": "Feature", "properties": { "h3_index": "89ce8c0c41bffff", "id": 100, "m_osm": 2438.4483202965998, "total_ciclo_km": null, "phanto_ciclo_km": null, "valdchil_osm_full_network_component": 1, "valdchil_osm_full_network_comp_intersect": 2438.4483202965994, "valdchil_osm_full_network_comp_total": 761655.25169693318 }, "geometry": { "type": "Polygon", "coordinates": [ [ [ 647495.327376761240885, 5590128.905590015463531 ], [ 647566.833752255537547, 5590301.070497676730156 ], [ 647457.766128165996633, 5590465.895904431119561 ], [ 647277.189170988742262, 5590458.559791431762278 ], [ 647205.678797692991793, 5590286.394062660634518 ], [ 647314.749379505170509, 5590121.565267975442111 ], [ 647495.327376761240885, 5590128.905590015463531 ] ] ] } },
{ "type": "Feature", "properties": { "h3_index": "89ce8c0f517ffff", "id": 101, "m_osm": 27.969025136080329, "total_ciclo_km": null, "phanto_ciclo_km": null, "valdchil_osm_full_network_component": 1, "valdchil_osm_full_network_comp_intersect": 27.969025136080329, "valdchil_osm_full_network_comp_total": 761655.25169693318 }, "geometry": { "type": "Polygon", "coordinates": [ [ [ 649244.004370416747406, 5586645.539528003893793 ], [ 649315.494079949334264, 5586817.740017625503242 ], [ 649206.433144356124103, 5586982.558301601558924 ], [ 649025.879540141671896, 5586975.179478448815644 ], [ 648954.385836987639777, 5586802.978162034414709 ], [ 649063.449731794302352, 5586638.156495543196797 ], [ 649244.004370416747406, 5586645.539528003893793 ] ] ] } },
{ "type": "Feature", "properties": { "h3_index": "89ce8c0f437ffff", "id": 102, "m_osm": 435.10569367486067, "total_ciclo_km": null, "phanto_ciclo_km": null, "valdchil_osm_full_network_component": 1, "valdchil_osm_full_network_comp_intersect": 435.10569367486067, "valdchil_osm_full_network_comp_total": 761655.25169693318 }, "geometry": { "type": "Polygon", "coordinates": [ [ [ 650654.387454706477001, 5586195.414429687894881 ], [ 650725.856786502059549, 5586367.605826178565621 ], [ 650616.808169971336611, 5586532.410194784402847 ], [ 650436.287263032514602, 5586525.026548160240054 ], [ 650364.813939361250959, 5586352.83432428073138 ], [ 650473.865514632081613, 5586188.026574390009046 ], [ 650654.387454706477001, 5586195.414429687894881 ] ] ] } },
{ "type": "Feature", "properties": { "h3_index": "89ce8c0d6b3ffff", "id": 103, "m_osm": 2368.4494009853165, "total_ciclo_km": null, "phanto_ciclo_km": null, "valdchil_osm_full_network_component": 1, "valdchil_osm_full_network_comp_intersect": 2368.4494009853183, "valdchil_osm_full_network_comp_total": 761655.25169693318 }, "geometry": { "type": "Polygon", "coordinates": [ [ [ 653767.505623633624054, 5592413.972859295085073 ], [ 653838.908598156413063, 5592586.028686670586467 ], [ 653729.908158583333716, 5592750.777349781244993 ], [ 653549.501792025170289, 5592743.473573621362448 ], [ 653478.094824530533515, 5592571.416929711587727 ], [ 653587.09821669512894, 5592406.664878471754491 ], [ 653767.505623633624054, 5592413.972859295085073 ] ] ] } },
{ "type": "Feature", "properties": { "h3_index": "89ce8c0f32fffff", "id": 104, "m_osm": 2231.9865258536815, "total_ciclo_km": null, "phanto_ciclo_km": null, "valdchil_osm_full_network_component": 1, "valdchil_osm_full_network_comp_intersect": 2231.9865258536815, "valdchil_osm_full_network_comp_total": 761655.25169693318 }, "geometry": { "type": "Polygon", "coordinates": [ [ [ 650342.681636774097569, 5591429.190398786216974 ], [ 650414.140310578397475, 5591601.301574135199189 ], [ 650305.103956330567598, 5591766.091231739148498 ], [ 650124.605973198194988, 5591758.773102342151105 ], [ 650053.143303602002561, 5591586.661108404397964 ], [ 650162.182613058015704, 5591421.8680624300614 ], [ 650342.681636774097569, 5591429.190398786216974 ] ] ] } },
{ "type": "Feature", "properties": { "h3_index": "89ce8c0f547ffff", "id": 108, "m_osm": 2427.6435762729543, "total_ciclo_km": null, "phanto_ciclo_km": null, "valdchil_osm_full_network_component": 1, "valdchil_osm_full_network_comp_intersect": 2427.6435762729557, "valdchil_osm_full_network_comp_total": 761655.25169693318 }, "geometry": { "type": "Polygon", "coordinates": [ [ [ 650000.079989992082119, 5587184.258324332535267 ], [ 650071.55647539999336, 5587356.44145929813385 ], [ 649962.504415829316713, 5587521.24959497526288 ], [ 649781.972912576282397, 5587513.877978558652103 ], [ 649710.492433945764787, 5587341.694017795845866 ], [ 649819.547451922902837, 5587176.882499227300286 ], [ 650000.079989992082119, 5587184.258324332535267 ] ] ] } },
{ "type": "Feature", "properties": { "h3_index": "89ce8c0f00fffff", "id": 109, "m_osm": 2874.0288883965568, "total_ciclo_km": null, "phanto_ciclo_km": null, "valdchil_osm_full_network_component": 1, "valdchil_osm_full_network_comp_intersect": 2874.0288883965563, "valdchil_osm_full_network_comp_total": 761655.25169693318 }, "geometry": { "type": "Polygon", "coordinates": [ [ [ 651222.38768930057995, 5588418.904682690277696 ], [ 651293.841712950496003, 5588591.053934172727168 ], [ 651184.805059990263544, 5588755.844400051049888 ], [ 651004.311426662490703, 5588748.488998403772712 ], [ 650932.853410188108683, 5588576.338923350907862 ], [ 651041.893019992974587, 5588411.545073492452502 ], [ 651222.38768930057995, 5588418.904682690277696 ] ] ] } },
{ "type": "Feature", "properties": { "h3_index": "89ce8c0f34fffff", "id": 110, "m_osm": 744.25256516678007, "total_ciclo_km": null, "phanto_ciclo_km": null, "valdchil_osm_full_network_component": 1, "valdchil_osm_full_network_comp_intersect": 744.25256516677996, "valdchil_osm_full_network_comp_total": 761655.25169693318 }, "geometry": { "type": "Polygon", "coordinates": [ [ [ 651752.65740092843771, 5590978.786969173699617 ], [ 651824.095683125779033, 5591150.889081835746765 ], [ 651715.071615313296206, 5591315.664846503175795 ], [ 651534.60631069005467, 5591308.34188562259078 ], [ 651463.16403444961179, 5591136.238953772000968 ], [ 651572.191056999959983, 5590971.459801967255771 ], [ 651752.65740092843771, 5590978.786969173699617 ] ] ] } },
{ "type": "Feature", "properties": { "h3_index": "89ce8c0d00bffff", "id": 112, "m_osm": 2170.4268483283154, "total_ciclo_km": null, "phanto_ciclo_km": null, "valdchil_osm_full_network_component": 6230, "valdchil_osm_full_network_comp_intersect": 2170.4268483283145, "valdchil_osm_full_network_comp_total": 6295.2298886600975 }, "geometry": { "type": "Polygon", "coordinates": [ [ [ 652748.878516080789268, 5594233.543173020705581 ], [ 652820.291787067544647, 5594405.581561158411205 ], [ 652711.286835315986536, 5594570.335023561492562 ], [ 652530.865660833427683, 5594563.053488798439503 ], [ 652459.448394589708187, 5594391.014287081547081 ], [ 652568.456298214616254, 5594226.257433683611453 ], [ 652748.878516080789268, 5594233.543173020705581 ] ] ] } },
{ "type": "Feature", "properties": { "h3_index": "89ce8c0f1cfffff", "id": 114, "m_osm": 304.68340871884425, "total_ciclo_km": null, "phanto_ciclo_km": null, "valdchil_osm_full_network_component": 1, "valdchil_osm_full_network_comp_intersect": 304.68340871884425, "valdchil_osm_full_network_comp_total": 761655.25169693318 }, "geometry": { "type": "Polygon", "coordinates": [ [ [ 649812.20416538673453, 5588869.157555911689997 ], [ 649883.678572999779135, 5589041.315886300988495 ], [ 649774.629615940852091, 5589206.120257018133998 ], [ 649594.103294077562168, 5589198.769682537764311 ], [ 649522.624891891260631, 5589026.610529175028205 ], [ 649631.676806269097142, 5588861.802773242816329 ], [ 649812.20416538673453, 5588869.157555911689997 ] ] ] } },
{ "type": "Feature", "properties": { "h3_index": "89ce8c0d417ffff", "id": 115, "m_osm": 1329.3478906825346, "total_ciclo_km": null, "phanto_ciclo_km": null, "valdchil_osm_full_network_component": 1, "valdchil_osm_full_network_comp_intersect": 1329.3478906825349, "valdchil_osm_full_network_comp_total": 761655.25169693318 }, "geometry": { "type": "Polygon", "coordinates": [ [ [ 652508.313837395748124, 5591517.043057884089649 ], [ 652579.738880847580731, 5591689.127812992781401 ], [ 652470.723675633897074, 5591853.893415507860482 ], [ 652290.280473164166324, 5591846.577650398015976 ], [ 652218.851436072494835, 5591674.492077094502747 ], [ 652327.869595218915492, 5591509.723087072372437 ], [ 652508.313837395748124, 5591517.043057884089649 ] ] ] } },
{ "type": "Feature", "properties": { "h3_index": "89ce8c0f68fffff", "id": 117, "m_osm": 1114.5529737735967, "total_ciclo_km": null, "phanto_ciclo_km": null, "valdchil_osm_full_network_component": 1, "valdchil_osm_full_network_comp_intersect": 1114.5529737735967, "valdchil_osm_full_network_comp_total": 761655.25169693318 }, "geometry": { "type": "Polygon", "coordinates": [ [ [ 653072.190078994492069, 5586463.601213064044714 ], [ 653143.621410262887366, 5586635.760387280024588 ], [ 653034.596951647894457, 5586800.537319766357541 ], [ 652854.138204704737291, 5586793.158458559773862 ], [ 652782.702883844031021, 5586620.998457681387663 ], [ 652891.730299649760127, 5586456.218144644983113 ], [ 653072.190078994492069, 5586463.601213064044714 ] ] ] } },
{ "type": "Feature", "properties": { "h3_index": "89ce8c0d4a7ffff", "id": 118, "m_osm": 302.14086916333156, "total_ciclo_km": null, "phanto_ciclo_km": null, "valdchil_osm_full_network_component": 1, "valdchil_osm_full_network_comp_intersect": 302.14086916333156, "valdchil_osm_full_network_comp_total": 761655.25169693318 }, "geometry": { "type": "Polygon", "coordinates": [ [ [ 651677.486031693406403, 5591652.536995452828705 ], [ 651748.923476232681423, 5591824.629173154011369 ], [ 651639.9006503962446, 5591989.403414279222488 ], [ 651459.437425847514533, 5591982.088865743950009 ], [ 651387.995986727648415, 5591809.995869982987642 ], [ 651497.021766865043901, 5591645.218240795657039 ], [ 651677.486031693406403, 5591652.536995452828705 ] ] ] } },
{ "type": "Feature", "properties": { "h3_index": "89ce8c0512bffff", "id": 119, "m_osm": 1331.0440355849548, "total_ciclo_km": null, "phanto_ciclo_km": null, "valdchil_osm_full_network_component": 1, "valdchil_osm_full_network_comp_intersect": 1331.0440355849548, "valdchil_osm_full_network_comp_total": 761655.25169693318 }, "geometry": { "type": "Polygon", "coordinates": [ [ [ 637747.625488826888613, 5587191.855418137274683 ], [ 637819.290517267305404, 5587364.179972492158413 ], [ 637710.120283477008343, 5587529.122434216551483 ], [ 637529.282056111143902, 5587521.743729983456433 ], [ 637457.613021962461062, 5587349.418348425999284 ], [ 637566.786221017013304, 5587184.472498282790184 ], [ 637747.625488826888613, 5587191.855418137274683 ] ] ] } },
{ "type": "Feature", "properties": { "h3_index": "89ce8c0d5a7ffff", "id": 120, "m_osm": 506.20507502302161, "total_ciclo_km": null, "phanto_ciclo_km": null, "valdchil_osm_full_network_component": 1, "valdchil_osm_full_network_comp_intersect": 506.20507502302161, "valdchil_osm_full_network_comp_total": 761655.25169693318 }, "geometry": { "type": "Polygon", "coordinates": [ [ [ 649650.87388267274946, 5592754.842215447686613 ], [ 649722.339297760045156, 5592926.940114674158394 ], [ 649613.300156539073214, 5593091.732730920426548 ], [ 649432.792645702138543, 5593084.430838353000581 ], [ 649361.323233208153397, 5592912.332122695632279 ], [ 649470.365329083520919, 5592747.536116013303399 ], [ 649650.87388267274946, 5592754.842215447686613 ] ] ] } },
{ "type": "Feature", "properties": { "h3_index": "89ce8c0f33bffff", "id": 121, "m_osm": 1628.9099996097145, "total_ciclo_km": null, "phanto_ciclo_km": null, "valdchil_osm_full_network_component": 1, "valdchil_osm_full_network_comp_intersect": 1628.9099996097141, "valdchil_osm_full_network_comp_total": 761655.25169693318 }, "geometry": { "type": "Polygon", "coordinates": [ [ [ 650669.790858662454411, 5590934.821006613783538 ], [ 650741.245954624377191, 5591106.936330828815699 ], [ 650632.211309973150492, 5591271.724123460240662 ], [ 650451.718614113749936, 5591264.399979423731565 ], [ 650380.259523031534627, 5591092.28383582085371 ], [ 650489.297123058349825, 5590927.492655622772872 ], [ 650669.790858662454411, 5590934.821006613783538 ] ] ] } },
{ "type": "Feature", "properties": { "h3_index": "89ce8c0c62fffff", "id": 123, "m_osm": 797.94909782756611, "total_ciclo_km": null, "phanto_ciclo_km": null, "valdchil_osm_full_network_component": 1, "valdchil_osm_full_network_comp_intersect": 797.94909782756599, "valdchil_osm_full_network_comp_total": 761655.25169693318 }, "geometry": { "type": "Polygon", "coordinates": [ [ [ 648315.731486673234031, 5592531.57848605979234 ], [ 648387.218139489647001, 5592703.695386643521488 ], [ 648278.165476814378053, 5592868.50342483446002 ], [ 648097.623205892974511, 5592861.197953159920871 ], [ 648026.132554461131804, 5592689.08023561630398 ], [ 648135.188172695576213, 5592524.268806681036949 ], [ 648315.731486673234031, 5592531.57848605979234 ] ] ] } },
{ "type": "Feature", "properties": { "h3_index": "89ce8c0f2c7ffff", "id": 124, "m_osm": 4240.7235874281796, "total_ciclo_km": null, "phanto_ciclo_km": null, "valdchil_osm_full_network_component": 1, "valdchil_osm_full_network_comp_intersect": 4240.7235874281796, "valdchil_osm_full_network_comp_total": 761655.25169693318 }, "geometry": { "type": "Polygon", "coordinates": [ [ [ 653350.372537057381123, 5588844.093779131770134 ], [ 653421.792534824926406, 5589016.211641156114638 ], [ 653312.777677604346536, 5589180.977299484424293 ], [ 653132.339867389760911, 5589173.628479346632957 ], [ 653060.915878676809371, 5589001.509794710204005 ], [ 653169.93369125155732, 5588836.740752798505127 ], [ 653350.372537057381123, 5588844.093779131770134 ] ] ] } },
{ "type": "Feature", "properties": { "h3_index": "89ce8c0c643ffff", "id": 125, "m_osm": 1855.8741791351581, "total_ciclo_km": null, "phanto_ciclo_km": null, "valdchil_osm_full_network_component": 1, "valdchil_osm_full_network_comp_intersect": 1855.8741791351579, "valdchil_osm_full_network_comp_total": 761655.25169693318 }, "geometry": { "type": "Polygon", "coordinates": [ [ [ 649763.596311199944466, 5591744.136252314783633 ], [ 649835.062976988730952, 5591916.249064609408379 ], [ 649726.021960326470435, 5592081.043974402360618 ], [ 649545.511322693084367, 5592073.729460928589106 ], [ 649474.040660306578502, 5591901.615830510854721 ], [ 649583.084632274927571, 5591736.817531668581069 ], [ 649763.596311199944466, 5591744.136252314783633 ] ] ] } },
{ "type": "Feature", "properties": { "h3_index": "89ce8c0584bffff", "id": 127, "m_osm": 729.31509971628248, "total_ciclo_km": null, "phanto_ciclo_km": null, "valdchil_osm_full_network_component": 1, "valdchil_osm_full_network_comp_intersect": 729.31509971628236, "valdchil_osm_full_network_comp_total": 761655.25169693318 }, "geometry": { "type": "Polygon", "coordinates": [ [ [ 636867.583867709850892, 5590205.016960139386356 ], [ 636939.253698267042637, 5590377.303397063165903 ], [ 636830.083948906511068, 5590542.245079419575632 ], [ 636649.241405511042103, 5590534.903717655688524 ], [ 636577.567566269659437, 5590362.616458526812494 ], [ 636686.740279235644266, 5590197.671383345499635 ], [ 636867.583867709850892, 5590205.016960139386356 ] ] ] } },
{ "type": "Feature", "properties": { "h3_index": "89ce8c0f2a3ffff", "id": 128, "m_osm": 1614.128828829118, "total_ciclo_km": null, "phanto_ciclo_km": null, "valdchil_osm_full_network_component": 1, "valdchil_osm_full_network_comp_intersect": 1614.1288288291184, "valdchil_osm_full_network_comp_total": 761655.25169693318 }, "geometry": { "type": "Polygon", "coordinates": [ [ [ 652230.082334753358737, 5589136.881411577574909 ], [ 652301.518717373372056, 5589309.007525047287345 ], [ 652192.493889114935882, 5589473.784453756175935 ], [ 652012.029722594888881, 5589466.438653454184532 ], [ 651940.589347686269321, 5589294.311717743054032 ], [ 652049.617131715174764, 5589129.53140455391258 ], [ 652230.082334753358737, 5589136.881411577574909 ] ] ] } },
{ "type": "Feature", "properties": { "h3_index": "89ce8c0c653ffff", "id": 129, "m_osm": 736.1993346341111, "total_ciclo_km": null, "phanto_ciclo_km": null, "valdchil_osm_full_network_component": 1, "valdchil_osm_full_network_comp_intersect": 736.19933463411098, "valdchil_osm_full_network_comp_total": 761655.25169693318 }, "geometry": { "type": "Polygon", "coordinates": [ [ [ 649801.170869671041146, 5591407.222798171453178 ], [ 649872.637952196761034, 5591579.340579846873879 ], [ 649763.596311199944466, 5591744.136252314783633 ], [ 649583.084632274927571, 5591736.817531668581069 ], [ 649511.613553422270343, 5591564.698931304737926 ], [ 649620.658149946364574, 5591399.899870251305401 ], [ 649801.170869671041146, 5591407.222798171453178 ] ] ] } },
{ "type": "Feature", "properties": { "h3_index": "89ce8c0d453ffff", "id": 130, "m_osm": 508.78173000963147, "total_ciclo_km": null, "phanto_ciclo_km": null, "valdchil_osm_full_network_component": 1, "valdchil_osm_full_network_comp_intersect": 508.78173000963147, "valdchil_osm_full_network_comp_total": 761655.25169693318 }, "geometry": { "type": "Polygon", "coordinates": [ [ [ 653590.883427549386397, 5591560.958744402974844 ], [ 653662.291658545495011, 5591733.0302924355492 ], [ 653553.287029067636468, 5591897.78387001901865 ], [ 653372.871215425431728, 5591890.469286625273526 ], [ 653301.458991861902177, 5591718.396920600906014 ], [ 653410.466574636055157, 5591553.639955936931074 ], [ 653590.883427549386397, 5591560.958744402974844 ] ] ] } },
{ "type": "Feature", "properties": { "h3_index": "89ce8c0d457ffff", "id": 132, "m_osm": 1150.3797960712113, "total_ciclo_km": null, "phanto_ciclo_km": null, "valdchil_osm_full_network_component": 1, "valdchil_osm_full_network_comp_intersect": 1150.3797960712116, "valdchil_osm_full_network_comp_total": 761655.25169693318 }, "geometry": { "type": "Polygon", "coordinates": [ [ [ 653301.458991861902177, 5591718.396920600906014 ], [ 653372.871215425431728, 5591890.469286625273526 ], [ 653263.864251321181655, 5592055.225489039905369 ], [ 653083.44211044057738, 5592047.912712820805609 ], [ 653012.025893908343278, 5591875.839529032818973 ], [ 653121.035811355686747, 5591711.079939203336835 ], [ 653301.458991861902177, 5591718.396920600906014 ] ] ] } },
{ "type": "Feature", "properties": { "h3_index": "89ce8c0f023ffff", "id": 133, "m_osm": 3308.6847031388365, "total_ciclo_km": null, "phanto_ciclo_km": null, "valdchil_osm_full_network_component": 1, "valdchil_osm_full_network_comp_intersect": 3308.6847031388361, "valdchil_osm_full_network_comp_total": 761655.25169693318 }, "geometry": { "type": "Polygon", "coordinates": [ [ [ 650643.310462553752586, 5588733.777601116336882 ], [ 650714.772472256794572, 5588905.928499507717788 ], [ 650605.731144628371112, 5589070.724225373007357 ], [ 650425.224850476835854, 5589063.372437482699752 ], [ 650353.758847141172737, 5588891.220715985633433 ], [ 650462.803131720284, 5588726.421605463139713 ], [ 650643.310462553752586, 5588733.777601116336882 ] ] ] } },
{ "type": "Feature", "properties": { "h3_index": "89ce8c0f5cfffff", "id": 134, "m_osm": 2185.4169407035179, "total_ciclo_km": null, "phanto_ciclo_km": null, "valdchil_osm_full_network_component": 1, "valdchil_osm_full_network_comp_intersect": 2185.4169407035179, "valdchil_osm_full_network_comp_total": 761655.25169693318 }, "geometry": { "type": "Polygon", "coordinates": [ [ [ 650075.231749915983528, 5586510.258658769540489 ], [ 650146.709065861883573, 5586682.451709809713066 ], [ 650037.655768127762713, 5586847.261345015838742 ], [ 649857.122195733361878, 5586839.881311122328043 ], [ 649785.640887105371803, 5586667.68743315525353 ], [ 649894.697143682860769, 5586502.874415987171233 ], [ 650075.231749915983528, 5586510.258658769540489 ] ] ] } },
{ "type": "Feature", "properties": { "h3_index": "89ce8c0f6cbffff", "id": 135, "m_osm": 1270.5361262087988, "total_ciclo_km": null, "phanto_ciclo_km": null, "valdchil_osm_full_network_component": 10290, "valdchil_osm_full_network_comp_intersect": 1270.5361262087986, "valdchil_osm_full_network_comp_total": 4669.370599437796 }, "geometry": { "type": "Polygon", "coordinates": [ [ [ 654154.852869268273935, 5586507.895452222786844 ], [ 654226.267406733823009, 5586680.041410126723349 ], [ 654117.253549042739905, 5586844.806317868642509 ], [ 653936.822197464876808, 5586837.428647805005312 ], [ 653865.403671483043581, 5586665.281863439828157 ], [ 653974.420485725160688, 5586500.513575579039752 ], [ 654154.852869268273935, 5586507.895452222786844 ] ] ] } },
{ "type": "Feature", "properties": { "h3_index": "89ce8c0d42bffff", "id": 136, "m_osm": 19.695297303894371, "total_ciclo_km": null, "phanto_ciclo_km": null, "valdchil_osm_full_network_component": 1, "valdchil_osm_full_network_comp_intersect": 19.695297303894371, "valdchil_osm_full_network_comp_total": 761655.25169693318 }, "geometry": { "type": "Polygon", "coordinates": [ [ [ 652395.543953305459581, 5592527.57693739887327 ], [ 652466.967736979830079, 5592699.646786537021399 ], [ 652357.954393384279683, 5592864.410098185762763 ], [ 652177.514312964398414, 5592857.106949574314058 ], [ 652106.086534839123487, 5592685.036283936351538 ], [ 652215.102831714320928, 5592520.26958339009434 ], [ 652395.543953305459581, 5592527.57693739887327 ] ] ] } },
{ "type": "Feature", "properties": { "h3_index": "89ce8c0d633ffff", "id": 137, "m_osm": 1223.6513719189502, "total_ciclo_km": null, "phanto_ciclo_km": null, "valdchil_osm_full_network_component": 1, "valdchil_osm_full_network_comp_intersect": 1223.6513719189504, "valdchil_osm_full_network_comp_total": 761655.25169693318 }, "geometry": { "type": "Polygon", "coordinates": [ [ [ 653944.110980752389878, 5593266.919169078581035 ], [ 654015.508696849807166, 5593438.95927157625556 ], [ 653906.512447667773813, 5593603.703014557249844 ], [ 653726.115530624403618, 5593596.41004419606179 ], [ 653654.713821148732677, 5593424.369126621633768 ], [ 653763.713022220530547, 5593259.621994463726878 ], [ 653944.110980752389878, 5593266.919169078581035 ] ] ] } },
{ "type": "Feature", "properties": { "h3_index": "89ce8c0f1d3ffff", "id": 138, "m_osm": 420.56118299862874, "total_ciclo_km": null, "phanto_ciclo_km": null, "valdchil_osm_full_network_component": 1, "valdchil_osm_full_network_comp_intersect": 420.56118299862868, "valdchil_osm_full_network_comp_total": 761655.25169693318 }, "geometry": { "type": "Polygon", "coordinates": [ [ [ 649887.353880721726455, 5588195.215003258548677 ], [ 649958.829119701636955, 5588367.383257943205535 ], [ 649849.778920420911163, 5588532.189137410372496 ], [ 649669.250524536822923, 5588524.830146455205977 ], [ 649597.771291527198628, 5588352.661067667417228 ], [ 649706.824448559083976, 5588187.851803917437792 ], [ 649887.353880721726455, 5588195.215003258548677 ] ] ] } },
{ "type": "Feature", "properties": { "h3_index": "89ce8c0d4b3ffff", "id": 139, "m_osm": 2766.2637222838234, "total_ciclo_km": null, "phanto_ciclo_km": null, "valdchil_osm_full_network_component": 1, "valdchil_osm_full_network_comp_intersect": 2667.8183343531673, "valdchil_osm_full_network_comp_total": 761655.25169693318 }, "geometry": { "type": "Polygon", "coordinates": [ [ [ 652004.55465975496918, 5591158.213850042782724 ], [ 652075.988529254565947, 5591330.310176780447364 ], [ 651966.967415908817202, 5591495.082554186694324 ], [ 651786.509478722233325, 5591487.761992095038295 ], [ 651715.071615313296206, 5591315.664846503175795 ], [ 651824.095683125779033, 5591150.889081835746765 ], [ 652004.55465975496918, 5591158.213850042782724 ] ] ] } },
{ "type": "Feature", "properties": { "h3_index": "89ce8c0f353ffff", "id": 140, "m_osm": 1122.7637196213514, "total_ciclo_km": null, "phanto_ciclo_km": null, "valdchil_osm_full_network_component": 1, "valdchil_osm_full_network_comp_intersect": 1062.8352911508096, "valdchil_osm_full_network_comp_total": 761655.25169693318 }, "geometry": { "type": "Polygon", "coordinates": [ [ [ 651827.829576864722185, 5590305.014036328531802 ], [ 651899.268696396495216, 5590477.126080674119294 ], [ 651790.243388220085762, 5590641.903365201316774 ], [ 651609.776005475781858, 5590634.571991570293903 ], [ 651538.332892442354932, 5590462.459126910194755 ], [ 651647.361155788064934, 5590297.678456173278391 ], [ 651827.829576864722185, 5590305.014036328531802 ] ] ] } },
{ "type": "Feature", "properties": { "h3_index": "89ce8c0f213ffff", "id": 141, "m_osm": 2395.358218900667, "total_ciclo_km": null, "phanto_ciclo_km": null, "valdchil_osm_full_network_component": 1, "valdchil_osm_full_network_comp_intersect": 2120.6116882838937, "valdchil_osm_full_network_comp_total": 761655.25169693318 }, "geometry": { "type": "Polygon", "coordinates": [ [ [ 653060.915878676809371, 5589001.509794710204005 ], [ 653132.339867389760911, 5589173.628479346632957 ], [ 653023.322671086643822, 5589338.396766383200884 ], [ 652842.878530794987455, 5589331.049752689898014 ], [ 652771.450550731504336, 5589158.93024567887187 ], [ 652880.470702439313754, 5588994.158574714325368 ], [ 653060.915878676809371, 5589001.509794710204005 ] ] ] } },
{ "type": "Feature", "properties": { "h3_index": "89ce8c0f323ffff", "id": 142, "m_osm": 1880.4768434813814, "total_ciclo_km": null, "phanto_ciclo_km": null, "valdchil_osm_full_network_component": 1, "valdchil_osm_full_network_comp_intersect": 1880.4768434813811, "valdchil_osm_full_network_comp_total": 761655.25169693318 }, "geometry": { "type": "Polygon", "coordinates": [ [ [ 650380.259523031534627, 5591092.28383582085371 ], [ 650451.718614113749936, 5591264.399979423731565 ], [ 650342.681636774097569, 5591429.190398786216974 ], [ 650162.182613058015704, 5591421.8680624300614 ], [ 650090.719526455970481, 5591249.751099675893784 ], [ 650199.75945922115352, 5591084.957292406819761 ], [ 650380.259523031534627, 5591092.28383582085371 ] ] ] } },
{ "type": "Feature", "properties": { "h3_index": "89ce8c0f0c7ffff", "id": 144, "m_osm": 1696.8407264796535, "total_ciclo_km": null, "phanto_ciclo_km": null, "valdchil_osm_full_network_component": 1, "valdchil_osm_full_network_comp_intersect": 1696.8407264796535, "valdchil_osm_full_network_comp_total": 761655.25169693318 }, "geometry": { "type": "Polygon", "coordinates": [ [ [ 651587.082467563915998, 5587587.585215107537806 ], [ 651658.533333566971123, 5587759.74356194678694 ], [ 651549.49778324412182, 5587924.532902755774558 ], [ 651369.008409816306084, 5587917.167279411107302 ], [ 651297.553551934775896, 5587745.008107638917863 ], [ 651406.592059487709776, 5587580.215384119190276 ], [ 651587.082467563915998, 5587587.585215107537806 ] ] ] } },
{ "type": "Feature", "properties": { "h3_index": "89ce8c0d5d7ffff", "id": 145, "m_osm": 882.06442054359866, "total_ciclo_km": null, "phanto_ciclo_km": null, "valdchil_osm_full_network_component": 1, "valdchil_osm_full_network_comp_intersect": 882.06442054359854, "valdchil_osm_full_network_comp_total": 761655.25169693318 }, "geometry": { "type": "Polygon", "coordinates": [ [ [ 651098.497281752061099, 5591967.459177772514522 ], [ 651169.942715858342126, 5592139.552991359494627 ], [ 651060.91522562073078, 5592304.332483112812042 ], [ 650880.439347003237344, 5592297.02154999691993 ], [ 650808.989917508559301, 5592124.926918816752732 ], [ 650918.020362147595733, 5591960.144038321450353 ], [ 651098.497281752061099, 5591967.459177772514522 ] ] ] } },
{ "type": "Feature", "properties": { "h3_index": "89ce8c0d5bbffff", "id": 146, "m_osm": 73.732641329754571, "total_ciclo_km": null, "phanto_ciclo_km": null, "valdchil_osm_full_network_component": 1, "valdchil_osm_full_network_comp_intersect": 73.732641329754571, "valdchil_osm_full_network_comp_total": 761655.25169693318 }, "geometry": { "type": "Polygon", "coordinates": [ [ [ 650229.949214180582203, 5592439.87570065073669 ], [ 650301.406635665684007, 5592611.971966319717467 ], [ 650192.37215311836917, 5592776.759333125315607 ], [ 650011.877294663456269, 5592769.453823996707797 ], [ 649940.415876578073949, 5592597.356741431169212 ], [ 650049.453313678968698, 5592432.56598486751318 ], [ 650229.949214180582203, 5592439.87570065073669 ] ] ] } },
{ "type": "Feature", "properties": { "h3_index": "89ce8c0f007ffff", "id": 147, "m_osm": 912.5234678200078, "total_ciclo_km": null, "phanto_ciclo_km": null, "valdchil_osm_full_network_component": 1, "valdchil_osm_full_network_comp_intersect": 912.52346782000757, "valdchil_osm_full_network_comp_total": 761655.25169693318 }, "geometry": { "type": "Polygon", "coordinates": [ [ [ 650970.434586632065475, 5588239.390037321485579 ], [ 651041.893019992974587, 5588411.545073492452502 ], [ 650932.853410188108683, 5588576.338923350907862 ], [ 650752.352410033927299, 5588568.981120866723359 ], [ 650680.889983714092523, 5588396.825260791927576 ], [ 650789.932550636818632, 5588232.028027078136802 ], [ 650970.434586632065475, 5588239.390037321485579 ] ] ] } },
{ "type": "Feature", "properties": { "h3_index": "89ce8c0d017ffff", "id": 148, "m_osm": 312.20814891891041, "total_ciclo_km": null, "phanto_ciclo_km": null, "valdchil_osm_full_network_component": 6230, "valdchil_osm_full_network_comp_intersect": 291.78150580711178, "valdchil_osm_full_network_comp_total": 6295.2298886600975 }, "geometry": { "type": "Polygon", "coordinates": [ [ [ 652245.186922474298626, 5593874.875159020535648 ], [ 652316.609025299199857, 5594046.925122054293752 ], [ 652207.598169530974701, 5594211.685366326011717 ], [ 652027.162258657976054, 5594204.399038290604949 ], [ 651955.736160308355466, 5594032.348261018283665 ], [ 652064.749968486838043, 5593867.58462599478662 ], [ 652245.186922474298626, 5593874.875159020535648 ] ] ] } },
{ "type": "Feature", "properties": { "h3_index": "89ce8c0f1a3ffff", "id": 149, "m_osm": 18.874468268449348, "total_ciclo_km": null, "phanto_ciclo_km": null, "valdchil_osm_full_network_component": 1, "valdchil_osm_full_network_comp_intersect": 18.874468268449348, "valdchil_osm_full_network_comp_total": 761655.25169693318 }, "geometry": { "type": "Polygon", "coordinates": [ [ [ 648439.354264713940211, 5588982.4897066578269 ], [ 648510.849477890296839, 5589154.662079530768096 ], [ 648401.787601189222187, 5589319.48111198656261 ], [ 648221.22755343595054, 5589312.131157534196973 ], [ 648149.728344211122021, 5589139.957961723208427 ], [ 648258.793178917025216, 5588975.135543280281126 ], [ 648439.354264713940211, 5588982.4897066578269 ] ] ] } },
{ "type": "Feature", "properties": { "h3_index": "89ce8c0d46fffff", "id": 150, "m_osm": 484.83019414929623, "total_ciclo_km": null, "phanto_ciclo_km": null, "valdchil_osm_full_network_component": 11121, "valdchil_osm_full_network_comp_intersect": 250.47283342437248, "valdchil_osm_full_network_comp_total": 273.83115183496813 }, "geometry": { "type": "Polygon", "coordinates": [ [ [ 652899.24724682723172, 5592886.318364103324711 ], [ 652970.662201472325251, 5593058.376640385948122 ], [ 652861.654763634782284, 5593223.133173868060112 ], [ 652681.229418534552678, 5593215.834820189513266 ], [ 652609.810469706077129, 5593043.775728069245815 ], [ 652718.820860288338736, 5592879.015805442817509 ], [ 652899.24724682723172, 5592886.318364103324711 ] ] ] } },
{ "type": "Feature", "properties": { "h3_index": "89ce8c0c66bffff", "id": 151, "m_osm": 716.45894243342923, "total_ciclo_km": null, "phanto_ciclo_km": null, "valdchil_osm_full_network_component": 1, "valdchil_osm_full_network_comp_intersect": 716.45894243342923, "valdchil_osm_full_network_comp_total": 761655.25169693318 }, "geometry": { "type": "Polygon", "coordinates": [ [ [ 649398.895499876933172, 5592575.432427947409451 ], [ 649470.365329083520919, 5592747.536116013303399 ], [ 649361.323233208153397, 5592912.332122695632279 ], [ 649180.808353330590762, 5592905.027831604704261 ], [ 649109.334526580059901, 5592732.923326778225601 ], [ 649218.379577378975227, 5592568.123929782770574 ], [ 649398.895499876933172, 5592575.432427947409451 ] ] ] } },
{ "type": "Feature", "properties": { "h3_index": "89ce8c0c4dbffff", "id": 152, "m_osm": 2565.3107978653179, "total_ciclo_km": null, "phanto_ciclo_km": null, "valdchil_osm_full_network_component": 1, "valdchil_osm_full_network_comp_intersect": 2565.3107978653179, "valdchil_osm_full_network_comp_total": 761655.25169693318 }, "geometry": { "type": "Polygon", "coordinates": [ [ [ 648112.163342969957739, 5589476.952820234932005 ], [ 648183.662138174986467, 5589649.121050919406116 ], [ 648074.598552355659194, 5589813.941956958733499 ], [ 647894.033213617978618, 5589806.598019074648619 ], [ 647822.530421689967625, 5589634.428966249339283 ], [ 647931.596965348348022, 5589469.604673421941698 ], [ 648112.163342969957739, 5589476.952820234932005 ] ] ] } },
{ "type": "Feature", "properties": { "h3_index": "89ce8c0f22bffff", "id": 153, "m_osm": 686.97260489979044, "total_ciclo_km": null, "phanto_ciclo_km": null, "valdchil_osm_full_network_component": 1, "valdchil_osm_full_network_comp_intersect": 686.97260489979044, "valdchil_osm_full_network_comp_total": 761655.25169693318 }, "geometry": { "type": "Polygon", "coordinates": [ [ [ 652658.676480891881511, 5590169.584356816485524 ], [ 652730.1032028979389, 5590341.688975078985095 ], [ 652621.08552119799424, 5590506.457619185559452 ], [ 652440.638162815477699, 5590499.125030664727092 ], [ 652369.207448245026171, 5590327.019591954536736 ], [ 652478.228084749192931, 5590162.247562191449106 ], [ 652658.676480891881511, 5590169.584356816485524 ] ] ] } },
{ "type": "Feature", "properties": { "h3_index": "89ce8c0f42bffff", "id": 154, "m_osm": 146.67072254061864, "total_ciclo_km": null, "phanto_ciclo_km": null, "valdchil_osm_full_network_component": 8484, "valdchil_osm_full_network_comp_intersect": 146.67072254061864, "valdchil_osm_full_network_comp_total": 221.02898467389724 }, "geometry": { "type": "Polygon", "coordinates": [ [ [ 651158.343492642627098, 5586554.559942467138171 ], [ 651229.804009203566238, 5586726.739771922118962 ], [ 651120.761309347697534, 5586891.537377585656941 ], [ 650940.255134855397046, 5586884.158535308204591 ], [ 650868.790626688860357, 5586711.977879128418863 ], [ 650977.83628474874422, 5586547.176891931332648 ], [ 651158.343492642627098, 5586554.559942467138171 ] ] ] } },
{ "type": "Feature", "properties": { "h3_index": "89ce8c0f55bffff", "id": 155, "m_osm": 1427.855820185014, "total_ciclo_km": null, "phanto_ciclo_km": null, "valdchil_osm_full_network_component": 1, "valdchil_osm_full_network_comp_intersect": 1427.855820185014, "valdchil_osm_full_network_comp_total": 761655.25169693318 }, "geometry": { "type": "Polygon", "coordinates": [ [ [ 650579.229087103158236, 5586869.400254994630814 ], [ 650650.697587279835716, 5587041.581737669184804 ], [ 650541.650206422433257, 5587206.38460857514292 ], [ 650361.131367214024067, 5587199.009378999471664 ], [ 650289.658874624408782, 5587026.827070065774024 ], [ 650398.709213784895837, 5586862.02081694547087 ], [ 650579.229087103158236, 5586869.400254994630814 ] ] ] } },
{ "type": "Feature", "properties": { "h3_index": "89ce8c05e37ffff", "id": 157, "m_osm": 707.23482910503583, "total_ciclo_km": null, "phanto_ciclo_km": null, "valdchil_osm_full_network_component": 1, "valdchil_osm_full_network_comp_intersect": 707.23482910503594, "valdchil_osm_full_network_comp_total": 761655.25169693318 }, "geometry": { "type": "Polygon", "coordinates": [ [ [ 636980.085073865950108, 5589193.298204689286649 ], [ 637051.756108699948527, 5589365.599562137387693 ], [ 636942.584430512273684, 5589530.543521027080715 ], [ 636761.738753355341032, 5589523.189513870514929 ], [ 636690.063710652291775, 5589350.887332515791059 ], [ 636799.238353107473813, 5589185.939982199110091 ], [ 636980.085073865950108, 5589193.298204689286649 ] ] ] } },
{ "type": "Feature", "properties": { "h3_index": "89ce8c0d4abffff", "id": 158, "m_osm": 3157.5555192037345, "total_ciclo_km": null, "phanto_ciclo_km": null, "valdchil_osm_full_network_component": 1, "valdchil_osm_full_network_comp_intersect": 3157.5555192037345, "valdchil_osm_full_network_comp_total": 761655.25169693318 }, "geometry": { "type": "Polygon", "coordinates": [ [ [ 652218.851436072494835, 5591674.492077094502747 ], [ 652290.280473164166324, 5591846.577650398015976 ], [ 652181.262934370199218, 5592011.345878183841705 ], [ 652000.813404628774151, 5592004.031920492649078 ], [ 651929.380373490741476, 5591831.945529230870306 ], [ 652038.400866269948892, 5591667.17391359526664 ], [ 652218.851436072494835, 5591674.492077094502747 ] ] ] } },
{ "type": "Feature", "properties": { "h3_index": "89ce8c0f08fffff", "id": 159, "m_osm": 1091.0728219623059, "total_ciclo_km": null, "phanto_ciclo_km": null, "valdchil_osm_full_network_component": 1, "valdchil_osm_full_network_comp_intersect": 1091.0728219623059, "valdchil_osm_full_network_comp_total": 761655.25169693318 }, "geometry": { "type": "Polygon", "coordinates": [ [ [ 651045.59754524868913, 5587565.475127088837326 ], [ 651117.056812137132511, 5587737.640083039179444 ], [ 651008.015965093160048, 5587902.435437986627221 ], [ 650827.51289374078624, 5587895.069219884462655 ], [ 650756.049634435446933, 5587722.903438902460039 ], [ 650865.093439028831199, 5587558.104701028205454 ], [ 651045.59754524868913, 5587565.475127088837326 ] ] ] } },
{ "type": "Feature", "properties": { "h3_index": "89ce8c0f57bffff", "id": 160, "m_osm": 1014.9845939468823, "total_ciclo_km": null, "phanto_ciclo_km": null, "valdchil_osm_full_network_component": 1, "valdchil_osm_full_network_comp_intersect": 1014.9845939468823, "valdchil_osm_full_network_comp_total": 761655.25169693318 }, "geometry": { "type": "Polygon", "coordinates": [ [ [ 649962.504415829316713, 5587521.24959497526288 ], [ 650033.980485842796043, 5587693.427770670503378 ], [ 649924.929045965196565, 5587858.235155198723078 ], [ 649744.39857801317703, 5587850.867747369222343 ], [ 649672.918514507939108, 5587678.68874644394964 ], [ 649781.972912576282397, 5587513.877978558652103 ], [ 649962.504415829316713, 5587521.24959497526288 ] ] ] } },
{ "type": "Feature", "properties": { "h3_index": "89ce8c0c6cbffff", "id": 161, "m_osm": 303.5590153919602, "total_ciclo_km": null, "phanto_ciclo_km": null, "valdchil_osm_full_network_component": 1, "valdchil_osm_full_network_comp_intersect": 303.5590153919602, "valdchil_osm_full_network_comp_total": 761655.25169693318 }, "geometry": { "type": "Polygon", "coordinates": [ [ [ 649838.745635422412306, 5591070.303613713011146 ], [ 649910.213134602294303, 5591242.426363951526582 ], [ 649801.170869671041146, 5591407.222798171453178 ], [ 649620.658149946364574, 5591399.899870251305401 ], [ 649549.186654708581045, 5591227.776300762780011 ], [ 649658.231875381548889, 5591062.976478420197964 ], [ 649838.745635422412306, 5591070.303613713011146 ] ] ] } },
{ "type": "Feature", "properties": { "h3_index": "89ce8c0c4c3ffff", "id": 162, "m_osm": 561.24033227378141, "total_ciclo_km": null, "phanto_ciclo_km": null, "valdchil_osm_full_network_component": 1, "valdchil_osm_full_network_comp_intersect": 561.24033227378129, "valdchil_osm_full_network_comp_total": 761655.25169693318 }, "geometry": { "type": "Polygon", "coordinates": [ [ [ 647822.530421689967625, 5589634.428966249339283 ], [ 647894.033213617978618, 5589806.598019074648619 ], [ 647784.967295229085721, 5589971.421554781496525 ], [ 647604.395627148798667, 5589964.079424763098359 ], [ 647532.888838090468198, 5589791.909550026990473 ], [ 647641.957714370801114, 5589627.082627194933593 ], [ 647822.530421689967625, 5589634.428966249339283 ] ] ] } },
{ "type": "Feature", "properties": { "h3_index": "89ce8c0f673ffff", "id": 163, "m_osm": 2865.8723023980156, "total_ciclo_km": null, "phanto_ciclo_km": null, "valdchil_osm_full_network_component": 1, "valdchil_osm_full_network_comp_intersect": 2865.8723023980156, "valdchil_osm_full_network_comp_total": 761655.25169693318 }, "geometry": { "type": "Polygon", "coordinates": [ [ [ 653500.753930853446946, 5587496.502569500356913 ], [ 653572.17560703959316, 5587668.640267186798155 ], [ 653463.15828965511173, 5587833.408937652595341 ], [ 653282.716339991427958, 5587826.043292138725519 ], [ 653211.290673938230611, 5587653.904769584536552 ], [ 653320.310947545571253, 5587489.132717390544713 ], [ 653500.753930853446946, 5587496.502569500356913 ] ] ] } },
{ "type": "Feature", "properties": { "h3_index": "89ce8c0f237ffff", "id": 164, "m_osm": 1757.056143493239, "total_ciclo_km": null, "phanto_ciclo_km": null, "valdchil_osm_full_network_component": 1, "valdchil_osm_full_network_comp_intersect": 1757.0561434932388, "valdchil_osm_full_network_comp_total": 761655.25169693318 }, "geometry": { "type": "Polygon", "coordinates": [ [ [ 652154.905642968835309, 5589810.681777282617986 ], [ 652226.34118821087759, 5589982.797965124249458 ], [ 652117.317596636828966, 5590147.573380417190492 ], [ 651936.855504611507058, 5590140.235993255861104 ], [ 651865.415966540225782, 5589968.118984301574528 ], [ 651974.442513451213017, 5589803.340183600783348 ], [ 652154.905642968835309, 5589810.681777282617986 ] ] ] } },
{ "type": "Feature", "properties": { "h3_index": "89ce8c0d463ffff", "id": 166, "m_osm": 640.8944894065279, "total_ciclo_km": null, "phanto_ciclo_km": null, "valdchil_osm_full_network_component": 10180, "valdchil_osm_full_network_comp_intersect": 640.89448940652778, "valdchil_osm_full_network_comp_total": 921.08565324234928 }, "geometry": { "type": "Polygon", "coordinates": [ [ [ 652936.839929820038378, 5592549.497818882577121 ], [ 653008.25530517695006, 5592721.561065152287483 ], [ 652899.24724682723172, 5592886.318364103324711 ], [ 652718.820860288338736, 5592879.015805442817509 ], [ 652647.401491018012166, 5592706.951742771081626 ], [ 652756.412502328166738, 5592542.191055138595402 ], [ 652936.839929820038378, 5592549.497818882577121 ] ] ] } },
{ "type": "Feature", "properties": { "h3_index": "89ce8c0c60fffff", "id": 167, "m_osm": 3353.2459582397919, "total_ciclo_km": null, "phanto_ciclo_km": null, "valdchil_osm_full_network_component": 1, "valdchil_osm_full_network_comp_intersect": 3353.2459582397892, "valdchil_osm_full_network_comp_total": 761655.25169693318 }, "geometry": { "type": "Polygon", "coordinates": [ [ [ 648932.472945489222184, 5591879.664501462131739 ], [ 649003.952018212177791, 5592051.784738506190479 ], [ 648894.903386018355377, 5592216.588289740495384 ], [ 648714.372725552995689, 5592209.274993512779474 ], [ 648642.889655291917734, 5592037.153938478790224 ], [ 648751.941243163775653, 5591872.346997642889619 ], [ 648932.472945489222184, 5591879.664501462131739 ] ] ] } },
{ "type": "Feature", "properties": { "h3_index": "89ce8c0f293ffff", "id": 168, "m_osm": 3655.3638745631761, "total_ciclo_km": null, "phanto_ciclo_km": null, "valdchil_osm_full_network_component": 1, "valdchil_osm_full_network_comp_intersect": 3655.3638745631783, "valdchil_osm_full_network_comp_total": 761655.25169693318 }, "geometry": { "type": "Polygon", "coordinates": [ [ [ 652884.226399927982129, 5588148.224685076624155 ], [ 652955.655637306976132, 5588320.359073451720178 ], [ 652846.634253028547391, 5588485.132252312265337 ], [ 652666.180675395065919, 5588477.774425651878119 ], [ 652594.747447071946226, 5588305.639213441871107 ], [ 652703.771787456586026, 5588140.862651707604527 ], [ 652884.226399927982129, 5588148.224685076624155 ] ] ] } },
{ "type": "Feature", "properties": { "h3_index": "89ce8c0f3c3ffff", "id": 170, "m_osm": 270.96120250971819, "total_ciclo_km": null, "phanto_ciclo_km": null, "valdchil_osm_full_network_component": 1, "valdchil_osm_full_network_comp_intersect": 270.96120250971819, "valdchil_osm_full_network_comp_total": 761655.25169693318 }, "geometry": { "type": "Polygon", "coordinates": [ [ [ 651613.502558123203926, 5589788.656403330154717 ], [ 651684.946507619693875, 5589960.779197518713772 ], [ 651575.917624484514818, 5590125.560626339167356 ], [ 651395.441836325451732, 5590118.222646567970514 ], [ 651323.993893463164568, 5589946.099031168036163 ], [ 651433.025732254609466, 5589781.314216727390885 ], [ 651613.502558123203926, 5589788.656403330154717 ] ] ] } },
{ "type": "Feature", "properties": { "h3_index": "89ce8c05e83ffff", "id": 172, "m_osm": 1419.9464940171283, "total_ciclo_km": null, "phanto_ciclo_km": null, "valdchil_osm_full_network_component": 1, "valdchil_osm_full_network_comp_intersect": 1419.9464940171283, "valdchil_osm_full_network_comp_total": 761655.25169693318 }, "geometry": { "type": "Polygon", "coordinates": [ [ [ 637672.615315924864262, 5587866.383730483241379 ], [ 637744.279541363241151, 5588038.698349144309759 ], [ 637635.110586495953612, 5588203.639305185526609 ], [ 637454.274441492278129, 5588196.269031891599298 ], [ 637382.60620980267413, 5588023.953587161377072 ], [ 637491.778129496844485, 5587859.009241769090295 ], [ 637672.615315924864262, 5587866.383730483241379 ] ] ] } },
{ "type": "Feature", "properties": { "h3_index": "89ce8c0f097ffff", "id": 173, "m_osm": 1555.9880873130805, "total_ciclo_km": null, "phanto_ciclo_km": null, "valdchil_osm_full_network_component": 1, "valdchil_osm_full_network_comp_intersect": 1555.9880873130808, "valdchil_osm_full_network_comp_total": 761655.25169693318 }, "geometry": { "type": "Polygon", "coordinates": [ [ [ 650831.210094213252887, 5587048.958773653022945 ], [ 650902.674186175689101, 5587221.134472255595028 ], [ 650793.629763355944306, 5587385.933960825204849 ], [ 650613.118290664860979, 5587378.56113310623914 ], [ 650541.650206422433257, 5587206.38460857514292 ], [ 650650.697587279835716, 5587041.581737669184804 ], [ 650831.210094213252887, 5587048.958773653022945 ] ] ] } },
{ "type": "Feature", "properties": { "h3_index": "89ce8c0503bffff", "id": 174, "m_osm": 521.67660996059021, "total_ciclo_km": null, "phanto_ciclo_km": null, "valdchil_osm_full_network_component": 1, "valdchil_osm_full_network_comp_intersect": 521.67660996059021, "valdchil_osm_full_network_comp_total": 761655.25169693318 }, "geometry": { "type": "Polygon", "coordinates": [ [ [ 639814.987446238286793, 5585751.790934076532722 ], [ 639886.624849300365895, 5585924.114654159173369 ], [ 639777.470277634682134, 5586089.039405263960361 ], [ 639596.675337903667241, 5586081.643821837380528 ], [ 639525.033932231133804, 5585909.319272361695766 ], [ 639634.191469027660787, 5585744.391135685145855 ], [ 639814.987446238286793, 5585751.790934076532722 ] ] ] } },
{ "type": "Feature", "properties": { "h3_index": "89ce8c0d08fffff", "id": 175, "m_osm": 1509.2258137028773, "total_ciclo_km": null, "phanto_ciclo_km": null, "valdchil_osm_full_network_component": 79, "valdchil_osm_full_network_comp_intersect": 1509.2258137028773, "valdchil_osm_full_network_comp_total": 11877.120814930871 }, "geometry": { "type": "Polygon", "coordinates": [ [ [ 652282.775877646519803, 5593538.059210736304522 ], [ 652354.198400806635618, 5593710.114146525040269 ], [ 652245.186922474298626, 5593874.875159020535648 ], [ 652064.749968486838043, 5593867.58462599478662 ], [ 651993.32345006801188, 5593695.5288753984496 ], [ 652102.337881027022377, 5593530.764472614973783 ], [ 652282.775877646519803, 5593538.059210736304522 ] ] ] } },
{ "type": "Feature", "properties": { "h3_index": "89ce8c0e26bffff", "id": 176, "m_osm": 922.03487505021621, "total_ciclo_km": null, "phanto_ciclo_km": null, "valdchil_osm_full_network_component": 1, "valdchil_osm_full_network_comp_intersect": 922.03487505021621, "valdchil_osm_full_network_comp_total": 761655.25169693318 }, "geometry": { "type": "Polygon", "coordinates": [ [ [ 647897.657308846712112, 5588960.426622495986521 ], [ 647969.160928193479776, 5589132.605605882592499 ], [ 647860.093759669922292, 5589297.430654905736446 ], [ 647679.520013601751998, 5589290.080106716603041 ], [ 647608.012397668557242, 5589117.90030028950423 ], [ 647717.08252451790031, 5588953.071865069679916 ], [ 647897.657308846712112, 5588960.426622495986521 ] ] ] } },
{ "type": "Feature", "properties": { "h3_index": "89ce8c0d593ffff", "id": 177, "m_osm": 1802.4497517466687, "total_ciclo_km": null, "phanto_ciclo_km": null, "valdchil_osm_full_network_component": 1, "valdchil_osm_full_network_comp_intersect": 1802.4497517466687, "valdchil_osm_full_network_comp_total": 761655.25169693318 }, "geometry": { "type": "Polygon", "coordinates": [ [ [ 650594.631966209504753, 5591608.621511320583522 ], [ 650666.086226997664198, 5591780.726899340748787 ], [ 650557.052827687934041, 5591945.513168452307582 ], [ 650376.562212777789682, 5591938.197438015602529 ], [ 650305.103956330567598, 5591766.091231739148498 ], [ 650414.140310578397475, 5591601.301574135199189 ], [ 650594.631966209504753, 5591608.621511320583522 ] ] ] } },
{ "type": "Feature", "properties": { "h3_index": "89ce8c0f3a7ffff", "id": 178, "m_osm": 740.6766803142558, "total_ciclo_km": null, "phanto_ciclo_km": null, "valdchil_osm_full_network_component": 1, "valdchil_osm_full_network_comp_intersect": 740.67668031425569, "valdchil_osm_full_network_comp_total": 761655.25169693318 }, "geometry": { "type": "Polygon", "coordinates": [ [ [ 649913.895787465851754, 5590396.448060828261077 ], [ 649985.364119705976918, 5590568.580745724961162 ], [ 649876.320608128444292, 5590733.378700684756041 ], [ 649695.80580826010555, 5590726.047357917763293 ], [ 649624.333480501547456, 5590553.913852637633681 ], [ 649733.379948259214871, 5590389.112510481849313 ], [ 649913.895787465851754, 5590396.448060828261077 ] ] ] } },
{ "type": "Feature", "properties": { "h3_index": "89ce8c0f643ffff", "id": 179, "m_osm": 624.53105942004572, "total_ciclo_km": null, "phanto_ciclo_km": null, "valdchil_osm_full_network_component": 10293, "valdchil_osm_full_network_comp_intersect": 624.53105942004572, "valdchil_osm_full_network_comp_total": 1117.127068383626 }, "geometry": { "type": "Polygon", "coordinates": [ [ [ 654079.654421338113025, 5587181.711479707621038 ], [ 654151.068119002855383, 5587353.847526967525482 ], [ 654042.055486475932412, 5587518.610935998149216 ], [ 653861.626200289698318, 5587511.241678792983294 ], [ 653790.208513566991314, 5587339.104806204326451 ], [ 653899.224102213047445, 5587174.33801612444222 ], [ 654079.654421338113025, 5587181.711479707621038 ] ] ] } },
{ "type": "Feature", "properties": { "h3_index": "89ce8c0d6abffff", "id": 181, "m_osm": 387.70299414342935, "total_ciclo_km": null, "phanto_ciclo_km": null, "valdchil_osm_full_network_component": 1, "valdchil_osm_full_network_comp_intersect": 387.70299414342935, "valdchil_osm_full_network_comp_total": 761655.25169693318 }, "geometry": { "type": "Polygon", "coordinates": [ [ [ 653981.709711033036001, 5592930.129587011411786 ], [ 654053.107849166495726, 5593102.174659699201584 ], [ 653944.110980752389878, 5593266.919169078581035 ], [ 653763.713022220530547, 5593259.621994463726878 ], [ 653692.310890981578268, 5593087.576106136664748 ], [ 653801.31071150675416, 5592922.828208040446043 ], [ 653981.709711033036001, 5592930.129587011411786 ] ] ] } },
{ "type": "Feature", "properties": { "h3_index": "89ce8c0d4afffff", "id": 183, "m_osm": 557.46792481520515, "total_ciclo_km": null, "phanto_ciclo_km": null, "valdchil_osm_full_network_component": 1, "valdchil_osm_full_network_comp_intersect": 557.46792481520515, "valdchil_osm_full_network_comp_total": 761655.25169693318 }, "geometry": { "type": "Polygon", "coordinates": [ [ [ 651929.380373490741476, 5591831.945529230870306 ], [ 652000.813404628774151, 5592004.031920492649078 ], [ 651891.793532826704904, 5592168.802773430012167 ], [ 651711.337675980874337, 5592161.49062327016145 ], [ 651639.9006503962446, 5591989.403414279222488 ], [ 651748.923476232681423, 5591824.629173154011369 ], [ 651929.380373490741476, 5591831.945529230870306 ] ] ] } },
{ "type": "Feature", "properties": { "h3_index": "89ce8c08d27ffff", "id": 184, "m_osm": 607.45399526287349, "total_ciclo_km": null, "phanto_ciclo_km": null, "valdchil_osm_full_network_component": 1, "valdchil_osm_full_network_comp_intersect": 607.45399526287349, "valdchil_osm_full_network_comp_total": 761655.25169693318 }, "geometry": { "type": "Polygon", "coordinates": [ [ [ 654143.491062601562589, 5589045.612960093654692 ], [ 654214.898248633253388, 5589217.718433536589146 ], [ 654105.891640860354528, 5589382.474696165882051 ], [ 653925.474892422556877, 5589375.128868829458952 ], [ 653854.06371611636132, 5589203.022573211230338 ], [ 653963.073278652154841, 5589038.262927085161209 ], [ 654143.491062601562589, 5589045.612960093654692 ] ] ] } },
{ "type": "Feature", "properties": { "h3_index": "89ce8c0f0a3ffff", "id": 185, "m_osm": 3058.329926754031, "total_ciclo_km": null, "phanto_ciclo_km": null, "valdchil_osm_full_network_component": 1, "valdchil_osm_full_network_comp_intersect": 3058.329926754031, "valdchil_osm_full_network_comp_total": 761655.25169693318 }, "geometry": { "type": "Polygon", "coordinates": [ [ [ 650466.493052918929607, 5587880.336188871413469 ], [ 650537.960305043496192, 5588052.502794654108584 ], [ 650428.914780738996342, 5588217.303412097506225 ], [ 650248.399046783451922, 5588209.940807340666652 ], [ 650176.927801432670094, 5588037.773376990109682 ], [ 650285.976283391006291, 5587872.969375941902399 ], [ 650466.493052918929607, 5587880.336188871413469 ] ] ] } },
{ "type": "Feature", "properties": { "h3_index": "89ce8c0552bffff", "id": 186, "m_osm": 11.374252838167958, "total_ciclo_km": null, "phanto_ciclo_km": null, "valdchil_osm_full_network_component": 1, "valdchil_osm_full_network_comp_intersect": 11.374252838167958, "valdchil_osm_full_network_comp_total": 761655.25169693318 }, "geometry": { "type": "Polygon", "coordinates": [ [ [ 638010.168557682773098, 5584830.826297669671476 ], [ 638081.836393963545561, 5585003.185600988566875 ], [ 637972.661696728668176, 5585168.133303482085466 ], [ 637791.81619654642418, 5585160.725087792612612 ], [ 637720.144356454722583, 5584988.364953310228884 ], [ 637829.322020487627015, 5584823.413865658454597 ], [ 638010.168557682773098, 5584830.826297669671476 ] ] ] } },
{ "type": "Feature", "properties": { "h3_index": "89ce8c0f343ffff", "id": 187, "m_osm": 844.59969876117634, "total_ciclo_km": null, "phanto_ciclo_km": null, "valdchil_osm_full_network_component": 1, "valdchil_osm_full_network_comp_intersect": 844.59969876117634, "valdchil_osm_full_network_comp_total": 761655.25169693318 }, "geometry": { "type": "Polygon", "coordinates": [ [ [ 651790.243388220085762, 5590641.903365201316774 ], [ 651861.682089125271887, 5590814.010444113984704 ], [ 651752.65740092843771, 5590978.786969173699617 ], [ 651572.191056999959983, 5590971.459801967255771 ], [ 651500.748362323734909, 5590799.351903301663697 ], [ 651609.776005475781858, 5590634.571991570293903 ], [ 651790.243388220085762, 5590641.903365201316774 ] ] ] } },
{ "type": "Feature", "properties": { "h3_index": "89ce8c05e9bffff", "id": 188, "m_osm": 739.62256749087146, "total_ciclo_km": null, "phanto_ciclo_km": null, "valdchil_osm_full_network_component": 1, "valdchil_osm_full_network_comp_intersect": 739.62256749087135, "valdchil_osm_full_network_comp_total": 761655.25169693318 }, "geometry": { "type": "Polygon", "coordinates": [ [ [ 637962.615765527123585, 5587708.818319492042065 ], [ 638034.275985119049437, 5587881.132111853919923 ], [ 637925.109355360735208, 5588046.070432185195386 ], [ 637744.279541363241151, 5588038.698349144309759 ], [ 637672.615315924864262, 5587866.383730483241379 ], [ 637781.784910459071398, 5587701.442021138034761 ], [ 637962.615765527123585, 5587708.818319492042065 ] ] ] } },
{ "type": "Feature", "properties": { "h3_index": "89ce8c0d4d7ffff", "id": 190, "m_osm": 160.64683039093876, "total_ciclo_km": null, "phanto_ciclo_km": null, "valdchil_osm_full_network_component": 1, "valdchil_osm_full_network_comp_intersect": 160.64683039093876, "valdchil_osm_full_network_comp_total": 761655.25169693318 }, "geometry": { "type": "Polygon", "coordinates": [ [ [ 653124.806330455816351, 5590865.309121844358742 ], [ 653196.223808138165623, 5591037.397205760702491 ], [ 653087.2126533157425, 5591202.158318242058158 ], [ 652906.78106689278502, 5591194.834733149968088 ], [ 652835.359596647205763, 5591022.745830012485385 ], [ 652944.373705517267808, 5590857.98133116401732 ], [ 653124.806330455816351, 5590865.309121844358742 ] ] ] } },
{ "type": "Feature", "properties": { "h3_index": "89ce8c0f25bffff", "id": 191, "m_osm": 939.23432307997462, "total_ciclo_km": null, "phanto_ciclo_km": null, "valdchil_osm_full_network_component": 1, "valdchil_osm_full_network_comp_intersect": 939.23432307997462, "valdchil_osm_full_network_comp_total": 761655.25169693318 }, "geometry": { "type": "Polygon", "coordinates": [ [ [ 654105.891640860354528, 5589382.474696165882051 ], [ 654177.298406109912321, 5589554.575208691880107 ], [ 654068.292413334129378, 5589719.330715512856841 ], [ 653887.876700893277302, 5589711.989093747921288 ], [ 653816.465945100411773, 5589539.887759610079229 ], [ 653925.474892422556877, 5589375.128868829458952 ], [ 654105.891640860354528, 5589382.474696165882051 ] ] ] } },
{ "type": "Feature", "properties": { "h3_index": "89ce8c0c613ffff", "id": 192, "m_osm": 2234.434235217213, "total_ciclo_km": null, "phanto_ciclo_km": null, "valdchil_osm_full_network_component": 1, "valdchil_osm_full_network_comp_intersect": 2234.4342352172134, "valdchil_osm_full_network_comp_total": 761655.25169693318 }, "geometry": { "type": "Polygon", "coordinates": [ [ [ 649007.612693981966004, 5591205.799726506695151 ], [ 649079.092598309740424, 5591377.929903238080442 ], [ 648970.042714918847196, 5591542.734979804605246 ], [ 648789.509971218183637, 5591535.413268289528787 ], [ 648718.026069890591316, 5591363.282272438518703 ], [ 648827.078909393167123, 5591198.473807197995484 ], [ 649007.612693981966004, 5591205.799726506695151 ] ] ] } },
{ "type": "Feature", "properties": { "h3_index": "89ce8c0d0bbffff", "id": 193, "m_osm": 1433.5113399438144, "total_ciclo_km": null, "phanto_ciclo_km": null, "valdchil_osm_full_network_component": 79, "valdchil_osm_full_network_comp_intersect": 1433.5113399438146, "valdchil_osm_full_network_comp_total": 11877.120814930871 }, "geometry": { "type": "Polygon", "coordinates": [ [ [ 651993.32345006801188, 5593695.5288753984496 ], [ 652064.749968486838043, 5593867.58462599478662 ], [ 651955.736160308355466, 5594032.348261018283665 ], [ 651775.292881165980361, 5594025.059536047279835 ], [ 651703.862367085646838, 5593853.002970877103508 ], [ 651812.879127939697355, 5593688.235945230349898 ], [ 651993.32345006801188, 5593695.5288753984496 ] ] ] } },
{ "type": "Feature", "properties": { "h3_index": "89ce8c0f387ffff", "id": 194, "m_osm": 1911.9208059570954, "total_ciclo_km": null, "phanto_ciclo_km": null, "valdchil_osm_full_network_component": 1, "valdchil_osm_full_network_comp_intersect": 1911.9208059570951, "valdchil_osm_full_network_comp_total": 761655.25169693318 }, "geometry": { "type": "Polygon", "coordinates": [ [ [ 650530.573119764099829, 5589744.600318698212504 ], [ 650602.03387912386097, 5589916.736327105201781 ], [ 650492.994413473294117, 5590081.52978428453207 ], [ 650312.491232297383249, 5590074.190619085915387 ], [ 650241.026478497660719, 5589902.053789269179106 ], [ 650350.06890044210013, 5589737.256946037523448 ], [ 650530.573119764099829, 5589744.600318698212504 ] ] ] } },
{ "type": "Feature", "properties": { "h3_index": "89ce8c0f147ffff", "id": 195, "m_osm": 834.44996004617383, "total_ciclo_km": null, "phanto_ciclo_km": null, "valdchil_osm_full_network_component": 1, "valdchil_osm_full_network_comp_intersect": 834.44996004617337, "valdchil_osm_full_network_comp_total": 761655.25169693318 }, "geometry": { "type": "Polygon", "coordinates": [ [ [ 649737.055272405734286, 5589543.077238987199962 ], [ 649808.528848325018771, 5589715.225641798228025 ], [ 649699.481135108275339, 5589880.02850007545203 ], [ 649518.956889214459807, 5589872.686341664753854 ], [ 649447.47931818140205, 5589700.537117010913789 ], [ 649556.529988284572028, 5589535.730872591026127 ], [ 649737.055272405734286, 5589543.077238987199962 ] ] ] } },
{ "type": "Feature", "properties": { "h3_index": "89ce8c0d433ffff", "id": 196, "m_osm": 2439.8916366159096, "total_ciclo_km": null, "phanto_ciclo_km": null, "valdchil_osm_full_network_component": 1, "valdchil_osm_full_network_comp_intersect": 2439.8916366159096, "valdchil_osm_full_network_comp_total": 761655.25169693318 }, "geometry": { "type": "Polygon", "coordinates": [ [ [ 652181.262934370199218, 5592011.345878183841705 ], [ 652252.691551888128743, 5592183.426483082585037 ], [ 652143.674633852089755, 5592348.193947710096836 ], [ 651963.226144659449346, 5592340.884195725433528 ], [ 651891.793532826704904, 5592168.802773430012167 ], [ 652000.813404628774151, 5592004.031920492649078 ], [ 652181.262934370199218, 5592011.345878183841705 ] ] ] } },
{ "type": "Feature", "properties": { "h3_index": "89ce8c0f677ffff", "id": 197, "m_osm": 2814.6169836063932, "total_ciclo_km": null, "phanto_ciclo_km": null, "valdchil_osm_full_network_component": 1, "valdchil_osm_full_network_comp_intersect": 2814.6169836063918, "valdchil_osm_full_network_comp_total": 761655.25169693318 }, "geometry": { "type": "Polygon", "coordinates": [ [ [ 653211.290673938230611, 5587653.904769584536552 ], [ 653282.716339991427958, 5587826.043292138725519 ], [ 653173.696681035333313, 5587990.814593145623803 ], [ 652993.248399883508682, 5587983.450753647834063 ], [ 652921.818743561860174, 5587811.311406460590661 ], [ 653030.84135879157111, 5587646.536723383702338 ], [ 653211.290673938230611, 5587653.904769584536552 ] ] ] } },
{ "type": "Feature", "properties": { "h3_index": "89ce8c0d443ffff", "id": 198, "m_osm": 2381.9133573960785, "total_ciclo_km": null, "phanto_ciclo_km": null, "valdchil_osm_full_network_component": 1, "valdchil_osm_full_network_comp_intersect": 2381.9133573960789, "valdchil_osm_full_network_comp_total": 761655.25169693318 }, "geometry": { "type": "Polygon", "coordinates": [ [ [ 653553.287029067636468, 5591897.78387001901865 ], [ 653624.694838977651671, 5592069.850450828671455 ], [ 653515.69082795327995, 5592234.603265702724457 ], [ 653335.276054070214741, 5592227.292887281626463 ], [ 653263.864251321181655, 5592055.225489039905369 ], [ 653372.871215425431728, 5591890.469286625273526 ], [ 653553.287029067636468, 5591897.78387001901865 ] ] ] } },
{ "type": "Feature", "properties": { "h3_index": "89ce8c0f64bffff", "id": 199, "m_osm": 400.07321855428239, "total_ciclo_km": null, "phanto_ciclo_km": null, "valdchil_osm_full_network_component": 10293, "valdchil_osm_full_network_comp_intersect": 278.87796158689207, "valdchil_osm_full_network_comp_total": 1117.127068383626 }, "geometry": { "type": "Polygon", "coordinates": [ [ [ 654331.491073197568767, 5587361.218589843250811 ], [ 654402.900361916981637, 5587533.348855551332235 ], [ 654293.890685236896388, 5587698.10888340510428 ], [ 654113.468764118151739, 5587690.742026703432202 ], [ 654042.055486475932412, 5587518.610935998149216 ], [ 654151.068119002855383, 5587353.847526967525482 ], [ 654331.491073197568767, 5587361.218589843250811 ] ] ] } },
{ "type": "Feature", "properties": { "h3_index": "89ce8c04257ffff", "id": 200, "m_osm": 1197.686405532349, "total_ciclo_km": null, "phanto_ciclo_km": null, "valdchil_osm_full_network_component": 1, "valdchil_osm_full_network_comp_intersect": 1197.6864055323492, "valdchil_osm_full_network_comp_total": 761655.25169693318 }, "geometry": { "type": "Polygon", "coordinates": [ [ [ 636887.520167528418824, 5585123.681016135960817 ], [ 636959.204421172384173, 5585296.048605815507472 ], [ 636850.01976822828874, 5585461.00761329010129 ], [ 636669.14789455558639, 5585453.602417112328112 ], [ 636597.459635757142678, 5585281.233996631577611 ], [ 636706.647255917661823, 5585116.27160310652107 ], [ 636887.520167528418824, 5585123.681016135960817 ] ] ] } },
{ "type": "Feature", "properties": { "h3_index": "89ce8c0f39bffff", "id": 201, "m_osm": 3678.1701891286029, "total_ciclo_km": null, "phanto_ciclo_km": null, "valdchil_osm_full_network_component": 1, "valdchil_osm_full_network_comp_intersect": 3678.1701891286043, "valdchil_osm_full_network_comp_total": 761655.25169693318 }, "geometry": { "type": "Polygon", "coordinates": [ [ [ 651109.640407004742883, 5589429.706685716286302 ], [ 651181.093178690876812, 5589601.841050601564348 ], [ 651072.058383972151205, 5589766.629250539466739 ], [ 650891.567861501825973, 5589759.28647094219923 ], [ 650820.111096180276945, 5589587.15128418058157 ], [ 650929.148847094620578, 5589422.359698871150613 ], [ 651109.640407004742883, 5589429.706685716286302 ] ] ] } },
{ "type": "Feature", "properties": { "h3_index": "89ce8c0f28bffff", "id": 203, "m_osm": 2085.7898587936224, "total_ciclo_km": null, "phanto_ciclo_km": null, "valdchil_osm_full_network_component": 1, "valdchil_osm_full_network_comp_intersect": 1843.6392793678351, "valdchil_osm_full_network_comp_total": 761655.25169693318 }, "geometry": { "type": "Polygon", "coordinates": [ [ [ 653098.509283079300076, 5588664.617107450030744 ], [ 653169.93369125155732, 5588836.740752798505127 ], [ 653060.915878676809371, 5589001.509794710204005 ], [ 652880.470702439313754, 5588994.158574714325368 ], [ 652809.042303191032261, 5588822.034106427803636 ], [ 652918.063071385258809, 5588657.26168105378747 ], [ 653098.509283079300076, 5588664.617107450030744 ] ] ] } },
{ "type": "Feature", "properties": { "h3_index": "89ce8c0f3bbffff", "id": 204, "m_osm": 2160.5124390805217, "total_ciclo_km": null, "phanto_ciclo_km": null, "valdchil_osm_full_network_component": 1, "valdchil_osm_full_network_comp_intersect": 2160.5124390805222, "valdchil_osm_full_network_comp_total": 761655.25169693318 }, "geometry": { "type": "Polygon", "coordinates": [ [ [ 650492.994413473294117, 5590081.52978428453207 ], [ 650564.454755884129554, 5590253.660827721469104 ], [ 650455.415911706164479, 5590418.453526828438044 ], [ 650274.913769163074903, 5590411.11856899317354 ], [ 650203.449432038119994, 5590238.986704709939659 ], [ 650312.491232297383249, 5590074.190619085915387 ], [ 650492.994413473294117, 5590081.52978428453207 ] ] ] } },
{ "type": "Feature", "properties": { "h3_index": "89ce8c058cbffff", "id": 205, "m_osm": 141.52435209517341, "total_ciclo_km": null, "phanto_ciclo_km": null, "valdchil_osm_full_network_component": 1, "valdchil_osm_full_network_comp_intersect": 141.52435209517341, "valdchil_osm_full_network_comp_total": 761655.25169693318 }, "geometry": { "type": "Polygon", "coordinates": [ [ [ 636690.063710652291775, 5589350.887332515791059 ], [ 636761.738753355341032, 5589523.189513870514929 ], [ 636652.56475365976803, 5589688.136106731370091 ], [ 636471.712747075827792, 5589680.783909988589585 ], [ 636400.033696096623316, 5589508.480904964730144 ], [ 636509.210660108714364, 5589343.530920334160328 ], [ 636690.063710652291775, 5589350.887332515791059 ] ] ] } },
{ "type": "Feature", "properties": { "h3_index": "89ce8c0f573ffff", "id": 206, "m_osm": 2129.7466345738021, "total_ciclo_km": null, "phanto_ciclo_km": null, "valdchil_osm_full_network_component": 1, "valdchil_osm_full_network_comp_intersect": 2129.7466345738017, "valdchil_osm_full_network_comp_total": 761655.25169693318 }, "geometry": { "type": "Polygon", "coordinates": [ [ [ 649710.492433945764787, 5587341.694017795845866 ], [ 649781.972912576282397, 5587513.877978558652103 ], [ 649672.918514507939108, 5587678.68874644394964 ], [ 649492.380679483059794, 5587671.318936777301133 ], [ 649420.896207230980508, 5587499.134150451980531 ], [ 649529.953563755378127, 5587334.319999335333705 ], [ 649710.492433945764787, 5587341.694017795845866 ] ] ] } },
{ "type": "Feature", "properties": { "h3_index": "89ce8c0f3c7ffff", "id": 207, "m_osm": 2247.7281060788723, "total_ciclo_km": null, "phanto_ciclo_km": null, "valdchil_osm_full_network_component": 1, "valdchil_osm_full_network_comp_intersect": 2247.7281060788723, "valdchil_osm_full_network_comp_total": 761655.25169693318 }, "geometry": { "type": "Polygon", "coordinates": [ [ [ 651323.993893463164568, 5589946.099031168036163 ], [ 651395.441836325451732, 5590118.222646567970514 ], [ 651286.410617539891973, 5590283.006703390739858 ], [ 651105.928500313428231, 5590275.670530747622252 ], [ 651034.476563678705133, 5590103.546094365417957 ], [ 651143.510738174198195, 5589938.758651583455503 ], [ 651323.993893463164568, 5589946.099031168036163 ] ] ] } },
{ "type": "Feature", "properties": { "h3_index": "89ce8c0f5dbffff", "id": 208, "m_osm": 503.58912050343127, "total_ciclo_km": null, "phanto_ciclo_km": null, "valdchil_osm_full_network_component": 1, "valdchil_osm_full_network_comp_intersect": 503.58912050343116, "valdchil_osm_full_network_comp_total": 761655.25169693318 }, "geometry": { "type": "Polygon", "coordinates": [ [ [ 650402.39177554519847, 5586015.829394268803298 ], [ 650473.865514632081613, 5586188.026574390009046 ], [ 650364.813939361250959, 5586352.83432428073138 ], [ 650184.285666126874276, 5586345.448275179602206 ], [ 650112.807935032178648, 5586173.250267334282398 ], [ 650221.862469310639426, 5586008.439136288128793 ], [ 650402.39177554519847, 5586015.829394268803298 ] ] ] } },
{ "type": "Feature", "properties": { "h3_index": "89ce8c0d623ffff", "id": 209, "m_osm": 486.14043155626268, "total_ciclo_km": null, "phanto_ciclo_km": null, "valdchil_osm_full_network_component": 1, "valdchil_osm_full_network_comp_intersect": 486.14043155626268, "valdchil_osm_full_network_comp_total": 761655.25169693318 }, "geometry": { "type": "Polygon", "coordinates": [ [ [ 653906.512447667773813, 5593603.703014557249844 ], [ 653977.909741651732475, 5593775.738146047107875 ], [ 653868.914112110622227, 5593940.481121707707644 ], [ 653688.518237039214, 5593933.192355497740209 ], [ 653617.11694941110909, 5593761.156409497372806 ], [ 653726.115530624403618, 5593596.41004419606179 ], [ 653906.512447667773813, 5593603.703014557249844 ] ] ] } },
{ "type": "Feature", "properties": { "h3_index": "89ce8c0d627ffff", "id": 210, "m_osm": 663.41519877887367, "total_ciclo_km": null, "phanto_ciclo_km": null, "valdchil_osm_full_network_component": 1, "valdchil_osm_full_network_comp_intersect": 663.41519877887367, "valdchil_osm_full_network_comp_total": 761655.25169693318 }, "geometry": { "type": "Polygon", "coordinates": [ [ [ 653617.11694941110909, 5593761.156409497372806 ], [ 653688.518237039214, 5593933.192355497740209 ], [ 653579.520276087685488, 5594097.937953021377325 ], [ 653399.118075910722837, 5594090.650994502939284 ], [ 653327.712794232764281, 5593918.614234223030508 ], [ 653436.713706908398308, 5593753.865246716886759 ], [ 653617.11694941110909, 5593761.156409497372806 ] ] ] } },
{ "type": "Feature", "properties": { "h3_index": "89ce8c0f377ffff", "id": 211, "m_osm": 2137.6698973165862, "total_ciclo_km": null, "phanto_ciclo_km": null, "valdchil_osm_full_network_component": 1, "valdchil_osm_full_network_comp_intersect": 2137.6698973165858, "valdchil_osm_full_network_comp_total": 761655.25169693318 }, "geometry": { "type": "Polygon", "coordinates": [ [ [ 650921.732322456780821, 5591114.262282437644899 ], [ 650993.183005893835798, 5591286.371819909662008 ], [ 650884.151316348346882, 5591451.156224851496518 ], [ 650703.665988392662257, 5591443.83447998855263 ], [ 650632.211309973150492, 5591271.724123460240662 ], [ 650741.245954624377191, 5591106.936330828815699 ], [ 650921.732322456780821, 5591114.262282437644899 ] ] ] } },
{ "type": "Feature", "properties": { "h3_index": "89ce8c0f62bffff", "id": 212, "m_osm": 3100.5259505239455, "total_ciclo_km": null, "phanto_ciclo_km": null, "valdchil_osm_full_network_component": 1, "valdchil_osm_full_network_comp_intersect": 3100.5259505239455, "valdchil_osm_full_network_comp_total": 761655.25169693318 }, "geometry": { "type": "Polygon", "coordinates": [ [ [ 652921.818743561860174, 5587811.311406460590661 ], [ 652993.248399883508682, 5587983.450753647834063 ], [ 652884.226399927982129, 5588148.224685076624155 ], [ 652703.771787456586026, 5588140.862651707604527 ], [ 652632.338140461593866, 5587968.722480121068656 ], [ 652741.363096740329638, 5587803.945166282355785 ], [ 652921.818743561860174, 5587811.311406460590661 ] ] ] } },
{ "type": "Feature", "properties": { "h3_index": "89ce8c0f603ffff", "id": 213, "m_osm": 1749.768945408025, "total_ciclo_km": null, "phanto_ciclo_km": null, "valdchil_osm_full_network_component": 1, "valdchil_osm_full_network_comp_intersect": 1749.7689454080244, "valdchil_osm_full_network_comp_total": 761655.25169693318 }, "geometry": { "type": "Polygon", "coordinates": [ [ [ 653286.479245983762667, 5586980.067998365499079 ], [ 653357.905750215169974, 5587152.216434947215021 ], [ 653248.884862362523563, 5587316.989237409085035 ], [ 653068.434513704734854, 5587309.616984407417476 ], [ 652997.004019745159894, 5587137.467722062952816 ], [ 653106.027864303789102, 5586972.691538458690047 ], [ 653286.479245983762667, 5586980.067998365499079 ] ] ] } },
{ "type": "Feature", "properties": { "h3_index": "89ce8c0d4dbffff", "id": 215, "m_osm": 635.98065213059544, "total_ciclo_km": null, "phanto_ciclo_km": null, "valdchil_osm_full_network_component": 1, "valdchil_osm_full_network_comp_intersect": 635.98065213059544, "valdchil_osm_full_network_comp_total": 761655.25169693318 }, "geometry": { "type": "Polygon", "coordinates": [ [ [ 653666.076815330889076, 5590887.291310340166092 ], [ 653737.485888252500445, 5591059.372790351510048 ], [ 653628.480023079668172, 5591224.127890598960221 ], [ 653448.062131380662322, 5591216.804896958172321 ], [ 653376.649066431913525, 5591044.722597819752991 ], [ 653485.657885334105231, 5590879.964111423119903 ], [ 653666.076815330889076, 5590887.291310340166092 ] ] ] } },
{ "type": "Feature", "properties": { "h3_index": "89ce8c0f6c3ffff", "id": 216, "m_osm": 652.52498689500192, "total_ciclo_km": null, "phanto_ciclo_km": null, "valdchil_osm_full_network_component": 10290, "valdchil_osm_full_network_comp_intersect": 652.52498689500192, "valdchil_osm_full_network_comp_total": 4669.370599437796 }, "geometry": { "type": "Polygon", "coordinates": [ [ [ 653903.001540235243738, 5586328.361836559139192 ], [ 653974.420485725160688, 5586500.513575579039752 ], [ 653865.403671483043581, 5586665.281863439828157 ], [ 653684.964955061324872, 5586657.901792260818183 ], [ 653613.542020921246149, 5586485.749226451851428 ], [ 653722.561791982036084, 5586320.97755859233439 ], [ 653903.001540235243738, 5586328.361836559139192 ] ] ] } },
{ "type": "Feature", "properties": { "h3_index": "89ce8c0d43bffff", "id": 217, "m_osm": 1059.6519274147072, "total_ciclo_km": null, "phanto_ciclo_km": null, "valdchil_osm_full_network_component": 1, "valdchil_osm_full_network_comp_intersect": 1059.6519274147067, "valdchil_osm_full_network_comp_total": 761655.25169693318 }, "geometry": { "type": "Polygon", "coordinates": [ [ [ 652433.133714163443074, 5592190.738042592070997 ], [ 652504.557917844853364, 5592362.812861207872629 ], [ 652395.543953305459581, 5592527.57693739887327 ], [ 652215.102831714320928, 5592520.26958339009434 ], [ 652143.674633852089755, 5592348.193947710096836 ], [ 652252.691551888128743, 5592183.426483082585037 ], [ 652433.133714163443074, 5592190.738042592070997 ] ] ] } },
{ "type": "Feature", "properties": { "h3_index": "89ce8c0f047ffff", "id": 219, "m_osm": 2362.4135208481548, "total_ciclo_km": null, "phanto_ciclo_km": null, "valdchil_osm_full_network_component": 1, "valdchil_osm_full_network_comp_intersect": 2362.4135208481557, "valdchil_osm_full_network_comp_total": 761655.25169693318 }, "geometry": { "type": "Polygon", "coordinates": [ [ [ 651763.844302214216441, 5588440.982321768067777 ], [ 651835.289923648815602, 5588613.124965162947774 ], [ 651726.258565407944843, 5588777.909417103044689 ], [ 651545.77862933522556, 5588770.554609393700957 ], [ 651474.329015615396202, 5588598.411142525263131 ], [ 651583.363330382853746, 5588433.623306822031736 ], [ 651763.844302214216441, 5588440.982321768067777 ] ] ] } },
{ "type": "Feature", "properties": { "h3_index": "89ce8c0f2afffff", "id": 220, "m_osm": 2241.669814409327, "total_ciclo_km": null, "phanto_ciclo_km": null, "valdchil_osm_full_network_component": 1, "valdchil_osm_full_network_comp_intersect": 2241.669814409328, "valdchil_osm_full_network_comp_total": 761655.25169693318 }, "geometry": { "type": "Polygon", "coordinates": [ [ [ 652192.493889114935882, 5589473.784453756175935 ], [ 652263.929853087058291, 5589645.905604821629822 ], [ 652154.905642968835309, 5589810.681777282617986 ], [ 651974.442513451213017, 5589803.340183600783348 ], [ 651903.002556922729127, 5589631.218210857361555 ], [ 652012.029722594888881, 5589466.438653454184532 ], [ 652192.493889114935882, 5589473.784453756175935 ] ] ] } },
{ "type": "Feature", "properties": { "h3_index": "89ce8c0f093ffff", "id": 222, "m_osm": 1407.128609935635, "total_ciclo_km": null, "phanto_ciclo_km": null, "valdchil_osm_full_network_component": 1, "valdchil_osm_full_network_comp_intersect": 1195.9101716777579, "valdchil_osm_full_network_comp_total": 761655.25169693318 }, "geometry": { "type": "Polygon", "coordinates": [ [ [ 651120.761309347697534, 5586891.537377585656941 ], [ 651192.221409430727363, 5587063.712250026874244 ], [ 651083.179326773388311, 5587228.50910637434572 ], [ 650902.674186175689101, 5587221.134472255595028 ], [ 650831.210094213252887, 5587048.958773653022945 ], [ 650940.255134855397046, 5586884.158535308204591 ], [ 651120.761309347697534, 5586891.537377585656941 ] ] ] } },
{ "type": "Feature", "properties": { "h3_index": "89ce8c0f00bffff", "id": 223, "m_osm": 2929.619653278739, "total_ciclo_km": null, "phanto_ciclo_km": null, "valdchil_osm_full_network_component": 1, "valdchil_osm_full_network_comp_intersect": 2929.6196532787385, "valdchil_osm_full_network_comp_total": 761655.25169693318 }, "geometry": { "type": "Polygon", "coordinates": [ [ [ 651511.913299152045511, 5588261.474879142828286 ], [ 651583.363330382853746, 5588433.623306822031736 ], [ 651474.329015615396202, 5588598.411142525263131 ], [ 651293.841712950496003, 5588591.053934172727168 ], [ 651222.38768930057995, 5588418.904682690277696 ], [ 651331.424960864009336, 5588254.113463344983757 ], [ 651511.913299152045511, 5588261.474879142828286 ] ] ] } },
{ "type": "Feature", "properties": { "h3_index": "89ce8c05ea7ffff", "id": 225, "m_osm": 309.51110017409405, "total_ciclo_km": null, "phanto_ciclo_km": null, "valdchil_osm_full_network_component": 1, "valdchil_osm_full_network_comp_intersect": 309.511100174094, "valdchil_osm_full_network_comp_total": 761655.25169693318 }, "geometry": { "type": "Polygon", "coordinates": [ [ [ 636765.062349634827115, 5588676.372596185654402 ], [ 636836.738194222562015, 5588848.684721571393311 ], [ 636727.562909418018535, 5589013.632828418165445 ], [ 636546.708815403282642, 5589006.272200695239007 ], [ 636475.028963083401322, 5588833.959250506013632 ], [ 636584.207212639506906, 5588669.007752819918096 ], [ 636765.062349634827115, 5588676.372596185654402 ] ] ] } },
{ "type": "Feature", "properties": { "h3_index": "89ce8c0f647ffff", "id": 226, "m_osm": 650.52053766630104, "total_ciclo_km": null, "phanto_ciclo_km": null, "valdchil_osm_full_network_component": 10299, "valdchil_osm_full_network_comp_intersect": 650.52053766630092, "valdchil_osm_full_network_comp_total": 1780.2074170554727 }, "geometry": { "type": "Polygon", "coordinates": [ [ [ 653790.208513566991314, 5587339.104806204326451 ], [ 653861.626200289698318, 5587511.241678792983294 ], [ 653752.611225047614425, 5587676.00771860126406 ], [ 653572.17560703959316, 5587668.640267186798155 ], [ 653500.753930853446946, 5587496.502569500356913 ], [ 653609.771862265304662, 5587331.733148300088942 ], [ 653790.208513566991314, 5587339.104806204326451 ] ] ] } },
{ "type": "Feature", "properties": { "h3_index": "89ce8c0f02bffff", "id": 227, "m_osm": 2905.106515536746, "total_ciclo_km": null, "phanto_ciclo_km": null, "valdchil_osm_full_network_component": 1, "valdchil_osm_full_network_comp_intersect": 2905.1065155367442, "valdchil_osm_full_network_comp_total": 761655.25169693318 }, "geometry": { "type": "Polygon", "coordinates": [ [ [ 650895.27243608282879, 5588913.282094331458211 ], [ 650966.730035586399026, 5589085.427207442000508 ], [ 650857.691664637764916, 5589250.219548524357378 ], [ 650677.192737631965429, 5589242.870161255821586 ], [ 650605.731144628371112, 5589070.724225373007357 ], [ 650714.772472256794572, 5588905.928499507717788 ], [ 650895.27243608282879, 5588913.282094331458211 ] ] ] } },
{ "type": "Feature", "properties": { "h3_index": "89ce8c0f2dbffff", "id": 229, "m_osm": 3435.2065941134624, "total_ciclo_km": null, "phanto_ciclo_km": null, "valdchil_osm_full_network_component": 1, "valdchil_osm_full_network_comp_intersect": 3435.2065941134638, "valdchil_osm_full_network_comp_total": 761655.25169693318 }, "geometry": { "type": "Polygon", "coordinates": [ [ [ 653929.259842175291851, 5588529.275054142810404 ], [ 654000.671859260764904, 5588701.391270257532597 ], [ 653891.661681916913949, 5588866.15167080797255 ], [ 653711.236532361945137, 5588858.799238126724958 ], [ 653639.820525136194192, 5588686.682198938913643 ], [ 653748.833657733164728, 5588521.918415481224656 ], [ 653929.259842175291851, 5588529.275054142810404 ] ] ] } },
{ "type": "Feature", "properties": { "h3_index": "89ce8c089a7ffff", "id": 230, "m_osm": 1005.5930410745166, "total_ciclo_km": null, "phanto_ciclo_km": null, "valdchil_osm_full_network_component": 1, "valdchil_osm_full_network_comp_intersect": 1005.5930410745168, "valdchil_osm_full_network_comp_total": 761655.25169693318 }, "geometry": { "type": "Polygon", "coordinates": [ [ [ 653703.673803981393576, 5590550.449005370028317 ], [ 653775.08329774485901, 5590722.535450144670904 ], [ 653666.076815330889076, 5590887.291310340166092 ], [ 653485.657885334105231, 5590879.964111423119903 ], [ 653414.244399814633653, 5590707.876846962608397 ], [ 653523.253836175077595, 5590543.11760107986629 ], [ 653703.673803981393576, 5590550.449005370028317 ] ] ] } },
{ "type": "Feature", "properties": { "h3_index": "89ce8c0f42fffff", "id": 232, "m_osm": 244.87009191609891, "total_ciclo_km": null, "phanto_ciclo_km": null, "valdchil_osm_full_network_component": 1, "valdchil_osm_full_network_comp_intersect": 189.85058819263719, "valdchil_osm_full_network_comp_total": 761655.25169693318 }, "geometry": { "type": "Polygon", "coordinates": [ [ [ 650868.790626688860357, 5586711.977879128418863 ], [ 650940.255134855397046, 5586884.158535308204591 ], [ 650831.210094213252887, 5587048.958773653022945 ], [ 650650.697587279835716, 5587041.581737669184804 ], [ 650579.229087103158236, 5586869.400254994630814 ], [ 650688.277085999958217, 5586704.596634777262807 ], [ 650868.790626688860357, 5586711.977879128418863 ] ] ] } },
{ "type": "Feature", "properties": { "h3_index": "89ce8c0f013ffff", "id": 233, "m_osm": 3037.4428081689339, "total_ciclo_km": null, "phanto_ciclo_km": null, "valdchil_osm_full_network_component": 1, "valdchil_osm_full_network_comp_intersect": 3037.4428081689316, "valdchil_osm_full_network_comp_total": 761655.25169693318 }, "geometry": { "type": "Polygon", "coordinates": [ [ [ 651297.553551934775896, 5587745.008107638917863 ], [ 651369.008409816306084, 5587917.167279411107302 ], [ 651259.97052005562, 5588081.959251306019723 ], [ 651079.474815259454772, 5588074.595434457063675 ], [ 651008.015965093160048, 5587902.435437986627221 ], [ 651117.056812137132511, 5587737.640083039179444 ], [ 651297.553551934775896, 5587745.008107638917863 ] ] ] } },
{ "type": "Feature", "properties": { "h3_index": "89ce8c0f2cfffff", "id": 234, "m_osm": 3105.7229716305478, "total_ciclo_km": null, "phanto_ciclo_km": null, "valdchil_osm_full_network_component": 1, "valdchil_osm_full_network_comp_intersect": 3105.7229716305465, "valdchil_osm_full_network_comp_total": 761655.25169693318 }, "geometry": { "type": "Polygon", "coordinates": [ [ [ 653602.224014792940579, 5589023.562267624773085 ], [ 653673.639601939590648, 5589195.674346408806741 ], [ 653564.627699799719267, 5589360.436621025204659 ], [ 653384.197255559964105, 5589353.090200544334948 ], [ 653312.777677604346536, 5589180.977299484424293 ], [ 653421.792534824926406, 5589016.211641156114638 ], [ 653602.224014792940579, 5589023.562267624773085 ] ] ] } },
{ "type": "Feature", "properties": { "h3_index": "89ce8c0f653ffff", "id": 235, "m_osm": 618.69568002371591, "total_ciclo_km": null, "phanto_ciclo_km": null, "valdchil_osm_full_network_component": 10290, "valdchil_osm_full_network_comp_intersect": 605.4202255109858, "valdchil_osm_full_network_comp_total": 4669.370599437796 }, "geometry": { "type": "Polygon", "coordinates": [ [ [ 654117.253549042739905, 5586844.806317868642509 ], [ 654188.667666652123444, 5587016.947320862673223 ], [ 654079.654421338113025, 5587181.711479707621038 ], [ 653899.224102213047445, 5587174.33801612444222 ], [ 653827.805995819158852, 5587002.196187237277627 ], [ 653936.822197464876808, 5586837.428647805005312 ], [ 654117.253549042739905, 5586844.806317868642509 ] ] ] } },
{ "type": "Feature", "properties": { "h3_index": "89ce8c0f313ffff", "id": 236, "m_osm": 2800.9324213638797, "total_ciclo_km": null, "phanto_ciclo_km": null, "valdchil_osm_full_network_component": 1, "valdchil_osm_full_network_comp_intersect": 2800.9324213638788, "valdchil_osm_full_network_comp_total": 761655.25169693318 }, "geometry": { "type": "Polygon", "coordinates": [ [ [ 651034.476563678705133, 5590103.546094365417957 ], [ 651105.928500313428231, 5590275.670530747622252 ], [ 650996.894946447457187, 5590440.45721545163542 ], [ 650816.406500320066698, 5590433.122850051149726 ], [ 650744.950569512671791, 5590260.997592920437455 ], [ 650853.987079136772081, 5590096.207521917298436 ], [ 651034.476563678705133, 5590103.546094365417957 ] ] ] } },
{ "type": "Feature", "properties": { "h3_index": "89ce8c0f233ffff", "id": 237, "m_osm": 1365.356058876692, "total_ciclo_km": null, "phanto_ciclo_km": null, "valdchil_osm_full_network_component": 1, "valdchil_osm_full_network_comp_intersect": 1029.5139000827248, "valdchil_osm_full_network_comp_total": 761655.25169693318 }, "geometry": { "type": "Polygon", "coordinates": [ [ [ 652444.386653029941954, 5589653.249005288816988 ], [ 652515.818205845425837, 5589825.364371783100069 ], [ 652406.796951014664955, 5589990.137159178964794 ], [ 652226.34118821087759, 5589982.797965124249458 ], [ 652154.905642968835309, 5589810.681777282617986 ], [ 652263.929853087058291, 5589645.905604821629822 ], [ 652444.386653029941954, 5589653.249005288816988 ] ] ] } },
{ "type": "Feature", "properties": { "h3_index": "89ce8c0d6bbffff", "id": 238, "m_osm": 546.70955055636773, "total_ciclo_km": null, "phanto_ciclo_km": null, "valdchil_osm_full_network_component": 1, "valdchil_osm_full_network_comp_intersect": 546.70955055636773, "valdchil_osm_full_network_comp_total": 761655.25169693318 }, "geometry": { "type": "Polygon", "coordinates": [ [ [ 654019.308638196554966, 5592593.334270096383989 ], [ 654090.707198280957527, 5592765.384312153793871 ], [ 653981.709711033036001, 5592930.129587011411786 ], [ 653801.31071150675416, 5592922.828208040446043 ], [ 653729.908158583333716, 5592750.777349781244993 ], [ 653838.908598156413063, 5592586.028686670586467 ], [ 654019.308638196554966, 5592593.334270096383989 ] ] ] } },
{ "type": "Feature", "properties": { "h3_index": "89ce8c0d697ffff", "id": 239, "m_osm": 562.87937997040922, "total_ciclo_km": null, "phanto_ciclo_km": null, "valdchil_osm_full_network_component": 1, "valdchil_osm_full_network_comp_intersect": 562.87937997040922, "valdchil_osm_full_network_comp_total": 761655.25169693318 }, "geometry": { "type": "Polygon", "coordinates": [ [ [ 654094.507081866147928, 5591919.726438676007092 ], [ 654165.906485608196817, 5592091.786417016759515 ], [ 654056.907761914189905, 5592256.53322007227689 ], [ 653876.506681849248707, 5592249.223432087339461 ], [ 653805.103285808116198, 5592077.162636417895555 ], [ 653914.104962258017622, 5591912.412446036934853 ], [ 654094.507081866147928, 5591919.726438676007092 ] ] ] } },
{ "type": "Feature", "properties": { "h3_index": "89ce8c0f14fffff", "id": 240, "m_osm": 3057.5584437279858, "total_ciclo_km": null, "phanto_ciclo_km": null, "valdchil_osm_full_network_component": 1, "valdchil_osm_full_network_comp_intersect": 3057.5584437279863, "valdchil_osm_full_network_comp_total": 761655.25169693318 }, "geometry": { "type": "Polygon", "coordinates": [ [ [ 649989.046764750499278, 5589722.569607595913112 ], [ 650060.515929720248096, 5589894.712223870679736 ], [ 649951.471173116122372, 5590059.511695884168148 ], [ 649770.954295055940747, 5590052.171937864273787 ], [ 649699.481135108275339, 5589880.02850007545203 ], [ 649808.528848325018771, 5589715.225641798228025 ], [ 649989.046764750499278, 5589722.569607595913112 ] ] ] } },
{ "type": "Feature", "properties": { "h3_index": "89ce8c0c64bffff", "id": 241, "m_osm": 205.91456627217627, "total_ciclo_km": null, "phanto_ciclo_km": null, "valdchil_osm_full_network_component": 1, "valdchil_osm_full_network_comp_intersect": 205.91456627217627, "valdchil_osm_full_network_comp_total": 761655.25169693318 }, "geometry": { "type": "Polygon", "coordinates": [ [ [ 650015.567287455894984, 5591923.565386102534831 ], [ 650087.029539963579737, 5592095.67241040430963 ], [ 649977.991478340351023, 5592260.463931025005877 ], [ 649797.488209297414869, 5592253.15181649569422 ], [ 649726.021960326470435, 5592081.043974402360618 ], [ 649835.062976988730952, 5591916.249064609408379 ], [ 650015.567287455894984, 5591923.565386102534831 ] ] ] } },
{ "type": "Feature", "properties": { "h3_index": "89ce8c0d617ffff", "id": 242, "m_osm": 488.73683381400764, "total_ciclo_km": null, "phanto_ciclo_km": null, "valdchil_osm_full_network_component": 1, "valdchil_osm_full_network_comp_intersect": 488.73683381400764, "valdchil_osm_full_network_comp_total": 761655.25169693318 }, "geometry": { "type": "Polygon", "coordinates": [ [ [ 654271.099871475365944, 5592772.687498382292688 ], [ 654342.494016907876357, 5592944.731755198910832 ], [ 654233.49948171467986, 5593109.473641679622233 ], [ 654053.107849166495726, 5593102.174659699201584 ], [ 653981.709711033036001, 5592930.129587011411786 ], [ 654090.707198280957527, 5592765.384312153793871 ], [ 654271.099871475365944, 5592772.687498382292688 ] ] ] } },
{ "type": "Feature", "properties": { "h3_index": "89ce8c0f5cbffff", "id": 243, "m_osm": 3664.130011423154, "total_ciclo_km": null, "phanto_ciclo_km": null, "valdchil_osm_full_network_component": 1, "valdchil_osm_full_network_comp_intersect": 3664.1300114231549, "valdchil_osm_full_network_comp_total": 761655.25169693318 }, "geometry": { "type": "Polygon", "coordinates": [ [ [ 650364.813939361250959, 5586352.83432428073138 ], [ 650436.287263032514602, 5586525.026548160240054 ], [ 650327.236305614118464, 5586689.833550126291811 ], [ 650146.709065861883573, 5586682.451709809713066 ], [ 650075.231749915983528, 5586510.258658769540489 ], [ 650184.285666126874276, 5586345.448275179602206 ], [ 650364.813939361250959, 5586352.83432428073138 ] ] ] } },
{ "type": "Feature", "properties": { "h3_index": "89ce8c0f65bffff", "id": 245, "m_osm": 1688.6798148527159, "total_ciclo_km": null, "phanto_ciclo_km": null, "valdchil_osm_full_network_component": 10290, "valdchil_osm_full_network_comp_intersect": 1137.2383664266467, "valdchil_osm_full_network_comp_total": 4669.370599437796 }, "geometry": { "type": "Polygon", "coordinates": [ [ [ 654369.091653430368751, 5587024.322590010240674 ], [ 654440.501362442155369, 5587196.457811706699431 ], [ 654331.491073197568767, 5587361.218589843250811 ], [ 654151.068119002855383, 5587353.847526967525482 ], [ 654079.654421338113025, 5587181.711479707621038 ], [ 654188.667666652123444, 5587016.947320862673223 ], [ 654369.091653430368751, 5587024.322590010240674 ] ] ] } },
{ "type": "Feature", "properties": { "h3_index": "89ce8c0f0bbffff", "id": 246, "m_osm": 2209.8670102094088, "total_ciclo_km": null, "phanto_ciclo_km": null, "valdchil_osm_full_network_component": 1, "valdchil_osm_full_network_comp_intersect": 2209.8670102094106, "valdchil_osm_full_network_comp_total": 761655.25169693318 }, "geometry": { "type": "Polygon", "coordinates": [ [ [ 650756.049634435446933, 5587722.903438902460039 ], [ 650827.51289374078624, 5587895.069219884462655 ], [ 650718.46970778144896, 5588059.867206139490008 ], [ 650537.960305043496192, 5588052.502794654108584 ], [ 650466.493052918929607, 5587880.336188871413469 ], [ 650575.539196477737278, 5587715.534819349646568 ], [ 650756.049634435446933, 5587722.903438902460039 ] ] ] } },
{ "type": "Feature", "properties": { "h3_index": "89ce8c0f32bffff", "id": 247, "m_osm": 2270.4602618322974, "total_ciclo_km": null, "phanto_ciclo_km": null, "valdchil_osm_full_network_component": 1, "valdchil_osm_full_network_comp_intersect": 2270.4602618322956, "valdchil_osm_full_network_comp_total": 761655.25169693318 }, "geometry": { "type": "Polygon", "coordinates": [ [ [ 650632.211309973150492, 5591271.724123460240662 ], [ 650703.665988392662257, 5591443.83447998855263 ], [ 650594.631966209504753, 5591608.621511320583522 ], [ 650414.140310578397475, 5591601.301574135199189 ], [ 650342.681636774097569, 5591429.190398786216974 ], [ 650451.718614113749936, 5591264.399979423731565 ], [ 650632.211309973150492, 5591271.724123460240662 ] ] ] } },
{ "type": "Feature", "properties": { "h3_index": "89ce8c05023ffff", "id": 249, "m_osm": 603.39256200771092, "total_ciclo_km": null, "phanto_ciclo_km": null, "valdchil_osm_full_network_component": 1, "valdchil_osm_full_network_comp_intersect": 603.39256200771092, "valdchil_osm_full_network_comp_total": 761655.25169693318 }, "geometry": { "type": "Polygon", "coordinates": [ [ [ 639525.033932231133804, 5585909.319272361695766 ], [ 639596.675337903667241, 5586081.643821837380528 ], [ 639487.518435802776366, 5586246.571210739202797 ], [ 639306.717162975808606, 5586239.177436050027609 ], [ 639235.071754290023819, 5586066.852057410404086 ], [ 639344.231621572980657, 5585901.921282596886158 ], [ 639525.033932231133804, 5585909.319272361695766 ] ] ] } },
{ "type": "Feature", "properties": { "h3_index": "89ce8c0424bffff", "id": 250, "m_osm": 1661.939581618027, "total_ciclo_km": null, "phanto_ciclo_km": null, "valdchil_osm_full_network_component": 1, "valdchil_osm_full_network_comp_intersect": 1661.9395816180272, "valdchil_osm_full_network_comp_total": 761655.25169693318 }, "geometry": { "type": "Polygon", "coordinates": [ [ [ 637392.607977963518351, 5585483.222005020827055 ], [ 637464.283421944244765, 5585655.57800763938576 ], [ 637355.104702629265375, 5585820.530242625623941 ], [ 637174.2475727845449, 5585813.129861277528107 ], [ 637102.56812391220592, 5585640.773028528317809 ], [ 637211.749809905653819, 5585475.817407234571874 ], [ 637392.607977963518351, 5585483.222005020827055 ] ] ] } },
{ "type": "Feature", "properties": { "h3_index": "89ce8c0d6a7ffff", "id": 252, "m_osm": 3396.9261915224934, "total_ciclo_km": null, "phanto_ciclo_km": null, "valdchil_osm_full_network_component": 1, "valdchil_osm_full_network_comp_intersect": 3396.9261915224938, "valdchil_osm_full_network_comp_total": 761655.25169693318 }, "geometry": { "type": "Polygon", "coordinates": [ [ [ 653440.499019125592895, 5592908.224860307760537 ], [ 653511.905565288616344, 5593080.276534538716078 ], [ 653402.903412057901733, 5593245.027055751532316 ], [ 653222.491760369855911, 5593237.729291641153395 ], [ 653151.081220562336966, 5593065.676801671274006 ], [ 653260.086326217511669, 5592900.922891526482999 ], [ 653440.499019125592895, 5592908.224860307760537 ] ] ] } },
{ "type": "Feature", "properties": { "h3_index": "89ce8c0f267ffff", "id": 253, "m_osm": 1389.5113796420217, "total_ciclo_km": null, "phanto_ciclo_km": null, "valdchil_osm_full_network_component": 1, "valdchil_osm_full_network_comp_intersect": 1389.5113796420214, "valdchil_osm_full_network_comp_total": 761655.25169693318 }, "geometry": { "type": "Polygon", "coordinates": [ [ [ 652910.544232427608222, 5590349.023370477370918 ], [ 652981.966542491107248, 5590521.122204063460231 ], [ 652872.951815322390758, 5590685.887462392449379 ], [ 652692.511823687586002, 5590678.557272889651358 ], [ 652621.08552119799424, 5590506.457619185559452 ], [ 652730.1032028979389, 5590341.688975078985095 ], [ 652910.544232427608222, 5590349.023370477370918 ] ] ] } },
{ "type": "Feature", "properties": { "h3_index": "89ce8c0f087ffff", "id": 254, "m_osm": 1208.5610527910512, "total_ciclo_km": null, "phanto_ciclo_km": null, "valdchil_osm_full_network_component": 1, "valdchil_osm_full_network_comp_intersect": 1208.561052791051, "valdchil_osm_full_network_comp_total": 761655.25169693318 }, "geometry": { "type": "Polygon", "coordinates": [ [ [ 650793.629763355944306, 5587385.933960825204849 ], [ 650865.093439028831199, 5587558.104701028205454 ], [ 650756.049634435446933, 5587722.903438902460039 ], [ 650575.539196477737278, 5587715.534819349646568 ], [ 650504.071528253611177, 5587543.363253782503307 ], [ 650613.118290664860979, 5587378.56113310623914 ], [ 650793.629763355944306, 5587385.933960825204849 ] ] ] } },
{ "type": "Feature", "properties": { "h3_index": "89ce8c0d6afffff", "id": 255, "m_osm": 86.426572657595855, "total_ciclo_km": null, "phanto_ciclo_km": null, "valdchil_osm_full_network_component": 1, "valdchil_osm_full_network_comp_intersect": 86.426572657595855, "valdchil_osm_full_network_comp_total": 761655.25169693318 }, "geometry": { "type": "Polygon", "coordinates": [ [ [ 653692.310890981578268, 5593087.576106136664748 ], [ 653763.713022220530547, 5593259.621994463726878 ], [ 653654.713821148732677, 5593424.369126621633768 ], [ 653474.309536807006225, 5593417.073759485036135 ], [ 653402.903412057901733, 5593245.027055751532316 ], [ 653511.905565288616344, 5593080.276534538716078 ], [ 653692.310890981578268, 5593087.576106136664748 ] ] ] } },
{ "type": "Feature", "properties": { "h3_index": "89ce8c0f66fffff", "id": 256, "m_osm": 1077.7578069008403, "total_ciclo_km": null, "phanto_ciclo_km": null, "valdchil_osm_full_network_component": 1, "valdchil_osm_full_network_comp_intersect": 1077.7578069008403, "valdchil_osm_full_network_comp_total": 761655.25169693318 }, "geometry": { "type": "Polygon", "coordinates": [ [ [ 653425.562843406107277, 5588170.309596471488476 ], [ 653496.983680549543351, 5588342.437377968803048 ], [ 653387.967592434142716, 5588507.204544210806489 ], [ 653207.527711520902812, 5588499.847311585210264 ], [ 653136.102883974323049, 5588327.71870634984225 ], [ 653245.1219278749777, 5588162.948157451115549 ], [ 653425.562843406107277, 5588170.309596471488476 ] ] ] } },
{ "type": "Feature", "properties": { "h3_index": "89ce8c0c413ffff", "id": 257, "m_osm": 446.77627438777483, "total_ciclo_km": null, "phanto_ciclo_km": null, "valdchil_osm_full_network_component": 1, "valdchil_osm_full_network_comp_intersect": 446.77627438777489, "valdchil_osm_full_network_comp_total": 761655.25169693318 }, "geometry": { "type": "Polygon", "coordinates": [ [ [ 647243.23859291721601, 5589949.39457156136632 ], [ 647314.749379505170509, 5590121.565267975442111 ], [ 647205.678797692991793, 5590286.394062660634518 ], [ 647025.094471430638805, 5590279.055548710748553 ], [ 646953.579686906770803, 5590106.884030853398144 ], [ 647062.653226710506715, 5589942.05184836499393 ], [ 647243.23859291721601, 5589949.39457156136632 ] ] ] } },
{ "type": "Feature", "properties": { "h3_index": "89ce8c0f19bffff", "id": 258, "m_osm": 1368.4860502098843, "total_ciclo_km": null, "phanto_ciclo_km": null, "valdchil_osm_full_network_component": 1, "valdchil_osm_full_network_comp_intersect": 1368.4860502098841, "valdchil_osm_full_network_comp_total": 761655.25169693318 }, "geometry": { "type": "Polygon", "coordinates": [ [ [ 649345.751885833684355, 5588173.124810590408742 ], [ 649417.235528299002908, 5588345.299675290472806 ], [ 649308.180034586926922, 5588510.111570217646658 ], [ 649127.637940463377163, 5588502.751984918490052 ], [ 649056.150303430389613, 5588330.576296015642583 ], [ 649165.208755216212012, 5588165.761016588658094 ], [ 649345.751885833684355, 5588173.124810590408742 ] ] ] } },
{ "type": "Feature", "properties": { "h3_index": "89ce8c0f567ffff", "id": 259, "m_osm": 843.56460898443311, "total_ciclo_km": null, "phanto_ciclo_km": null, "valdchil_osm_full_network_component": 1, "valdchil_osm_full_network_comp_intersect": 843.56460898443288, "valdchil_osm_full_network_comp_total": 761655.25169693318 }, "geometry": { "type": "Polygon", "coordinates": [ [ [ 649383.323943489929661, 5587836.132336753420532 ], [ 649454.808000890305266, 5588008.312162677757442 ], [ 649345.751885833684355, 5588173.124810590408742 ], [ 649165.208755216212012, 5588165.761016588658094 ], [ 649093.720703517086804, 5587993.580365899018943 ], [ 649202.779776862822473, 5587828.764333952218294 ], [ 649383.323943489929661, 5587836.132336753420532 ] ] ] } },
{ "type": "Feature", "properties": { "h3_index": "89ce8c05edbffff", "id": 260, "m_osm": 505.16604459646737, "total_ciclo_km": null, "phanto_ciclo_km": null, "valdchil_osm_full_network_component": 1, "valdchil_osm_full_network_comp_intersect": 505.16604459646737, "valdchil_osm_full_network_comp_total": 761655.25169693318 }, "geometry": { "type": "Polygon", "coordinates": [ [ [ 638757.542509592720307, 5587910.62649059202522 ], [ 638829.1899085608311, 5588082.927868191152811 ], [ 638720.031533131608739, 5588247.856774979270995 ], [ 638539.222794675268233, 5588240.487693065777421 ], [ 638467.571390530676581, 5588068.185489597730339 ], [ 638576.732730146264657, 5587903.253193886950612 ], [ 638757.542509592720307, 5587910.62649059202522 ] ] ] } },
{ "type": "Feature", "properties": { "h3_index": "89ce8c0f637ffff", "id": 261, "m_osm": 3087.0807616589564, "total_ciclo_km": null, "phanto_ciclo_km": null, "valdchil_osm_full_network_component": 1, "valdchil_osm_full_network_comp_intersect": 3087.0807616589582, "valdchil_osm_full_network_comp_total": 761655.25169693318 }, "geometry": { "type": "Polygon", "coordinates": [ [ [ 652418.027543989359401, 5587452.280481910333037 ], [ 652489.466018617618829, 5587624.431395081803203 ], [ 652380.438105746521614, 5587789.212091204710305 ], [ 652199.968761516036466, 5587781.845256288535893 ], [ 652128.526295950403437, 5587609.69351805280894 ], [ 652237.557165680686012, 5587444.909439771436155 ], [ 652418.027543989359401, 5587452.280481910333037 ] ] ] } },
{ "type": "Feature", "properties": { "h3_index": "89ce8c0d4d3ffff", "id": 263, "m_osm": 555.48472035141276, "total_ciclo_km": null, "phanto_ciclo_km": null, "valdchil_osm_full_network_component": 1, "valdchil_osm_full_network_comp_intersect": 555.48472035141288, "valdchil_osm_full_network_comp_total": 761655.25169693318 }, "geometry": { "type": "Polygon", "coordinates": [ [ [ 653414.244399814633653, 5590707.876846962608397 ], [ 653485.657885334105231, 5590879.964111423119903 ], [ 653376.649066431913525, 5591044.722597819752991 ], [ 653196.223808138165623, 5591037.397205760702491 ], [ 653124.806330455816351, 5590865.309121844358742 ], [ 653233.818103358382359, 5590700.54724941868335 ], [ 653414.244399814633653, 5590707.876846962608397 ] ] ] } },
{ "type": "Feature", "properties": { "h3_index": "89ce8c0f26bffff", "id": 264, "m_osm": 2702.9928908092879, "total_ciclo_km": null, "phanto_ciclo_km": null, "valdchil_osm_full_network_component": 1, "valdchil_osm_full_network_comp_intersect": 2702.9928908092888, "valdchil_osm_full_network_comp_total": 761655.25169693318 }, "geometry": { "type": "Polygon", "coordinates": [ [ [ 653451.839930167305283, 5590371.025372112169862 ], [ 653523.253836175077595, 5590543.11760107986629 ], [ 653414.244399814633653, 5590707.876846962608397 ], [ 653233.818103358382359, 5590700.54724941868335 ], [ 653162.400205457932316, 5590528.454200434498489 ], [ 653271.412596035865135, 5590363.691568985581398 ], [ 653451.839930167305283, 5590371.025372112169862 ] ] ] } },
{ "type": "Feature", "properties": { "h3_index": "89ce8c0f56fffff", "id": 265, "m_osm": 206.52784760926357, "total_ciclo_km": null, "phanto_ciclo_km": null, "valdchil_osm_full_network_component": 1, "valdchil_osm_full_network_comp_intersect": 206.52784760926357, "valdchil_osm_full_network_comp_total": 761655.25169693318 }, "geometry": { "type": "Polygon", "coordinates": [ [ [ 649635.344800258986652, 5588015.677763649262488 ], [ 649706.824448559083976, 5588187.851803917437792 ], [ 649597.771291527198628, 5588352.661067667417228 ], [ 649417.235528299002908, 5588345.299675290472806 ], [ 649345.751885833684355, 5588173.124810590408742 ], [ 649454.808000890305266, 5588008.312162677757442 ], [ 649635.344800258986652, 5588015.677763649262488 ] ] ] } },
{ "type": "Feature", "properties": { "h3_index": "89ce8c0f47bffff", "id": 266, "m_osm": 721.25729615717819, "total_ciclo_km": null, "phanto_ciclo_km": null, "valdchil_osm_full_network_component": 1, "valdchil_osm_full_network_comp_intersect": 721.25729615717819, "valdchil_osm_full_network_comp_total": 761655.25169693318 }, "geometry": { "type": "Polygon", "coordinates": [ [ [ 651989.362911398522556, 5586419.299822558648884 ], [ 652060.811038275482133, 5586591.472215123474598 ], [ 651951.775979537400417, 5586756.261174092069268 ], [ 651771.289836220094003, 5586748.881121455691755 ], [ 651699.837718680151738, 5586576.707902035675943 ], [ 651808.875735247740522, 5586411.915562086738646 ], [ 651989.362911398522556, 5586419.299822558648884 ] ] ] } },
{ "type": "Feature", "properties": { "h3_index": "89ce8c0f3cbffff", "id": 267, "m_osm": 1926.3074848668587, "total_ciclo_km": null, "phanto_ciclo_km": null, "valdchil_osm_full_network_component": 1, "valdchil_osm_full_network_comp_intersect": 1926.3074848668593, "valdchil_osm_full_network_comp_total": 761655.25169693318 }, "geometry": { "type": "Polygon", "coordinates": [ [ [ 651865.415966540225782, 5589968.118984301574528 ], [ 651936.855504611507058, 5590140.235993255861104 ], [ 651827.829576864722185, 5590305.014036328531802 ], [ 651647.361155788064934, 5590297.678456173278391 ], [ 651575.917624484514818, 5590125.560626339167356 ], [ 651684.946507619693875, 5589960.779197518713772 ], [ 651865.415966540225782, 5589968.118984301574528 ] ] ] } },
{ "type": "Feature", "properties": { "h3_index": "89ce8c0f51bffff", "id": 268, "m_osm": 2311.6132163246393, "total_ciclo_km": null, "phanto_ciclo_km": null, "valdchil_osm_full_network_component": 1, "valdchil_osm_full_network_comp_intersect": 2311.6132163246384, "valdchil_osm_full_network_comp_total": 761655.25169693318 }, "geometry": { "type": "Polygon", "coordinates": [ [ [ 649785.640887105371803, 5586667.68743315525353 ], [ 649857.122195733361878, 5586839.881311122328043 ], [ 649748.066558254882693, 5587004.693579452112317 ], [ 649567.526653381995857, 5586997.315352094359696 ], [ 649496.041351671563461, 5586825.120647434145212 ], [ 649605.099948044400662, 5586660.304996803402901 ], [ 649785.640887105371803, 5586667.68743315525353 ] ] ] } },
{ "type": "Feature", "properties": { "h3_index": "89ce8c0d44fffff", "id": 270, "m_osm": 896.28490756205179, "total_ciclo_km": null, "phanto_ciclo_km": null, "valdchil_osm_full_network_component": 1, "valdchil_osm_full_network_comp_intersect": 896.2849075620519, "valdchil_osm_full_network_comp_total": 761655.25169693318 }, "geometry": { "type": "Polygon", "coordinates": [ [ [ 653515.69082795327995, 5592234.603265702724457 ], [ 653587.09821669512894, 5592406.664878471754491 ], [ 653478.094824530533515, 5592571.416929711587727 ], [ 653297.681090891826898, 5592564.110756161622703 ], [ 653226.269709042971954, 5592392.048326523043215 ], [ 653335.276054070214741, 5592227.292887281626463 ], [ 653515.69082795327995, 5592234.603265702724457 ] ] ] } },
{ "type": "Feature", "properties": { "h3_index": "89ce8c0f05bffff", "id": 271, "m_osm": 2038.4241084311784, "total_ciclo_km": null, "phanto_ciclo_km": null, "valdchil_osm_full_network_component": 1, "valdchil_osm_full_network_comp_intersect": 2038.4241084311784, "valdchil_osm_full_network_comp_total": 761655.25169693318 }, "geometry": { "type": "Polygon", "coordinates": [ [ [ 652342.848865378182381, 5588126.137990561313927 ], [ 652414.286503447336145, 5588298.278986315242946 ], [ 652305.259823206230067, 5588463.05817823857069 ], [ 652124.792548599420115, 5588455.699757467955351 ], [ 652053.350919048534706, 5588283.557937778532505 ], [ 652162.380555714247748, 5588118.775362770073116 ], [ 652342.848865378182381, 5588126.137990561313927 ] ] ] } },
{ "type": "Feature", "properties": { "h3_index": "89ce8c0f427ffff", "id": 272, "m_osm": 1390.2277672690232, "total_ciclo_km": null, "phanto_ciclo_km": null, "valdchil_osm_full_network_component": 1, "valdchil_osm_full_network_comp_intersect": 1390.2277672690227, "valdchil_osm_full_network_comp_total": 761655.25169693318 }, "geometry": { "type": "Polygon", "coordinates": [ [ [ 650616.808169971336611, 5586532.410194784402847 ], [ 650688.277085999958217, 5586704.596634777262807 ], [ 650579.229087103158236, 5586869.400254994630814 ], [ 650398.709213784895837, 5586862.02081694547087 ], [ 650327.236305614118464, 5586689.833550126291811 ], [ 650436.287263032514602, 5586525.026548160240054 ], [ 650616.808169971336611, 5586532.410194784402847 ] ] ] } },
{ "type": "Feature", "properties": { "h3_index": "89ce8c0c647ffff", "id": 273, "m_osm": 1980.2201897502696, "total_ciclo_km": null, "phanto_ciclo_km": null, "valdchil_osm_full_network_component": 1, "valdchil_osm_full_network_comp_intersect": 1980.2201897502696, "valdchil_osm_full_network_comp_total": 761655.25169693318 }, "geometry": { "type": "Polygon", "coordinates": [ [ [ 649474.040660306578502, 5591901.615830510854721 ], [ 649545.511322693084367, 5592073.729460928589106 ], [ 649436.467975682578981, 5592238.526996639557183 ], [ 649255.951011052937247, 5592231.214291295036674 ], [ 649184.476351664401591, 5592059.099842987023294 ], [ 649293.522654035827145, 5591894.298917889595032 ], [ 649474.040660306578502, 5591901.615830510854721 ] ] ] } },
{ "type": "Feature", "properties": { "h3_index": "89ce8c0585bffff", "id": 275, "m_osm": 337.16541509908382, "total_ciclo_km": null, "phanto_ciclo_km": null, "valdchil_osm_full_network_component": 1, "valdchil_osm_full_network_comp_intersect": 337.16541509908382, "valdchil_osm_full_network_comp_total": 761655.25169693318 }, "geometry": { "type": "Polygon", "coordinates": [ [ [ 636905.084028352517635, 5589867.783106757327914 ], [ 636976.75426041870378, 5590040.074518015608191 ], [ 636867.583867709850892, 5590205.016960139386356 ], [ 636686.740279235644266, 5590197.671383345499635 ], [ 636615.066038757096976, 5590025.379149318672717 ], [ 636724.239395292941481, 5589860.433314831927419 ], [ 636905.084028352517635, 5589867.783106757327914 ] ] ] } },
{ "type": "Feature", "properties": { "h3_index": "89ce8c0f543ffff", "id": 276, "m_osm": 2691.6577992794219, "total_ciclo_km": null, "phanto_ciclo_km": null, "valdchil_osm_full_network_component": 1, "valdchil_osm_full_network_comp_intersect": 2691.6577992794232, "valdchil_osm_full_network_comp_total": 761655.25169693318 }, "geometry": { "type": "Polygon", "coordinates": [ [ [ 650289.658874624408782, 5587026.827070065774024 ], [ 650361.131367214024067, 5587199.009378999471664 ], [ 650252.081646715989336, 5587363.814882352016866 ], [ 650071.55647539999336, 5587356.44145929813385 ], [ 650000.079989992082119, 5587184.258324332535267 ], [ 650109.132668847218156, 5587019.449438431300223 ], [ 650289.658874624408782, 5587026.827070065774024 ] ] ] } },
{ "type": "Feature", "properties": { "h3_index": "89ce8c05037ffff", "id": 277, "m_osm": 3036.8407385670257, "total_ciclo_km": null, "phanto_ciclo_km": null, "valdchil_osm_full_network_component": 1, "valdchil_osm_full_network_comp_intersect": 3036.8407385670262, "valdchil_osm_full_network_comp_total": 761655.25169693318 }, "geometry": { "type": "Polygon", "coordinates": [ [ [ 639272.585810241638683, 5585729.590941001661122 ], [ 639344.231621572980657, 5585901.921282596886158 ], [ 639235.071754290023819, 5586066.852057410404086 ], [ 639054.26311035361141, 5586059.455876392312348 ], [ 638982.613295875256881, 5585887.124705297872424 ], [ 639091.776128609199077, 5585722.190544698387384 ], [ 639272.585810241638683, 5585729.590941001661122 ] ] ] } },
{ "type": "Feature", "properties": { "h3_index": "89ce8c0e247ffff", "id": 278, "m_osm": 762.84081544312608, "total_ciclo_km": null, "phanto_ciclo_km": null, "valdchil_osm_full_network_component": 1, "valdchil_osm_full_network_comp_intersect": 762.8408154431263, "valdchil_osm_full_network_comp_total": 761655.25169693318 }, "geometry": { "type": "Polygon", "coordinates": [ [ [ 647972.785039503476582, 5588286.401401455514133 ], [ 648044.289485934074037, 5588458.590312113985419 ], [ 647935.221068898332305, 5588623.416870763525367 ], [ 647754.64524679700844, 5588616.057904001325369 ], [ 647683.136804317357019, 5588443.868169172666967 ], [ 647792.208180116140284, 5588279.038225254975259 ], [ 647972.785039503476582, 5588286.401401455514133 ] ] ] } },
{ "type": "Feature", "properties": { "h3_index": "89ce8c0f0afffff", "id": 279, "m_osm": 2513.4307229857714, "total_ciclo_km": null, "phanto_ciclo_km": null, "valdchil_osm_full_network_component": 1, "valdchil_osm_full_network_comp_intersect": 2513.4307229857709, "valdchil_osm_full_network_comp_total": 761655.25169693318 }, "geometry": { "type": "Polygon", "coordinates": [ [ [ 650428.914780738996342, 5588217.303412097506225 ], [ 650500.381616683560424, 5588389.465057272464037 ], [ 650391.336712038144469, 5588554.264921717345715 ], [ 650210.822014144039713, 5588546.906525033526123 ], [ 650139.351184704340994, 5588374.744055856019258 ], [ 650248.399046783451922, 5588209.940807340666652 ], [ 650428.914780738996342, 5588217.303412097506225 ] ] ] } },
{ "type": "Feature", "properties": { "h3_index": "89ce8c05027ffff", "id": 281, "m_osm": 747.25299650170882, "total_ciclo_km": null, "phanto_ciclo_km": null, "valdchil_osm_full_network_component": 1, "valdchil_osm_full_network_comp_intersect": 747.25299650170882, "valdchil_osm_full_network_comp_total": 761655.25169693318 }, "geometry": { "type": "Polygon", "coordinates": [ [ [ 639235.071754290023819, 5586066.852057410404086 ], [ 639306.717162975808606, 5586239.177436050027609 ], [ 639197.557931013405323, 5586404.107462626881897 ], [ 639016.750325263245031, 5586396.715496791526675 ], [ 638945.100913160364144, 5586224.389289218001068 ], [ 639054.26311035361141, 5586059.455876392312348 ], [ 639235.071754290023819, 5586066.852057410404086 ] ] ] } },
{ "type": "Feature", "properties": { "h3_index": "89ce8c0f157ffff", "id": 282, "m_osm": 1093.065619462378, "total_ciclo_km": null, "phanto_ciclo_km": null, "valdchil_osm_full_network_component": 1, "valdchil_osm_full_network_comp_intersect": 1093.065619462378, "valdchil_osm_full_network_comp_total": 761655.25169693318 }, "geometry": { "type": "Polygon", "coordinates": [ [ [ 649774.629615940852091, 5589206.120257018133998 ], [ 649846.103607749566436, 5589378.273624029010534 ], [ 649737.055272405734286, 5589543.077238987199962 ], [ 649556.529988284572028, 5589535.730872591026127 ], [ 649485.052001634263434, 5589363.576683172024786 ], [ 649594.103294077562168, 5589198.769682537764311 ], [ 649774.629615940852091, 5589206.120257018133998 ] ] ] } },
{ "type": "Feature", "properties": { "h3_index": "89ce8c051abffff", "id": 283, "m_osm": 939.50483835017758, "total_ciclo_km": null, "phanto_ciclo_km": null, "valdchil_osm_full_network_component": 1, "valdchil_osm_full_network_comp_intersect": 939.50483835017747, "valdchil_osm_full_network_comp_total": 761655.25169693318 }, "geometry": { "type": "Polygon", "coordinates": [ [ [ 637570.125027208123356, 5586337.572601514868438 ], [ 637641.795264411717653, 5586509.912882128730416 ], [ 637532.62078761938028, 5586674.860233328305185 ], [ 637351.773107783286832, 5586667.470691255293787 ], [ 637280.098865281790495, 5586495.12958197388798 ], [ 637389.276308043627068, 5586330.178843409754336 ], [ 637570.125027208123356, 5586337.572601514868438 ] ] ] } },
{ "type": "Feature", "properties": { "h3_index": "89ce8c0f61bffff", "id": 285, "m_osm": 823.9765262705539, "total_ciclo_km": null, "phanto_ciclo_km": null, "valdchil_osm_full_network_component": 1, "valdchil_osm_full_network_comp_intersect": 823.9765262705539, "valdchil_osm_full_network_comp_total": 761655.25169693318 }, "geometry": { "type": "Polygon", "coordinates": [ [ [ 653575.945796809974127, 5586822.672712156549096 ], [ 653647.368311712518334, 5586994.820322745479643 ], [ 653538.349766678060405, 5587159.590493752621114 ], [ 653357.905750215169974, 5587152.216434947215021 ], [ 653286.479245983762667, 5586980.067998365499079 ], [ 653395.500747673097067, 5586815.294446555897593 ], [ 653575.945796809974127, 5586822.672712156549096 ] ] ] } },
{ "type": "Feature", "properties": { "h3_index": "89ce8c0f063ffff", "id": 286, "m_osm": 4308.1938376459384, "total_ciclo_km": null, "phanto_ciclo_km": null, "valdchil_osm_full_network_component": 1, "valdchil_osm_full_network_comp_intersect": 4308.1938376459393, "valdchil_osm_full_network_comp_total": 761655.25169693318 }, "geometry": { "type": "Polygon", "coordinates": [ [ [ 651436.744932956295088, 5588935.341691165231168 ], [ 651508.194129085401073, 5589107.480196395888925 ], [ 651399.161051493836567, 5589272.266523312777281 ], [ 651218.675821542507038, 5589264.917729545384645 ], [ 651147.222632452961989, 5589092.778401639312506 ], [ 651256.258666402078234, 5588927.98869015276432 ], [ 651436.744932956295088, 5588935.341691165231168 ] ] ] } },
{ "type": "Feature", "properties": { "h3_index": "89ce8c0f557ffff", "id": 287, "m_osm": 3211.402330901316, "total_ciclo_km": null, "phanto_ciclo_km": null, "valdchil_osm_full_network_component": 1, "valdchil_osm_full_network_comp_intersect": 3211.4023309013155, "valdchil_osm_full_network_comp_total": 761655.25169693318 }, "geometry": { "type": "Polygon", "coordinates": [ [ [ 650037.655768127762713, 5586847.261345015838742 ], [ 650109.132668847218156, 5587019.449438431300223 ], [ 650000.079989992082119, 5587184.258324332535267 ], [ 649819.547451922902837, 5587176.882499227300286 ], [ 649748.066558254882693, 5587004.693579452112317 ], [ 649857.122195733361878, 5586839.881311122328043 ], [ 650037.655768127762713, 5586847.261345015838742 ] ] ] } },
{ "type": "Feature", "properties": { "h3_index": "89ce8c0f09bffff", "id": 288, "m_osm": 2426.9039700320695, "total_ciclo_km": null, "phanto_ciclo_km": null, "valdchil_osm_full_network_component": 1, "valdchil_osm_full_network_comp_intersect": 2426.90397003207, "valdchil_osm_full_network_comp_total": 761655.25169693318 }, "geometry": { "type": "Polygon", "coordinates": [ [ [ 651372.720217770896852, 5587071.088690431788564 ], [ 651444.175909555051476, 5587243.25777920987457 ], [ 651335.136784613947384, 5587408.051253433339298 ], [ 651154.639010301907547, 5587400.679020980373025 ], [ 651083.179326773388311, 5587228.50910637434572 ], [ 651192.221409430727363, 5587063.712250026874244 ], [ 651372.720217770896852, 5587071.088690431788564 ] ] ] } },
{ "type": "Feature", "properties": { "h3_index": "89ce8c0f38bffff", "id": 289, "m_osm": 3516.8853445571581, "total_ciclo_km": null, "phanto_ciclo_km": null, "valdchil_osm_full_network_component": 1, "valdchil_osm_full_network_comp_intersect": 3516.885344557159, "valdchil_osm_full_network_comp_total": 761655.25169693318 }, "geometry": { "type": "Polygon", "coordinates": [ [ [ 651072.058383972151205, 5589766.629250539466739 ], [ 651143.510738174198195, 5589938.758651583455503 ], [ 651034.476563678705133, 5590103.546094365417957 ], [ 650853.987079136772081, 5590096.207521917298436 ], [ 650782.530731031671166, 5589924.077299560420215 ], [ 650891.567861501825973, 5589759.28647094219923 ], [ 651072.058383972151205, 5589766.629250539466739 ] ] ] } },
{ "type": "Feature", "properties": { "h3_index": "89ce8c0f36bffff", "id": 290, "m_osm": 630.04377367436393, "total_ciclo_km": null, "phanto_ciclo_km": null, "valdchil_osm_full_network_component": 1, "valdchil_osm_full_network_comp_intersect": 630.04377367436405, "valdchil_osm_full_network_comp_total": 761655.25169693318 }, "geometry": { "type": "Polygon", "coordinates": [ [ [ 651425.579909142921679, 5591473.120276580564678 ], [ 651497.021766865043901, 5591645.218240795657039 ], [ 651387.995986727648415, 5591809.995869982987642 ], [ 651207.525394426193088, 5591802.67892287299037 ], [ 651136.079541988205165, 5591630.580140267498791 ], [ 651245.108276696526445, 5591465.799123138189316 ], [ 651425.579909142921679, 5591473.120276580564678 ] ] ] } },
{ "type": "Feature", "properties": { "h3_index": "89ce8c0f277ffff", "id": 291, "m_osm": 2732.7844976103197, "total_ciclo_km": null, "phanto_ciclo_km": null, "valdchil_osm_full_network_component": 1, "valdchil_osm_full_network_comp_intersect": 2732.7844976103202, "valdchil_osm_full_network_comp_total": 761655.25169693318 }, "geometry": { "type": "Polygon", "coordinates": [ [ [ 652948.136847638525069, 5590012.153556009754539 ], [ 653019.559577486710623, 5590184.25735358800739 ], [ 652910.544232427608222, 5590349.023370477370918 ], [ 652730.1032028979389, 5590341.688975078985095 ], [ 652658.676480891881511, 5590169.584356816485524 ], [ 652767.694780700723641, 5590004.814954613335431 ], [ 652948.136847638525069, 5590012.153556009754539 ] ] ] } },
{ "type": "Feature", "properties": { "h3_index": "89ce8c0f327ffff", "id": 292, "m_osm": 2183.8978107835992, "total_ciclo_km": null, "phanto_ciclo_km": null, "valdchil_osm_full_network_component": 1, "valdchil_osm_full_network_comp_intersect": 2183.8978107835978, "valdchil_osm_full_network_comp_total": 761655.25169693318 }, "geometry": { "type": "Polygon", "coordinates": [ [ [ 650090.719526455970481, 5591249.751099675893784 ], [ 650162.182613058015704, 5591421.8680624300614 ], [ 650053.143303602002561, 5591586.661108404397964 ], [ 649872.637952196761034, 5591579.340579846873879 ], [ 649801.170869671041146, 5591407.222798171453178 ], [ 649910.213134602294303, 5591242.426363951526582 ], [ 650090.719526455970481, 5591249.751099675893784 ] ] ] } },
{ "type": "Feature", "properties": { "h3_index": "89ce8c0556fffff", "id": 294, "m_osm": 629.52661463469667, "total_ciclo_km": null, "phanto_ciclo_km": null, "valdchil_osm_full_network_component": 1, "valdchil_osm_full_network_comp_intersect": 629.52661463469667, "valdchil_osm_full_network_comp_total": 761655.25169693318 }, "geometry": { "type": "Polygon", "coordinates": [ [ [ 638515.170786523143761, 5585190.356753410771489 ], [ 638586.829813492833637, 5585362.704471813514829 ], [ 638477.661049047135748, 5585527.645403613336384 ], [ 638296.830291501246393, 5585520.242002393119037 ], [ 638225.167260988149792, 5585347.893453490920365 ], [ 638334.338991691241972, 5585182.949136283248663 ], [ 638515.170786523143761, 5585190.356753410771489 ] ] ] } },
{ "type": "Feature", "properties": { "h3_index": "89ce8c0f577ffff", "id": 295, "m_osm": 1221.7574754230154, "total_ciclo_km": null, "phanto_ciclo_km": null, "valdchil_osm_full_network_component": 1, "valdchil_osm_full_network_comp_intersect": 1221.7574754230154, "valdchil_osm_full_network_comp_total": 761655.25169693318 }, "geometry": { "type": "Polygon", "coordinates": [ [ [ 649420.896207230980508, 5587499.134150451980531 ], [ 649492.380679483059794, 5587671.318936777301133 ], [ 649383.323943489929661, 5587836.132336753420532 ], [ 649202.779776862822473, 5587828.764333952218294 ], [ 649131.291310582309961, 5587656.578722294420004 ], [ 649240.351005082949996, 5587491.761938748881221 ], [ 649420.896207230980508, 5587499.134150451980531 ] ] ] } },
{ "type": "Feature", "properties": { "h3_index": "89ce8c0f607ffff", "id": 296, "m_osm": 3038.481369634007, "total_ciclo_km": null, "phanto_ciclo_km": null, "valdchil_osm_full_network_component": 1, "valdchil_osm_full_network_comp_intersect": 3038.4813696340066, "valdchil_osm_full_network_comp_total": 761655.25169693318 }, "geometry": { "type": "Polygon", "coordinates": [ [ [ 652997.004019745159894, 5587137.467722062952816 ], [ 653068.434513704734854, 5587309.616984407417476 ], [ 652959.411283608991653, 5587474.392418207600713 ], [ 652778.954602926620282, 5587467.021971118636429 ], [ 652707.520118834683672, 5587294.871883245185018 ], [ 652816.546305688796565, 5587130.093067964538932 ], [ 652997.004019745159894, 5587137.467722062952816 ] ] ] } },
{ "type": "Feature", "properties": { "h3_index": "89ce8c0f633ffff", "id": 297, "m_osm": 1158.0810212811004, "total_ciclo_km": null, "phanto_ciclo_km": null, "valdchil_osm_full_network_component": 1, "valdchil_osm_full_network_comp_intersect": 1158.0810212811007, "valdchil_osm_full_network_comp_total": 761655.25169693318 }, "geometry": { "type": "Polygon", "coordinates": [ [ [ 652707.520118834683672, 5587294.871883245185018 ], [ 652778.954602926620282, 5587467.021971118636429 ], [ 652669.929031156469136, 5587631.800036140717566 ], [ 652489.466018617618829, 5587624.431395081803203 ], [ 652418.027543989359401, 5587452.280481910333037 ], [ 652527.05607256887015, 5587287.49903507065028 ], [ 652707.520118834683672, 5587294.871883245185018 ] ] ] } },
{ "type": "Feature", "properties": { "h3_index": "89ce8c0f627ffff", "id": 298, "m_osm": 1463.3248249794756, "total_ciclo_km": null, "phanto_ciclo_km": null, "valdchil_osm_full_network_component": 1, "valdchil_osm_full_network_comp_intersect": 1463.324824979476, "valdchil_osm_full_network_comp_total": 761655.25169693318 }, "geometry": { "type": "Polygon", "coordinates": [ [ [ 652380.438105746521614, 5587789.212091204710305 ], [ 652451.876162135740742, 5587961.358046078123152 ], [ 652342.848865378182381, 5588126.137990561313927 ], [ 652162.380555714247748, 5588118.775362770073116 ], [ 652090.938508115475997, 5587946.628583395853639 ], [ 652199.968761516036466, 5587781.845256288535893 ], [ 652380.438105746521614, 5587789.212091204710305 ] ] ] } },
{ "type": "Feature", "properties": { "h3_index": "89ce8c0d6b7ffff", "id": 299, "m_osm": 3817.2763702415118, "total_ciclo_km": null, "phanto_ciclo_km": null, "valdchil_osm_full_network_component": 1, "valdchil_osm_full_network_comp_intersect": 3817.2763702415114, "valdchil_osm_full_network_comp_total": 761655.25169693318 }, "geometry": { "type": "Polygon", "coordinates": [ [ [ 653478.094824530533515, 5592571.416929711587727 ], [ 653549.501792025170289, 5592743.473573621362448 ], [ 653440.499019125592895, 5592908.224860307760537 ], [ 653260.086326217511669, 5592900.922891526482999 ], [ 653188.675365349161439, 5592728.865431315265596 ], [ 653297.681090891826898, 5592564.110756161622703 ], [ 653478.094824530533515, 5592571.416929711587727 ] ] ] } },
{ "type": "Feature", "properties": { "h3_index": "89ce8c0f3d7ffff", "id": 300, "m_osm": 1445.549570659487, "total_ciclo_km": null, "phanto_ciclo_km": null, "valdchil_osm_full_network_component": 1, "valdchil_osm_full_network_comp_intersect": 1445.5495706594875, "valdchil_osm_full_network_comp_total": 761655.25169693318 }, "geometry": { "type": "Polygon", "coordinates": [ [ [ 651361.577371556311846, 5589609.185637225396931 ], [ 651433.025732254609466, 5589781.314216727390885 ], [ 651323.993893463164568, 5589946.099031168036163 ], [ 651143.510738174198195, 5589938.758651583455503 ], [ 651072.058383972151205, 5589766.629250539466739 ], [ 651181.093178690876812, 5589601.841050601564348 ], [ 651361.577371556311846, 5589609.185637225396931 ] ] ] } },
{ "type": "Feature", "properties": { "h3_index": "89ce8c05187ffff", "id": 301, "m_osm": 1314.0421398513167, "total_ciclo_km": null, "phanto_ciclo_km": null, "valdchil_osm_full_network_component": 1, "valdchil_osm_full_network_comp_intersect": 1314.0421398513167, "valdchil_osm_full_network_comp_total": 761655.25169693318 }, "geometry": { "type": "Polygon", "coordinates": [ [ [ 637645.13421829463914, 5585662.980198103934526 ], [ 637716.805257110390812, 5585835.330407300032675 ], [ 637607.629504205309786, 5586000.279255854897201 ], [ 637426.779746203799732, 5585992.881281622685492 ], [ 637355.104702629265375, 5585820.530242625623941 ], [ 637464.283421944244765, 5585655.57800763938576 ], [ 637645.13421829463914, 5585662.980198103934526 ] ] ] } },
{ "type": "Feature", "properties": { "h3_index": "89ce8c0f50bffff", "id": 302, "m_osm": 2432.373433837316, "total_ciclo_km": null, "phanto_ciclo_km": null, "valdchil_osm_full_network_component": 1, "valdchil_osm_full_network_comp_intersect": 2432.3734338373147, "valdchil_osm_full_network_comp_total": 761655.25169693318 }, "geometry": { "type": "Polygon", "coordinates": [ [ [ 649748.066558254882693, 5587004.693579452112317 ], [ 649819.547451922902837, 5587176.882499227300286 ], [ 649710.492433945764787, 5587341.694017795845866 ], [ 649529.953563755378127, 5587334.319999335333705 ], [ 649458.468676731805317, 5587162.130253430455923 ], [ 649567.526653381995857, 5586997.315352094359696 ], [ 649748.066558254882693, 5587004.693579452112317 ] ] ] } },
{ "type": "Feature", "properties": { "h3_index": "89ce8c0f67bffff", "id": 304, "m_osm": 1710.0539049598467, "total_ciclo_km": null, "phanto_ciclo_km": null, "valdchil_osm_full_network_component": 1, "valdchil_osm_full_network_comp_intersect": 1577.5284731763802, "valdchil_osm_full_network_comp_total": 761655.25169693318 }, "geometry": { "type": "Polygon", "coordinates": [ [ [ 653752.611225047614425, 5587676.00771860126406 ], [ 653824.028492020210251, 5587848.139634072780609 ], [ 653715.014130587223917, 5588012.904922687448561 ], [ 653534.579546360066161, 5588005.541677657514811 ], [ 653463.15828965511173, 5587833.408937652595341 ], [ 653572.17560703959316, 5587668.640267186798155 ], [ 653752.611225047614425, 5587676.00771860126406 ] ] ] } },
{ "type": "Feature", "properties": { "h3_index": "89ce8c0f083ffff", "id": 305, "m_osm": 3036.6596082420615, "total_ciclo_km": null, "phanto_ciclo_km": null, "valdchil_osm_full_network_component": 1, "valdchil_osm_full_network_comp_intersect": 3036.6596082420606, "valdchil_osm_full_network_comp_total": 761655.25169693318 }, "geometry": { "type": "Polygon", "coordinates": [ [ [ 651083.179326773388311, 5587228.50910637434572 ], [ 651154.639010301907547, 5587400.679020980373025 ], [ 651045.59754524868913, 5587565.475127088837326 ], [ 650865.093439028831199, 5587558.104701028205454 ], [ 650793.629763355944306, 5587385.933960825204849 ], [ 650902.674186175689101, 5587221.134472255595028 ], [ 651083.179326773388311, 5587228.50910637434572 ] ] ] } },
{ "type": "Feature", "properties": { "h3_index": "89ce8c0f0d3ffff", "id": 306, "m_osm": 3002.7326617595927, "total_ciclo_km": null, "phanto_ciclo_km": null, "valdchil_osm_full_network_component": 1, "valdchil_osm_full_network_comp_intersect": 3002.7326617595913, "valdchil_osm_full_network_comp_total": 761655.25169693318 }, "geometry": { "type": "Polygon", "coordinates": [ [ [ 651914.189246044144966, 5587093.216820617206395 ], [ 651985.636538101010956, 5587265.37930007558316 ], [ 651876.602711243904196, 5587430.166760388761759 ], [ 651696.118635055958293, 5587422.795123131014407 ], [ 651624.667351792566478, 5587250.631817940622568 ], [ 651733.704136048676446, 5587085.840975719504058 ], [ 651914.189246044144966, 5587093.216820617206395 ] ] ] } },
{ "type": "Feature", "properties": { "h3_index": "89ce8c0425bffff", "id": 307, "m_osm": 736.38430241904507, "total_ciclo_km": null, "phanto_ciclo_km": null, "valdchil_osm_full_network_component": 1, "valdchil_osm_full_network_comp_intersect": 736.38430241904484, "valdchil_osm_full_network_comp_total": 761655.25169693318 }, "geometry": { "type": "Polygon", "coordinates": [ [ [ 637430.111490641487762, 5585145.908057796768844 ], [ 637501.78733494412154, 5585318.269023209810257 ], [ 637392.607977963518351, 5585483.222005020827055 ], [ 637211.749809905653819, 5585475.817407234571874 ], [ 637140.069960982189514, 5585303.455611124634743 ], [ 637249.252284861402586, 5585138.499243472702801 ], [ 637430.111490641487762, 5585145.908057796768844 ] ] ] } },
{ "type": "Feature", "properties": { "h3_index": "89ce8c0f3a3ffff", "id": 308, "m_osm": 2705.9943648721301, "total_ciclo_km": null, "phanto_ciclo_km": null, "valdchil_osm_full_network_component": 1, "valdchil_osm_full_network_comp_intersect": 2705.9943648721296, "valdchil_osm_full_network_comp_total": 761655.25169693318 }, "geometry": { "type": "Polygon", "coordinates": [ [ [ 650203.449432038119994, 5590238.986704709939659 ], [ 650274.913769163074903, 5590411.11856899317354 ], [ 650165.872590996092185, 5590575.913896085694432 ], [ 649985.364119705976918, 5590568.580745724961162 ], [ 649913.895787465851754, 5590396.448060828261077 ], [ 650022.939921761397272, 5590231.649346880614758 ], [ 650203.449432038119994, 5590238.986704709939659 ] ] ] } },
{ "type": "Feature", "properties": { "h3_index": "89ce8c0d607ffff", "id": 309, "m_osm": 555.34034495058927, "total_ciclo_km": null, "phanto_ciclo_km": null, "valdchil_osm_full_network_component": 1, "valdchil_osm_full_network_comp_intersect": 555.34034495058927, "valdchil_osm_full_network_comp_total": 761655.25169693318 }, "geometry": { "type": "Polygon", "coordinates": [ [ [ 654233.49948171467986, 5593109.473641679622233 ], [ 654304.893204842577688, 5593281.512928868643939 ], [ 654195.899288265150972, 5593446.254049410112202 ], [ 654015.508696849807166, 5593438.95927157625556 ], [ 653944.110980752389878, 5593266.919169078581035 ], [ 654053.107849166495726, 5593102.174659699201584 ], [ 654233.49948171467986, 5593109.473641679622233 ] ] ] } },
{ "type": "Feature", "properties": { "h3_index": "89ce8c05107ffff", "id": 310, "m_osm": 735.35614127262693, "total_ciclo_km": null, "phanto_ciclo_km": null, "valdchil_osm_full_network_component": 1, "valdchil_osm_full_network_comp_intersect": 735.35614127262693, "valdchil_osm_full_network_comp_total": 761655.25169693318 }, "geometry": { "type": "Polygon", "coordinates": [ [ [ 637822.636611641268246, 5586517.304233526811004 ], [ 637894.302442745538428, 5586689.638720281422138 ], [ 637785.130931657040492, 5586854.582683989778161 ], [ 637604.290623889537528, 5586847.195548414252698 ], [ 637532.62078761938028, 5586674.860233328305185 ], [ 637641.795264411717653, 5586509.912882128730416 ], [ 637822.636611641268246, 5586517.304233526811004 ] ] ] } },
{ "type": "Feature", "properties": { "h3_index": "89ce8c0d4bbffff", "id": 311, "m_osm": 2968.47229993562, "total_ciclo_km": null, "phanto_ciclo_km": null, "valdchil_osm_full_network_component": 1, "valdchil_osm_full_network_comp_intersect": 2968.4722999356222, "valdchil_osm_full_network_comp_total": 761655.25169693318 }, "geometry": { "type": "Polygon", "coordinates": [ [ [ 652256.440138632548042, 5591337.632546189241111 ], [ 652327.869595218915492, 5591509.723087072372437 ], [ 652218.851436072494835, 5591674.492077094502747 ], [ 652038.400866269948892, 5591667.17391359526664 ], [ 651966.967415908817202, 5591495.082554186694324 ], [ 652075.988529254565947, 5591330.310176780447364 ], [ 652256.440138632548042, 5591337.632546189241111 ] ] ] } },
{ "type": "Feature", "properties": { "h3_index": "89ce8c0f683ffff", "id": 312, "m_osm": 676.86513012156502, "total_ciclo_km": null, "phanto_ciclo_km": null, "valdchil_osm_full_network_component": 1, "valdchil_osm_full_network_comp_intersect": 676.86513012156502, "valdchil_osm_full_network_comp_total": 761655.25169693318 }, "geometry": { "type": "Polygon", "coordinates": [ [ [ 653109.783401460037567, 5586126.659403695724905 ], [ 653181.215151259326376, 5586298.823532620444894 ], [ 653072.190078994492069, 5586463.601213064044714 ], [ 652891.730299649760127, 5586456.218144644983113 ], [ 652820.294560529058799, 5586284.053188498131931 ], [ 652929.322590201394632, 5586119.272127969190478 ], [ 653109.783401460037567, 5586126.659403695724905 ] ] ] } },
{ "type": "Feature", "properties": { "h3_index": "89ce8c0f367ffff", "id": 313, "m_osm": 1442.7408874918806, "total_ciclo_km": null, "phanto_ciclo_km": null, "valdchil_osm_full_network_component": 1, "valdchil_osm_full_network_comp_intersect": 1442.7408874918804, "valdchil_osm_full_network_comp_total": 761655.25169693318 }, "geometry": { "type": "Polygon", "coordinates": [ [ [ 650884.151316348346882, 5591451.156224851496518 ], [ 650955.601581884082407, 5591623.260794379748404 ], [ 650846.570514588616788, 5591788.0444375583902 ], [ 650666.086226997664198, 5591780.726899340748787 ], [ 650594.631966209504753, 5591608.621511320583522 ], [ 650703.665988392662257, 5591443.83447998855263 ], [ 650884.151316348346882, 5591451.156224851496518 ] ] ] } },
{ "type": "Feature", "properties": { "h3_index": "89ce8c0f0cbffff", "id": 314, "m_osm": 1627.2526618249713, "total_ciclo_km": null, "phanto_ciclo_km": null, "valdchil_osm_full_network_component": 1, "valdchil_osm_full_network_comp_intersect": 1627.2526618249717, "valdchil_osm_full_network_comp_total": 761655.25169693318 }, "geometry": { "type": "Polygon", "coordinates": [ [ [ 652128.526295950403437, 5587609.69351805280894 ], [ 652199.968761516036466, 5587781.845256288535893 ], [ 652090.938508115475997, 5587946.628583395853639 ], [ 651910.462832364835776, 5587939.263554736971855 ], [ 651839.016375453793444, 5587767.110991668887436 ], [ 651948.049585768021643, 5587602.32428206410259 ], [ 652128.526295950403437, 5587609.69351805280894 ] ] ] } },
{ "type": "Feature", "properties": { "h3_index": "89ce8c0f0d7ffff", "id": 315, "m_osm": 1927.3731970126585, "total_ciclo_km": null, "phanto_ciclo_km": null, "valdchil_osm_full_network_component": 1, "valdchil_osm_full_network_comp_intersect": 1927.3731970126578, "valdchil_osm_full_network_comp_total": 761655.25169693318 }, "geometry": { "type": "Polygon", "coordinates": [ [ [ 651624.667351792566478, 5587250.631817940622568 ], [ 651696.118635055958293, 5587422.795123131014407 ], [ 651587.082467563915998, 5587587.585215107537806 ], [ 651406.592059487709776, 5587580.215384119190276 ], [ 651335.136784613947384, 5587408.051253433339298 ], [ 651444.175909555051476, 5587243.25777920987457 ], [ 651624.667351792566478, 5587250.631817940622568 ] ] ] } },
{ "type": "Feature", "properties": { "h3_index": "89ce8c0d057ffff", "id": 316, "m_osm": 508.83359210419849, "total_ciclo_km": null, "phanto_ciclo_km": null, "valdchil_osm_full_network_component": 6230, "valdchil_osm_full_network_comp_intersect": 508.83359210419849, "valdchil_osm_full_network_comp_total": 6295.2298886600975 }, "geometry": { "type": "Polygon", "coordinates": [ [ [ 653038.299982877681032, 5594076.076488732360303 ], [ 653109.709259006893262, 5594248.114063058048487 ], [ 653000.706636949907988, 5594412.86490395385772 ], [ 652820.291787067544647, 5594405.581561158411205 ], [ 652748.878516080789268, 5594233.543173020705581 ], [ 652857.884089962928556, 5594068.788941466249526 ], [ 653038.299982877681032, 5594076.076488732360303 ] ] ] } },
{ "type": "Feature", "properties": { "h3_index": "89ce8c0d007ffff", "id": 317, "m_osm": 963.59928855179078, "total_ciclo_km": null, "phanto_ciclo_km": null, "valdchil_osm_full_network_component": 6230, "valdchil_osm_full_network_comp_intersect": 963.59928855179078, "valdchil_osm_full_network_comp_total": 6295.2298886600975 }, "geometry": { "type": "Polygon", "coordinates": [ [ [ 652207.598169530974701, 5594211.685366326011717 ], [ 652279.019851936493069, 5594383.730355784296989 ], [ 652170.009619138902053, 5594548.489830911159515 ], [ 651989.574751871288754, 5594541.207707769237459 ], [ 651918.149073669919744, 5594369.161904632113874 ], [ 652027.162258657976054, 5594204.399038290604949 ], [ 652207.598169530974701, 5594211.685366326011717 ] ] ] } },
{ "type": "Feature", "properties": { "h3_index": "89ce8c0c677ffff", "id": 318, "m_osm": 1896.7491708526927, "total_ciclo_km": null, "phanto_ciclo_km": null, "valdchil_osm_full_network_component": 1, "valdchil_osm_full_network_comp_intersect": 1896.7491708526923, "valdchil_osm_full_network_comp_total": 761655.25169693318 }, "geometry": { "type": "Polygon", "coordinates": [ [ [ 648894.903386018355377, 5592216.588289740495384 ], [ 648966.382042813114822, 5592388.703555706888437 ], [ 648857.334036824526265, 5592553.506342895328999 ], [ 648676.804418709478341, 5592546.197254157625139 ], [ 648605.321764105698094, 5592374.0811707675457 ], [ 648714.372725552995689, 5592209.274993512779474 ], [ 648894.903386018355377, 5592216.588289740495384 ] ] ] } },
{ "type": "Feature", "properties": { "h3_index": "89ce8c05e27ffff", "id": 319, "m_osm": 1454.7997515621498, "total_ciclo_km": null, "phanto_ciclo_km": null, "valdchil_osm_full_network_component": 1, "valdchil_osm_full_network_comp_intersect": 1454.7997515621494, "valdchil_osm_full_network_comp_total": 761655.25169693318 }, "geometry": { "type": "Polygon", "coordinates": [ [ [ 636942.584430512273684, 5589530.543521027080715 ], [ 637014.255064002005383, 5589702.839905790984631 ], [ 636905.084028352517635, 5589867.783106757327914 ], [ 636724.239395292941481, 5589860.433314831927419 ], [ 636652.56475365976803, 5589688.136106731370091 ], [ 636761.738753355341032, 5589523.189513870514929 ], [ 636942.584430512273684, 5589530.543521027080715 ] ] ] } },
{ "type": "Feature", "properties": { "h3_index": "89ce8c0d053ffff", "id": 321, "m_osm": 1042.0053898320818, "total_ciclo_km": null, "phanto_ciclo_km": null, "valdchil_osm_full_network_component": 1, "valdchil_osm_full_network_comp_intersect": 977.63525788895072, "valdchil_osm_full_network_comp_total": 761655.25169693318 }, "geometry": { "type": "Polygon", "coordinates": [ [ [ 653327.712794232764281, 5593918.614234223030508 ], [ 653399.118075910722837, 5594090.650994502939284 ], [ 653290.117784122237936, 5594255.399213772267103 ], [ 653109.709259006893262, 5594248.114063058048487 ], [ 653038.299982877681032, 5594076.076488732360303 ], [ 653147.303226440679282, 5593911.324879144318402 ], [ 653327.712794232764281, 5593918.614234223030508 ] ] ] } },
{ "type": "Feature", "properties": { "h3_index": "89ce8c0c633ffff", "id": 323, "m_osm": 379.41895315433266, "total_ciclo_km": null, "phanto_ciclo_km": null, "valdchil_osm_full_network_component": 1, "valdchil_osm_full_network_comp_intersect": 379.41895315433277, "valdchil_osm_full_network_comp_total": 761655.25169693318 }, "geometry": { "type": "Polygon", "coordinates": [ [ [ 648390.864142262842506, 5591857.711398747749627 ], [ 648462.351625771028921, 5592029.838242921046913 ], [ 648353.297708597267047, 5592194.647810117341578 ], [ 648172.753352051367983, 5592187.33392293471843 ], [ 648101.261870463495143, 5592015.206260669976473 ], [ 648210.318743633106351, 5591850.393303657881916 ], [ 648390.864142262842506, 5591857.711398747749627 ] ] ] } },
{ "type": "Feature", "properties": { "h3_index": "89ce8c0d09bffff", "id": 324, "m_osm": 2678.2795196494017, "total_ciclo_km": null, "phanto_ciclo_km": null, "valdchil_osm_full_network_component": 6132, "valdchil_osm_full_network_comp_intersect": 2678.2795196494012, "valdchil_osm_full_network_comp_total": 5055.3127624422459 }, "geometry": { "type": "Polygon", "coordinates": [ [ [ 652609.810469706077129, 5593043.775728069245815 ], [ 652681.229418534552678, 5593215.834820189513266 ], [ 652572.219649081816897, 5593380.59397688973695 ], [ 652391.787978138308972, 5593373.297430933453143 ], [ 652320.365034724120051, 5593201.23752321023494 ], [ 652429.377756969537586, 5593036.474977023899555 ], [ 652609.810469706077129, 5593043.775728069245815 ] ] ] } },
{ "type": "Feature", "properties": { "h3_index": "89ce8c0f24fffff", "id": 325, "m_osm": 1479.2151471613793, "total_ciclo_km": null, "phanto_ciclo_km": null, "valdchil_osm_full_network_component": 1, "valdchil_osm_full_network_comp_intersect": 1479.2151471613793, "valdchil_osm_full_network_comp_total": 761655.25169693318 }, "geometry": { "type": "Polygon", "coordinates": [ [ [ 653778.868369191302918, 5589876.747228264808655 ], [ 653850.278704386553727, 5590048.84360010176897 ], [ 653741.270988708827645, 5590213.600977431982756 ], [ 653560.849983578780666, 5590206.26536766346544 ], [ 653489.435657162917778, 5590034.168175012804568 ], [ 653598.446327222744003, 5589869.407412919215858 ], [ 653778.868369191302918, 5589876.747228264808655 ] ] ] } },
{ "type": "Feature", "properties": { "h3_index": "89ce8c0f0a7ffff", "id": 326, "m_osm": 2717.550595246008, "total_ciclo_km": null, "phanto_ciclo_km": null, "valdchil_osm_full_network_component": 1, "valdchil_osm_full_network_comp_intersect": 2717.5505952460071, "valdchil_osm_full_network_comp_total": 761655.25169693318 }, "geometry": { "type": "Polygon", "coordinates": [ [ [ 650176.927801432670094, 5588037.773376990109682 ], [ 650248.399046783451922, 5588209.940807340666652 ], [ 650139.351184704340994, 5588374.744055856019258 ], [ 649958.829119701636955, 5588367.383257943205535 ], [ 649887.353880721726455, 5588195.215003258548677 ], [ 649996.404700503335334, 5588030.408370797522366 ], [ 650176.927801432670094, 5588037.773376990109682 ] ] ] } },
{ "type": "Feature", "properties": { "h3_index": "89ce8c0d48fffff", "id": 327, "m_osm": 4592.2245640161245, "total_ciclo_km": null, "phanto_ciclo_km": null, "valdchil_osm_full_network_component": 1, "valdchil_osm_full_network_comp_intersect": 4592.2245640161245, "valdchil_osm_full_network_comp_total": 761655.25169693318 }, "geometry": { "type": "Polygon", "coordinates": [ [ [ 652545.904199126642197, 5591180.18697146140039 ], [ 652617.329662339529023, 5591352.276693589054048 ], [ 652508.313837395748124, 5591517.043057884089649 ], [ 652327.869595218915492, 5591509.723087072372437 ], [ 652256.440138632548042, 5591337.632546189241111 ], [ 652365.458917727228254, 5591172.862794850021601 ], [ 652545.904199126642197, 5591180.18697146140039 ] ] ] } },
{ "type": "Feature", "properties": { "h3_index": "89ce8c0f217ffff", "id": 328, "m_osm": 1256.498002355218, "total_ciclo_km": null, "phanto_ciclo_km": null, "valdchil_osm_full_network_component": 1, "valdchil_osm_full_network_comp_intersect": 1256.4980023552184, "valdchil_osm_full_network_comp_total": 761655.25169693318 }, "geometry": { "type": "Polygon", "coordinates": [ [ [ 652771.450550731504336, 5589158.93024567887187 ], [ 652842.878530794987455, 5589331.049752689898014 ], [ 652733.858995981398039, 5589495.820668320171535 ], [ 652553.408525781938806, 5589488.475461181253195 ], [ 652481.976553966524079, 5589316.355132029391825 ], [ 652590.99904423346743, 5589151.580832133069634 ], [ 652771.450550731504336, 5589158.93024567887187 ] ] ] } },
{ "type": "Feature", "properties": { "h3_index": "89ce8c0f207ffff", "id": 329, "m_osm": 1216.9614935093589, "total_ciclo_km": null, "phanto_ciclo_km": null, "valdchil_osm_full_network_component": 1, "valdchil_osm_full_network_comp_intersect": 1216.961493509358, "valdchil_osm_full_network_comp_total": 761655.25169693318 }, "geometry": { "type": "Polygon", "coordinates": [ [ [ 652733.858995981398039, 5589495.820668320171535 ], [ 652805.286556774983183, 5589667.935213235206902 ], [ 652696.267639258876443, 5589832.705372613854706 ], [ 652515.818205845425837, 5589825.364371783100069 ], [ 652444.386653029941954, 5589653.249005288816988 ], [ 652553.408525781938806, 5589488.475461181253195 ], [ 652733.858995981398039, 5589495.820668320171535 ] ] ] } },
{ "type": "Feature", "properties": { "h3_index": "89ce8c0d597ffff", "id": 330, "m_osm": 1573.4698146709418, "total_ciclo_km": null, "phanto_ciclo_km": null, "valdchil_osm_full_network_component": 1, "valdchil_osm_full_network_comp_intersect": 1573.469814670942, "valdchil_osm_full_network_comp_total": 761655.25169693318 }, "geometry": { "type": "Polygon", "coordinates": [ [ [ 650305.103956330567598, 5591766.091231739148498 ], [ 650376.562212777789682, 5591938.197438015602529 ], [ 650267.526482025161386, 5592102.986332943663001 ], [ 650087.029539963579737, 5592095.67241040430963 ], [ 650015.567287455894984, 5591923.565386102534831 ], [ 650124.605973198194988, 5591758.773102342151105 ], [ 650305.103956330567598, 5591766.091231739148498 ] ] ] } },
{ "type": "Feature", "properties": { "h3_index": "89ce8c0f5c3ffff", "id": 331, "m_osm": 2586.3931046749935, "total_ciclo_km": null, "phanto_ciclo_km": null, "valdchil_osm_full_network_component": 1, "valdchil_osm_full_network_comp_intersect": 2586.3931046749935, "valdchil_osm_full_network_comp_total": 761655.25169693318 }, "geometry": { "type": "Polygon", "coordinates": [ [ [ 650112.807935032178648, 5586173.250267334282398 ], [ 650184.285666126874276, 5586345.448275179602206 ], [ 650075.231749915983528, 5586510.258658769540489 ], [ 649894.697143682860769, 5586502.874415987171233 ], [ 649823.215420179301873, 5586330.675580649636686 ], [ 649932.272295448929071, 5586165.86181556340307 ], [ 650112.807935032178648, 5586173.250267334282398 ] ] ] } },
{ "type": "Feature", "properties": { "h3_index": "89ce8c0f3b3ffff", "id": 332, "m_osm": 2806.5728518285941, "total_ciclo_km": null, "phanto_ciclo_km": null, "valdchil_osm_full_network_component": 1, "valdchil_osm_full_network_comp_intersect": 2806.5728518285941, "valdchil_osm_full_network_comp_total": 761655.25169693318 }, "geometry": { "type": "Polygon", "coordinates": [ [ [ 650241.026478497660719, 5589902.053789269179106 ], [ 650312.491232297383249, 5590074.190619085915387 ], [ 650203.449432038119994, 5590238.986704709939659 ], [ 650022.939921761397272, 5590231.649346880614758 ], [ 649951.471173116122372, 5590059.511695884168148 ], [ 650060.515929720248096, 5589894.712223870679736 ], [ 650241.026478497660719, 5589902.053789269179106 ] ] ] } },
{ "type": "Feature", "properties": { "h3_index": "89ce8c0c6dbffff", "id": 333, "m_osm": 472.07990224748829, "total_ciclo_km": null, "phanto_ciclo_km": null, "valdchil_osm_full_network_component": 1, "valdchil_osm_full_network_comp_intersect": 472.07990224748829, "valdchil_osm_full_network_comp_total": 761655.25169693318 }, "geometry": { "type": "Polygon", "coordinates": [ [ [ 649876.320608128444292, 5590733.378700684756041 ], [ 649947.788523879367858, 5590905.506418664008379 ], [ 649838.745635422412306, 5591070.303613713011146 ], [ 649658.231875381548889, 5591062.976478420197964 ], [ 649586.7599638417596, 5590890.847940625622869 ], [ 649695.80580826010555, 5590726.047357917763293 ], [ 649876.320608128444292, 5590733.378700684756041 ] ] ] } },
{ "type": "Feature", "properties": { "h3_index": "89ce8c0c6c3ffff", "id": 335, "m_osm": 388.13134792094849, "total_ciclo_km": null, "phanto_ciclo_km": null, "valdchil_osm_full_network_component": 1, "valdchil_osm_full_network_comp_intersect": 388.13134792094854, "valdchil_osm_full_network_comp_total": 761655.25169693318 }, "geometry": { "type": "Polygon", "coordinates": [ [ [ 649586.7599638417596, 5590890.847940625622869 ], [ 649658.231875381548889, 5591062.976478420197964 ], [ 649549.186654708581045, 5591227.776300762780011 ], [ 649368.66656661266461, 5591220.450973279774189 ], [ 649297.19065887958277, 5591048.321615900844336 ], [ 649406.238835564116016, 5590883.518405562266707 ], [ 649586.7599638417596, 5590890.847940625622869 ] ] ] } },
{ "type": "Feature", "properties": { "h3_index": "89ce8c0f54fffff", "id": 336, "m_osm": 1799.0243704573372, "total_ciclo_km": null, "phanto_ciclo_km": null, "valdchil_osm_full_network_component": 1, "valdchil_osm_full_network_comp_intersect": 1799.0243704573379, "valdchil_osm_full_network_comp_total": 761655.25169693318 }, "geometry": { "type": "Polygon", "coordinates": [ [ [ 650252.081646715989336, 5587363.814882352016866 ], [ 650323.553723641904071, 5587535.992232579737902 ], [ 650214.504622211796232, 5587700.796985242515802 ], [ 650033.980485842796043, 5587693.427770670503378 ], [ 649962.504415829316713, 5587521.24959497526288 ], [ 650071.55647539999336, 5587356.44145929813385 ], [ 650252.081646715989336, 5587363.814882352016866 ] ] ] } },
{ "type": "Feature", "properties": { "h3_index": "89ce8c0f307ffff", "id": 337, "m_osm": 1204.7833268879035, "total_ciclo_km": null, "phanto_ciclo_km": null, "valdchil_osm_full_network_component": 1, "valdchil_osm_full_network_comp_intersect": 1204.7833268879031, "valdchil_osm_full_network_comp_total": 761655.25169693318 }, "geometry": { "type": "Polygon", "coordinates": [ [ [ 650707.370611948310398, 5590597.912162518128753 ], [ 650778.826125376857817, 5590770.032453603111207 ], [ 650669.790858662454411, 5590934.821006613783538 ], [ 650489.297123058349825, 5590927.492655622772872 ], [ 650417.837614784017205, 5590755.371544587425888 ], [ 650526.875837089959532, 5590590.579604473896325 ], [ 650707.370611948310398, 5590597.912162518128753 ] ] ] } },
{ "type": "Feature", "properties": { "h3_index": "89ce8c042cfffff", "id": 338, "m_osm": 51.809277750675577, "total_ciclo_km": null, "phanto_ciclo_km": null, "valdchil_osm_full_network_component": 1, "valdchil_osm_full_network_comp_intersect": 51.809277750675577, "valdchil_osm_full_network_comp_total": 761655.25169693318 }, "geometry": { "type": "Polygon", "coordinates": [ [ [ 636925.020805324427783, 5584786.348710808902979 ], [ 636996.70545857748948, 5584958.721262769773602 ], [ 636887.520167528418824, 5585123.681016135960817 ], [ 636706.647255917661823, 5585116.27160310652107 ], [ 636634.958597781136632, 5584943.898219779133797 ], [ 636744.146856267238036, 5584778.935080827213824 ], [ 636925.020805324427783, 5584786.348710808902979 ] ] ] } },
{ "type": "Feature", "properties": { "h3_index": "89ce8c0513bffff", "id": 339, "m_osm": 1695.5302589837859, "total_ciclo_km": null, "phanto_ciclo_km": null, "valdchil_osm_full_network_component": 1, "valdchil_osm_full_network_comp_intersect": 1695.5302589837861, "valdchil_osm_full_network_comp_total": 761655.25169693318 }, "geometry": { "type": "Polygon", "coordinates": [ [ [ 637785.130931657040492, 5586854.582683989778161 ], [ 637856.796361470711417, 5587026.912204957567155 ], [ 637747.625488826888613, 5587191.855418137274683 ], [ 637566.786221017013304, 5587184.472498282790184 ], [ 637495.11678576329723, 5587012.142149548046291 ], [ 637604.290623889537528, 5586847.195548414252698 ], [ 637785.130931657040492, 5586854.582683989778161 ] ] ] } },
{ "type": "Feature", "properties": { "h3_index": "89ce8c0f357ffff", "id": 340, "m_osm": 2509.4187412828328, "total_ciclo_km": null, "phanto_ciclo_km": null, "valdchil_osm_full_network_component": 1, "valdchil_osm_full_network_comp_intersect": 2195.4371926798976, "valdchil_osm_full_network_comp_total": 761655.25169693318 }, "geometry": { "type": "Polygon", "coordinates": [ [ [ 651538.332892442354932, 5590462.459126910194755 ], [ 651609.776005475781858, 5590634.571991570293903 ], [ 651500.748362323734909, 5590799.351903301663697 ], [ 651320.274651045678183, 5590792.022336896508932 ], [ 651248.827544107567519, 5590619.908652153797448 ], [ 651357.858142482116818, 5590455.125353873707354 ], [ 651538.332892442354932, 5590462.459126910194755 ] ] ] } },
{ "type": "Feature", "properties": { "h3_index": "89ce8c0d5c7ffff", "id": 341, "m_osm": 641.29853616831042, "total_ciclo_km": null, "phanto_ciclo_km": null, "valdchil_osm_full_network_component": 1, "valdchil_osm_full_network_comp_intersect": 641.29853616831031, "valdchil_osm_full_network_comp_total": 761655.25169693318 }, "geometry": { "type": "Polygon", "coordinates": [ [ [ 651060.91522562073078, 5592304.332483112812042 ], [ 651132.36024131346494, 5592476.421326859854162 ], [ 651023.333373919595033, 5592641.200054543092847 ], [ 650842.858536774292588, 5592633.893327662721276 ], [ 650771.409525425173342, 5592461.803666885942221 ], [ 650880.439347003237344, 5592297.02154999691993 ], [ 651060.91522562073078, 5592304.332483112812042 ] ] ] } },
{ "type": "Feature", "properties": { "h3_index": "89ce8c0f383ffff", "id": 342, "m_osm": 3411.4633680077509, "total_ciclo_km": null, "phanto_ciclo_km": null, "valdchil_osm_full_network_component": 1, "valdchil_osm_full_network_comp_intersect": 3411.4633680077504, "valdchil_osm_full_network_comp_total": 761655.25169693318 }, "geometry": { "type": "Polygon", "coordinates": [ [ [ 650820.111096180276945, 5589587.15128418058157 ], [ 650891.567861501825973, 5589759.28647094219923 ], [ 650782.530731031671166, 5589924.077299560420215 ], [ 650602.03387912386097, 5589916.736327105201781 ], [ 650530.573119764099829, 5589744.600318698212504 ], [ 650639.613206480746157, 5589579.806104370392859 ], [ 650820.111096180276945, 5589587.15128418058157 ] ] ] } },
{ "type": "Feature", "properties": { "h3_index": "89ce8c0f3afffff", "id": 343, "m_osm": 2665.025932757183, "total_ciclo_km": null, "phanto_ciclo_km": null, "valdchil_osm_full_network_component": 1, "valdchil_osm_full_network_comp_intersect": 2665.025932757183, "valdchil_osm_full_network_comp_total": 761655.25169693318 }, "geometry": { "type": "Polygon", "coordinates": [ [ [ 650165.872590996092185, 5590575.913896085694432 ], [ 650237.336511364672333, 5590748.04079401306808 ], [ 650128.295955695095472, 5590912.835361655801535 ], [ 649947.788523879367858, 5590905.506418664008379 ], [ 649876.320608128444292, 5590733.378700684756041 ], [ 649985.364119705976918, 5590568.580745724961162 ], [ 650165.872590996092185, 5590575.913896085694432 ] ] ] } },
{ "type": "Feature", "properties": { "h3_index": "89ce8c0d0b3ffff", "id": 344, "m_osm": 129.80273199430874, "total_ciclo_km": null, "phanto_ciclo_km": null, "valdchil_osm_full_network_component": 79, "valdchil_osm_full_network_comp_intersect": 129.80273199430874, "valdchil_osm_full_network_comp_total": 11877.120814930871 }, "geometry": { "type": "Polygon", "coordinates": [ [ [ 651741.448194147204049, 5593516.174406995996833 ], [ 651812.879127939697355, 5593688.235945230349898 ], [ 651703.862367085646838, 5593853.002970877103508 ], [ 651523.411719621275552, 5593845.711848770268261 ], [ 651451.976790031651035, 5593673.649495632387698 ], [ 651560.996503831935115, 5593508.879079481586814 ], [ 651741.448194147204049, 5593516.174406995996833 ] ] ] } },
{ "type": "Feature", "properties": { "h3_index": "89ce8c05843ffff", "id": 345, "m_osm": 375.09236830847203, "total_ciclo_km": null, "phanto_ciclo_km": null, "valdchil_osm_full_network_component": 1, "valdchil_osm_full_network_comp_intersect": 375.09236830847203, "valdchil_osm_full_network_comp_total": 761655.25169693318 }, "geometry": { "type": "Polygon", "coordinates": [ [ [ 636615.066038757096976, 5590025.379149318672717 ], [ 636686.740279235644266, 5590197.671383345499635 ], [ 636577.567566269659437, 5590362.616458526812494 ], [ 636396.717649078345858, 5590355.272692359052598 ], [ 636325.039399782661349, 5590182.979635794647038 ], [ 636434.215076625347137, 5590018.031167913228273 ], [ 636615.066038757096976, 5590025.379149318672717 ] ] ] } },
{ "type": "Feature", "properties": { "h3_index": "89ce8c0f363ffff", "id": 346, "m_osm": 887.84440080045579, "total_ciclo_km": null, "phanto_ciclo_km": null, "valdchil_osm_full_network_component": 1, "valdchil_osm_full_network_comp_intersect": 887.8444008004559, "valdchil_osm_full_network_comp_total": 761655.25169693318 }, "geometry": { "type": "Polygon", "coordinates": [ [ [ 651173.662006007740274, 5591293.695372332818806 ], [ 651245.108276696526445, 5591465.799123138189316 ], [ 651136.079541988205165, 5591630.580140267498791 ], [ 650955.601581884082407, 5591623.260794379748404 ], [ 650884.151316348346882, 5591451.156224851496518 ], [ 650993.183005893835798, 5591286.371819909662008 ], [ 651173.662006007740274, 5591293.695372332818806 ] ] ] } },
{ "type": "Feature", "properties": { "h3_index": "89ce8c0f373ffff", "id": 347, "m_osm": 1689.3770117853985, "total_ciclo_km": null, "phanto_ciclo_km": null, "valdchil_osm_full_network_component": 1, "valdchil_osm_full_network_comp_intersect": 1689.3770117853987, "valdchil_osm_full_network_comp_total": 761655.25169693318 }, "geometry": { "type": "Polygon", "coordinates": [ [ [ 651211.244673490291461, 5590956.804875715635717 ], [ 651282.691362342564389, 5591128.913593901321292 ], [ 651173.662006007740274, 5591293.695372332818806 ], [ 650993.183005893835798, 5591286.371819909662008 ], [ 650921.732322456780821, 5591114.262282437644899 ], [ 651030.764633847633377, 5590949.477116651833057 ], [ 651211.244673490291461, 5590956.804875715635717 ] ] ] } },
{ "type": "Feature", "properties": { "h3_index": "89ce8c0d087ffff", "id": 348, "m_osm": 754.54616419290096, "total_ciclo_km": null, "phanto_ciclo_km": null, "valdchil_osm_full_network_component": 79, "valdchil_osm_full_network_comp_intersect": 754.54616419290096, "valdchil_osm_full_network_comp_total": 11877.120814930871 }, "geometry": { "type": "Polygon", "coordinates": [ [ [ 652030.910942623391747, 5593358.70374952070415 ], [ 652102.337881027022377, 5593530.764472614973783 ], [ 651993.32345006801188, 5593695.5288753984496 ], [ 651812.879127939697355, 5593688.235945230349898 ], [ 651741.448194147204049, 5593516.174406995996833 ], [ 651850.465577999246307, 5593351.406614048406482 ], [ 652030.910942623391747, 5593358.70374952070415 ] ] ] } },
{ "type": "Feature", "properties": { "h3_index": "89ce8c0f60bffff", "id": 350, "m_osm": 1058.1647235894784, "total_ciclo_km": null, "phanto_ciclo_km": null, "valdchil_osm_full_network_component": 10299, "valdchil_osm_full_network_comp_intersect": 539.89426079984662, "valdchil_osm_full_network_comp_total": 1780.2074170554727 }, "geometry": { "type": "Polygon", "coordinates": [ [ [ 653538.349766678060405, 5587159.590493752621114 ], [ 653609.771862265304662, 5587331.733148300088942 ], [ 653500.753930853446946, 5587496.502569500356913 ], [ 653320.310947545571253, 5587489.132717390544713 ], [ 653248.884862362523563, 5587316.989237409085035 ], [ 653357.905750215169974, 5587152.216434947215021 ], [ 653538.349766678060405, 5587159.590493752621114 ] ] ] } },
{ "type": "Feature", "properties": { "h3_index": "89ce8c0d0cfffff", "id": 351, "m_osm": 306.79492109042411, "total_ciclo_km": null, "phanto_ciclo_km": null, "valdchil_osm_full_network_component": 6230, "valdchil_osm_full_network_comp_intersect": 288.2890266887182, "valdchil_osm_full_network_comp_total": 6295.2298886600975 }, "geometry": { "type": "Polygon", "coordinates": [ [ [ 653075.893529004300945, 5593739.282332119531929 ], [ 653147.303226440679282, 5593911.324879144318402 ], [ 653038.299982877681032, 5594076.076488732360303 ], [ 652857.884089962928556, 5594068.788941466249526 ], [ 652786.47039794025477, 5593896.74558006413281 ], [ 652895.476593545405194, 5593731.990580282174051 ], [ 653075.893529004300945, 5593739.282332119531929 ] ] ] } },
{ "type": "Feature", "properties": { "h3_index": "89ce8c0f0dbffff", "id": 353, "m_osm": 3493.5003352870476, "total_ciclo_km": null, "phanto_ciclo_km": null, "valdchil_osm_full_network_component": 1, "valdchil_osm_full_network_comp_intersect": 3493.5003352870467, "valdchil_osm_full_network_comp_total": 761655.25169693318 }, "geometry": { "type": "Polygon", "coordinates": [ [ [ 652166.114282228518277, 5587272.752743493765593 ], [ 652237.557165680686012, 5587444.909439771436155 ], [ 652128.526295950403437, 5587609.69351805280894 ], [ 651948.049585768021643, 5587602.32428206410259 ], [ 651876.602711243904196, 5587430.166760388761759 ], [ 651985.636538101010956, 5587265.37930007558316 ], [ 652166.114282228518277, 5587272.752743493765593 ] ] ] } },
{ "type": "Feature", "properties": { "h3_index": "89ce8c0f0abffff", "id": 355, "m_osm": 3777.9560997905364, "total_ciclo_km": null, "phanto_ciclo_km": null, "valdchil_osm_full_network_component": 1, "valdchil_osm_full_network_comp_intersect": 3777.9560997905378, "valdchil_osm_full_network_comp_total": 761655.25169693318 }, "geometry": { "type": "Polygon", "coordinates": [ [ [ 650718.46970778144896, 5588059.867206139490008 ], [ 650789.932550636818632, 5588232.028027078136802 ], [ 650680.889983714092523, 5588396.825260791927576 ], [ 650500.381616683560424, 5588389.465057272464037 ], [ 650428.914780738996342, 5588217.303412097506225 ], [ 650537.960305043496192, 5588052.502794654108584 ], [ 650718.46970778144896, 5588059.867206139490008 ] ] ] } },
{ "type": "Feature", "properties": { "h3_index": "89ce8c0f337ffff", "id": 356, "m_osm": 1707.6581930868313, "total_ciclo_km": null, "phanto_ciclo_km": null, "valdchil_osm_full_network_component": 1, "valdchil_osm_full_network_comp_intersect": 1707.6581930868317, "valdchil_osm_full_network_comp_total": 761655.25169693318 }, "geometry": { "type": "Polygon", "coordinates": [ [ [ 650128.295955695095472, 5590912.835361655801535 ], [ 650199.75945922115352, 5591084.957292406819761 ], [ 650090.719526455970481, 5591249.751099675893784 ], [ 649910.213134602294303, 5591242.426363951526582 ], [ 649838.745635422412306, 5591070.303613713011146 ], [ 649947.788523879367858, 5590905.506418664008379 ], [ 650128.295955695095472, 5590912.835361655801535 ] ] ] } },
{ "type": "Feature", "properties": { "h3_index": "89ce8c0f06fffff", "id": 357, "m_osm": 3208.7424238304511, "total_ciclo_km": null, "phanto_ciclo_km": null, "valdchil_osm_full_network_component": 1, "valdchil_osm_full_network_comp_intersect": 3208.742423830452, "valdchil_osm_full_network_comp_total": 761655.25169693318 }, "geometry": { "type": "Polygon", "coordinates": [ [ [ 651399.161051493836567, 5589272.266523312777281 ], [ 651470.609829949447885, 5589444.400066087022424 ], [ 651361.577371556311846, 5589609.185637225396931 ], [ 651181.093178690876812, 5589601.841050601564348 ], [ 651109.640407004742883, 5589429.706685716286302 ], [ 651218.675821542507038, 5589264.917729545384645 ], [ 651399.161051493836567, 5589272.266523312777281 ] ] ] } },
{ "type": "Feature", "properties": { "h3_index": "89ce8c0f21bffff", "id": 358, "m_osm": 2160.0416197614286, "total_ciclo_km": null, "phanto_ciclo_km": null, "valdchil_osm_full_network_component": 1, "valdchil_osm_full_network_comp_intersect": 2160.0416197614286, "valdchil_osm_full_network_comp_total": 761655.25169693318 }, "geometry": { "type": "Polygon", "coordinates": [ [ [ 653312.777677604346536, 5589180.977299484424293 ], [ 653384.197255559964105, 5589353.090200544334948 ], [ 653275.183014392852783, 5589517.855103534646332 ], [ 653094.746240258566104, 5589510.510489489883184 ], [ 653023.322671086643822, 5589338.396766383200884 ], [ 653132.339867389760911, 5589173.628479346632957 ], [ 653312.777677604346536, 5589180.977299484424293 ] ] ] } },
{ "type": "Feature", "properties": { "h3_index": "89ce8c042cbffff", "id": 360, "m_osm": 556.05717363402619, "total_ciclo_km": null, "phanto_ciclo_km": null, "valdchil_osm_full_network_component": 1, "valdchil_osm_full_network_comp_intersect": 556.05717363402619, "valdchil_osm_full_network_comp_total": 761655.25169693318 }, "geometry": { "type": "Polygon", "coordinates": [ [ [ 637215.074348559253849, 5584628.803651376627386 ], [ 637286.754997332813218, 5584801.175371738150716 ], [ 637177.572035971214063, 5584966.132484823465347 ], [ 636996.70545857748948, 5584958.721262769773602 ], [ 636925.020805324427783, 5584786.348710808902979 ], [ 637034.206734072999097, 5584621.388212476857007 ], [ 637215.074348559253849, 5584628.803651376627386 ] ] ] } },
{ "type": "Feature", "properties": { "h3_index": "89ce8c0f14bffff", "id": 361, "m_osm": 1463.0447659501363, "total_ciclo_km": null, "phanto_ciclo_km": null, "valdchil_osm_full_network_component": 1, "valdchil_osm_full_network_comp_intersect": 1463.044765950136, "valdchil_osm_full_network_comp_total": 761655.25169693318 }, "geometry": { "type": "Polygon", "coordinates": [ [ [ 650278.603730047936551, 5589565.115151504985988 ], [ 650350.06890044210013, 5589737.256946037523448 ], [ 650241.026478497660719, 5589902.053789269179106 ], [ 650060.515929720248096, 5589894.712223870679736 ], [ 649989.046764750499278, 5589722.569607595913112 ], [ 650098.092143261106685, 5589557.769378437660635 ], [ 650278.603730047936551, 5589565.115151504985988 ] ] ] } },
{ "type": "Feature", "properties": { "h3_index": "89ce8c0f077ffff", "id": 362, "m_osm": 4263.0156115255904, "total_ciclo_km": null, "phanto_ciclo_km": null, "valdchil_osm_full_network_component": 1, "valdchil_osm_full_network_comp_intersect": 4263.0156115255886, "valdchil_osm_full_network_comp_total": 761655.25169693318 }, "geometry": { "type": "Polygon", "coordinates": [ [ [ 651184.805059990263544, 5588755.844400051049888 ], [ 651256.258666402078234, 5588927.98869015276432 ], [ 651147.222632452961989, 5589092.778401639312506 ], [ 650966.730035586399026, 5589085.427207442000508 ], [ 650895.27243608282879, 5588913.282094331458211 ], [ 651004.311426662490703, 5588748.488998403772712 ], [ 651184.805059990263544, 5588755.844400051049888 ] ] ] } },
{ "type": "Feature", "properties": { "h3_index": "89ce8c0f08bffff", "id": 363, "m_osm": 1852.441460859837, "total_ciclo_km": null, "phanto_ciclo_km": null, "valdchil_osm_full_network_component": 1, "valdchil_osm_full_network_comp_intersect": 1852.4414608598377, "valdchil_osm_full_network_comp_total": 761655.25169693318 }, "geometry": { "type": "Polygon", "coordinates": [ [ [ 651335.136784613947384, 5587408.051253433339298 ], [ 651406.592059487709776, 5587580.215384119190276 ], [ 651297.553551934775896, 5587745.008107638917863 ], [ 651117.056812137132511, 5587737.640083039179444 ], [ 651045.59754524868913, 5587565.475127088837326 ], [ 651154.639010301907547, 5587400.679020980373025 ], [ 651335.136784613947384, 5587408.051253433339298 ] ] ] } },
{ "type": "Feature", "properties": { "h3_index": "89ce8c08da3ffff", "id": 366, "m_osm": 469.46507651328471, "total_ciclo_km": null, "phanto_ciclo_km": null, "valdchil_osm_full_network_component": 1, "valdchil_osm_full_network_comp_intersect": 469.46507651328477, "valdchil_osm_full_network_comp_total": 761655.25169693318 }, "geometry": { "type": "Polygon", "coordinates": [ [ [ 654256.290489874896593, 5588034.99346895236522 ], [ 654327.698937764158472, 5588207.113820216618478 ], [ 654218.69048743264284, 5588371.872344745323062 ], [ 654038.270633924752474, 5588364.513900088146329 ], [ 653966.858196568675339, 5588192.392724956385791 ], [ 654075.869602318271063, 5588027.630818325094879 ], [ 654256.290489874896593, 5588034.99346895236522 ] ] ] } },
{ "type": "Feature", "properties": { "h3_index": "89ce8c05167ffff", "id": 367, "m_osm": 869.50354188270762, "total_ciclo_km": null, "phanto_ciclo_km": null, "valdchil_osm_full_network_component": 1, "valdchil_osm_full_network_comp_intersect": 869.50354188270762, "valdchil_osm_full_network_comp_total": 761655.25169693318 }, "geometry": { "type": "Polygon", "coordinates": [ [ [ 638000.122412916622125, 5587371.560486260801554 ], [ 638071.78303432231769, 5587543.879246314056218 ], [ 637962.615765527123585, 5587708.818319492042065 ], [ 637781.784910459071398, 5587701.442021138034761 ], [ 637710.120283477008343, 5587529.122434216551483 ], [ 637819.290517267305404, 5587364.179972492158413 ], [ 638000.122412916622125, 5587371.560486260801554 ] ] ] } },
{ "type": "Feature", "properties": { "h3_index": "89ce8c0f6a7ffff", "id": 368, "m_osm": 509.27458060086582, "total_ciclo_km": null, "phanto_ciclo_km": null, "valdchil_osm_full_network_component": 1, "valdchil_osm_full_network_comp_intersect": 509.27458060086587, "valdchil_osm_full_network_comp_total": 761655.25169693318 }, "geometry": { "type": "Polygon", "coordinates": [ [ [ 652203.702466629212722, 5586935.806261462159455 ], [ 652275.145767885725945, 5587107.967914960347116 ], [ 652166.114282228518277, 5587272.752743493765593 ], [ 651985.636538101010956, 5587265.37930007558316 ], [ 651914.189246044144966, 5587093.216820617206395 ], [ 652023.223689046571963, 5586928.428610513918102 ], [ 652203.702466629212722, 5586935.806261462159455 ] ] ] } },
{ "type": "Feature", "properties": { "h3_index": "89ce8c0f017ffff", "id": 369, "m_osm": 3121.9383371008289, "total_ciclo_km": null, "phanto_ciclo_km": null, "valdchil_osm_full_network_component": 1, "valdchil_osm_full_network_comp_intersect": 3121.9383371008312, "valdchil_osm_full_network_comp_total": 761655.25169693318 }, "geometry": { "type": "Polygon", "coordinates": [ [ [ 651008.015965093160048, 5587902.435437986627221 ], [ 651079.474815259454772, 5588074.595434457063675 ], [ 650970.434586632065475, 5588239.390037321485579 ], [ 650789.932550636818632, 5588232.028027078136802 ], [ 650718.46970778144896, 5588059.867206139490008 ], [ 650827.51289374078624, 5587895.069219884462655 ], [ 651008.015965093160048, 5587902.435437986627221 ] ] ] } },
{ "type": "Feature", "properties": { "h3_index": "89ce8c08d97ffff", "id": 370, "m_osm": 106.7428285776318, "total_ciclo_km": null, "phanto_ciclo_km": null, "valdchil_osm_full_network_component": 10290, "valdchil_osm_full_network_comp_intersect": 106.7428285776318, "valdchil_osm_full_network_comp_total": 4669.370599437796 }, "geometry": { "type": "Polygon", "coordinates": [ [ [ 654620.91798447817564, 5587203.83068014215678 ], [ 654692.323284675367177, 5587375.960120621137321 ], [ 654583.31595123000443, 5587540.717517917044461 ], [ 654402.900361916981637, 5587533.348855551332235 ], [ 654331.491073197568767, 5587361.218589843250811 ], [ 654440.501362442155369, 5587196.457811706699431 ], [ 654620.91798447817564, 5587203.83068014215678 ] ] ] } },
{ "type": "Feature", "properties": { "h3_index": "89ce8c0c6d7ffff", "id": 371, "m_osm": 2430.1710348158749, "total_ciclo_km": null, "phanto_ciclo_km": null, "valdchil_osm_full_network_component": 1, "valdchil_osm_full_network_comp_intersect": 2430.1710348158758, "valdchil_osm_full_network_comp_total": 761655.25169693318 }, "geometry": { "type": "Polygon", "coordinates": [ [ [ 649334.762511883629486, 5590711.384080133400857 ], [ 649406.238835564116016, 5590883.518405562266707 ], [ 649297.19065887958277, 5591048.321615900844336 ], [ 649116.663202361320145, 5591040.993888658471406 ], [ 649045.182882355293259, 5590868.858743310905993 ], [ 649154.234015322756022, 5590704.052145101130009 ], [ 649334.762511883629486, 5590711.384080133400857 ] ] ] } },
{ "type": "Feature", "properties": { "h3_index": "89ce8c0f46bffff", "id": 372, "m_osm": 319.51982552197535, "total_ciclo_km": null, "phanto_ciclo_km": null, "valdchil_osm_full_network_component": 1, "valdchil_osm_full_network_comp_intersect": 319.51982552197529, "valdchil_osm_full_network_comp_total": 761655.25169693318 }, "geometry": { "type": "Polygon", "coordinates": [ [ [ 651951.775979537400417, 5586756.261174092069268 ], [ 652023.223689046571963, 5586928.428610513918102 ], [ 651914.189246044144966, 5587093.216820617206395 ], [ 651733.704136048676446, 5587085.840975719504058 ], [ 651662.252435604576021, 5586913.672713004052639 ], [ 651771.289836220094003, 5586748.881121455691755 ], [ 651951.775979537400417, 5586756.261174092069268 ] ] ] } },
{ "type": "Feature", "properties": { "h3_index": "89ce8c0c68bffff", "id": 373, "m_osm": 1289.7076830676863, "total_ciclo_km": null, "phanto_ciclo_km": null, "valdchil_osm_full_network_component": 1, "valdchil_osm_full_network_comp_intersect": 1289.7076830676863, "valdchil_osm_full_network_comp_total": 761655.25169693318 }, "geometry": { "type": "Polygon", "coordinates": [ [ [ 649045.182882355293259, 5590868.858743310905993 ], [ 649116.663202361320145, 5591040.993888658471406 ], [ 649007.612693981966004, 5591205.799726506695151 ], [ 648827.078909393167123, 5591198.473807197995484 ], [ 648755.594592656590976, 5591026.33784216735512 ], [ 648864.648057367885485, 5590861.528616106137633 ], [ 649045.182882355293259, 5590868.858743310905993 ] ] ] } },
{ "type": "Feature", "properties": { "h3_index": "89ce8c0f2b7ffff", "id": 374, "m_osm": 1298.208153670246, "total_ciclo_km": null, "phanto_ciclo_km": null, "valdchil_osm_full_network_component": 1, "valdchil_osm_full_network_comp_intersect": 1298.2081536702458, "valdchil_osm_full_network_comp_total": 761655.25169693318 }, "geometry": { "type": "Polygon", "coordinates": [ [ [ 651978.176338511286303, 5588957.399506694637239 ], [ 652049.617131715174764, 5589129.53140455391258 ], [ 651940.589347686269321, 5589294.311717743054032 ], [ 651760.117814537603408, 5589286.963517404161394 ], [ 651688.673028908786364, 5589114.830796970054507 ], [ 651797.703768980456516, 5588950.047099427320063 ], [ 651978.176338511286303, 5588957.399506694637239 ] ] ] } },
{ "type": "Feature", "properties": { "h3_index": "89ce8c0d467ffff", "id": 375, "m_osm": 571.08716308095757, "total_ciclo_km": null, "phanto_ciclo_km": null, "valdchil_osm_full_network_component": 12317, "valdchil_osm_full_network_comp_intersect": 290.89599924513618, "valdchil_osm_full_network_comp_total": 290.89599924513618 }, "geometry": { "type": "Polygon", "coordinates": [ [ [ 652647.401491018012166, 5592706.951742771081626 ], [ 652718.820860288338736, 5592879.015805442817509 ], [ 652609.810469706077129, 5593043.775728069245815 ], [ 652429.377756969537586, 5593036.474977023899555 ], [ 652357.954393384279683, 5592864.410098185762763 ], [ 652466.967736979830079, 5592699.646786537021399 ], [ 652647.401491018012166, 5592706.951742771081626 ] ] ] } },
{ "type": "Feature", "properties": { "h3_index": "89ce8c0f477ffff", "id": 376, "m_osm": 1136.029359693933, "total_ciclo_km": null, "phanto_ciclo_km": null, "valdchil_osm_full_network_component": 1, "valdchil_osm_full_network_comp_intersect": 1136.029359693933, "valdchil_osm_full_network_comp_total": 761655.25169693318 }, "geometry": { "type": "Polygon", "coordinates": [ [ [ 651447.887684223242104, 5586397.146445018239319 ], [ 651519.344209580332972, 5586569.325447512790561 ], [ 651410.303851081174798, 5586734.120420379564166 ], [ 651229.804009203566238, 5586726.739771922118962 ], [ 651158.343492642627098, 5586554.559942467138171 ], [ 651267.386809292715043, 5586389.761588408611715 ], [ 651447.887684223242104, 5586397.146445018239319 ] ] ] } },
{ "type": "Feature", "properties": { "h3_index": "89ce8c0c6d3ffff", "id": 377, "m_osm": 46.938612137254005, "total_ciclo_km": null, "phanto_ciclo_km": null, "valdchil_osm_full_network_component": 1, "valdchil_osm_full_network_comp_intersect": 46.938612137254005, "valdchil_osm_full_network_comp_total": 761655.25169693318 }, "geometry": { "type": "Polygon", "coordinates": [ [ [ 649624.333480501547456, 5590553.913852637633681 ], [ 649695.80580826010555, 5590726.047357917763293 ], [ 649586.7599638417596, 5590890.847940625622869 ], [ 649406.238835564116016, 5590883.518405562266707 ], [ 649334.762511883629486, 5590711.384080133400857 ], [ 649443.811312533449382, 5590546.58010989241302 ], [ 649624.333480501547456, 5590553.913852637633681 ] ] ] } },
{ "type": "Feature", "properties": { "h3_index": "89ce8c0d0d7ffff", "id": 378, "m_osm": 1924.8865204669473, "total_ciclo_km": null, "phanto_ciclo_km": null, "valdchil_osm_full_network_component": 6132, "valdchil_osm_full_network_comp_intersect": 1424.5531722556475, "valdchil_osm_full_network_comp_total": 5055.3127624422459 }, "geometry": { "type": "Polygon", "coordinates": [ [ [ 652861.654763634782284, 5593223.133173868060112 ], [ 652933.06929748877883, 5593395.186479341238737 ], [ 652824.062480565160513, 5593559.942246433347464 ], [ 652643.638177387765609, 5593552.648097637109458 ], [ 652572.219649081816897, 5593380.59397688973695 ], [ 652681.229418534552678, 5593215.834820189513266 ], [ 652861.654763634782284, 5593223.133173868060112 ] ] ] } },
{ "type": "Feature", "properties": { "h3_index": "89ce8c0d5d3ffff", "id": 379, "m_osm": 505.18928621087565, "total_ciclo_km": null, "phanto_ciclo_km": null, "valdchil_osm_full_network_component": 1, "valdchil_osm_full_network_comp_intersect": 505.18928621087571, "valdchil_osm_full_network_comp_total": 761655.25169693318 }, "geometry": { "type": "Polygon", "coordinates": [ [ [ 651387.995986727648415, 5591809.995869982987642 ], [ 651459.437425847514533, 5591982.088865743950009 ], [ 651350.41226752451621, 5592146.865732243284583 ], [ 651169.942715858342126, 5592139.552991359494627 ], [ 651098.497281752061099, 5591967.459177772514522 ], [ 651207.525394426193088, 5591802.67892287299037 ], [ 651387.995986727648415, 5591809.995869982987642 ] ] ] } },
{ "type": "Feature", "properties": { "h3_index": "89ce8c04243ffff", "id": 380, "m_osm": 1927.8312421391984, "total_ciclo_km": null, "phanto_ciclo_km": null, "valdchil_osm_full_network_component": 1, "valdchil_osm_full_network_comp_intersect": 1927.8312421391986, "valdchil_osm_full_network_comp_total": 761655.25169693318 }, "geometry": { "type": "Polygon", "coordinates": [ [ [ 637140.069960982189514, 5585303.455611124634743 ], [ 637211.749809905653819, 5585475.817407234571874 ], [ 637102.56812391220592, 5585640.773028528317809 ], [ 636921.703622175264172, 5585633.370239867828786 ], [ 636850.01976822828874, 5585461.00761329010129 ], [ 636959.204421172384173, 5585296.048605815507472 ], [ 637140.069960982189514, 5585303.455611124634743 ] ] ] } },
{ "type": "Feature", "properties": { "h3_index": "89ce8c0f113ffff", "id": 381, "m_osm": 678.90155808839427, "total_ciclo_km": null, "phanto_ciclo_km": null, "valdchil_osm_full_network_component": 1, "valdchil_osm_full_network_comp_intersect": 678.90155808839427, "valdchil_osm_full_network_comp_total": 761655.25169693318 }, "geometry": { "type": "Polygon", "coordinates": [ [ [ 649270.608390066889115, 5588847.092613894492388 ], [ 649342.091202415060252, 5589019.257553683593869 ], [ 649233.036952602327801, 5589184.067939873784781 ], [ 649052.496932934969664, 5589176.716771676205099 ], [ 648981.010125479893759, 5589004.551008813083172 ], [ 649090.067332928883843, 5588839.73723719548434 ], [ 649270.608390066889115, 5588847.092613894492388 ] ] ] } },
{ "type": "Feature", "properties": { "h3_index": "89ce8c0f2d3ffff", "id": 382, "m_osm": 3097.9620686973572, "total_ciclo_km": null, "phanto_ciclo_km": null, "valdchil_osm_full_network_component": 1, "valdchil_osm_full_network_comp_intersect": 3097.9620686973572, "valdchil_osm_full_network_comp_total": 761655.25169693318 }, "geometry": { "type": "Polygon", "coordinates": [ [ [ 653677.4172305095708, 5588349.796416711993515 ], [ 653748.833657733164728, 5588521.918415481224656 ], [ 653639.820525136194192, 5588686.682198938913643 ], [ 653459.38800992933102, 5588679.327366384677589 ], [ 653387.967592434142716, 5588507.204544210806489 ], [ 653496.983680549543351, 5588342.437377968803048 ], [ 653677.4172305095708, 5588349.796416711993515 ] ] ] } },
{ "type": "Feature", "properties": { "h3_index": "89ce8c05ab7ffff", "id": 383, "m_osm": 462.84639223685303, "total_ciclo_km": null, "phanto_ciclo_km": null, "valdchil_osm_full_network_component": 1, "valdchil_osm_full_network_comp_intersect": 462.84639223685303, "valdchil_osm_full_network_comp_total": 761655.25169693318 }, "geometry": { "type": "Polygon", "coordinates": [ [ [ 636540.069336517830379, 5590699.848032610490918 ], [ 636611.742774436250329, 5590872.130316017195582 ], [ 636502.571349819074385, 5591037.07386982254684 ], [ 636321.723523981403559, 5591029.738533827476203 ], [ 636250.046076705795713, 5590857.455429014749825 ], [ 636359.220464756130241, 5590692.508481580764055 ], [ 636540.069336517830379, 5590699.848032610490918 ] ] ] } },
{ "type": "Feature", "properties": { "h3_index": "89ce8c0f27bffff", "id": 384, "m_osm": 1852.6123898825263, "total_ciclo_km": null, "phanto_ciclo_km": null, "valdchil_osm_full_network_component": 1, "valdchil_osm_full_network_comp_intersect": 1852.6123898825272, "valdchil_osm_full_network_comp_total": 761655.25169693318 }, "geometry": { "type": "Polygon", "coordinates": [ [ [ 653489.435657162917778, 5590034.168175012804568 ], [ 653560.849983578780666, 5590206.26536766346544 ], [ 653451.839930167305283, 5590371.025372112169862 ], [ 653271.412596035865135, 5590363.691568985581398 ], [ 653199.994277996360324, 5590191.593555752187967 ], [ 653309.007285842555575, 5590026.830166201107204 ], [ 653489.435657162917778, 5590034.168175012804568 ] ] ] } },
{ "type": "Feature", "properties": { "h3_index": "89ce8c0f317ffff", "id": 385, "m_osm": 2516.2497117645535, "total_ciclo_km": null, "phanto_ciclo_km": null, "valdchil_osm_full_network_component": 1, "valdchil_osm_full_network_comp_intersect": 2516.2497117645526, "valdchil_osm_full_network_comp_total": 761655.25169693318 }, "geometry": { "type": "Polygon", "coordinates": [ [ [ 650744.950569512671791, 5590260.997592920437455 ], [ 650816.406500320066698, 5590433.122850051149726 ], [ 650707.370611948310398, 5590597.912162518128753 ], [ 650526.875837089959532, 5590590.579604473896325 ], [ 650455.415911706164479, 5590418.453526828438044 ], [ 650564.454755884129554, 5590253.660827721469104 ], [ 650744.950569512671791, 5590260.997592920437455 ] ] ] } },
{ "type": "Feature", "properties": { "h3_index": "89ce8c04253ffff", "id": 386, "m_osm": 1575.6154757690724, "total_ciclo_km": null, "phanto_ciclo_km": null, "valdchil_osm_full_network_component": 1, "valdchil_osm_full_network_comp_intersect": 1575.6154757690724, "valdchil_osm_full_network_comp_total": 761655.25169693318 }, "geometry": { "type": "Polygon", "coordinates": [ [ [ 637177.572035971214063, 5584966.132484823465347 ], [ 637249.252284861402586, 5585138.499243472702801 ], [ 637140.069960982189514, 5585303.455611124634743 ], [ 636959.204421172384173, 5585296.048605815507472 ], [ 636887.520167528418824, 5585123.681016135960817 ], [ 636996.70545857748948, 5584958.721262769773602 ], [ 637177.572035971214063, 5584966.132484823465347 ] ] ] } },
{ "type": "Feature", "properties": { "h3_index": "89ce8c0f06bffff", "id": 387, "m_osm": 2250.9640328052819, "total_ciclo_km": null, "phanto_ciclo_km": null, "valdchil_osm_full_network_component": 1, "valdchil_osm_full_network_comp_intersect": 2250.9640328052824, "valdchil_osm_full_network_comp_total": 761655.25169693318 }, "geometry": { "type": "Polygon", "coordinates": [ [ [ 651688.673028908786364, 5589114.830796970054507 ], [ 651760.117814537603408, 5589286.963517404161394 ], [ 651651.087693039677106, 5589451.746459625661373 ], [ 651470.609829949447885, 5589444.400066087022424 ], [ 651399.161051493836567, 5589272.266523312777281 ], [ 651508.194129085401073, 5589107.480196395888925 ], [ 651688.673028908786364, 5589114.830796970054507 ] ] ] } },
{ "type": "Feature", "properties": { "h3_index": "89ce8c0f56bffff", "id": 388, "m_osm": 2673.8997109059947, "total_ciclo_km": null, "phanto_ciclo_km": null, "valdchil_osm_full_network_component": 1, "valdchil_osm_full_network_comp_intersect": 2673.8997109059947, "valdchil_osm_full_network_comp_total": 761655.25169693318 }, "geometry": { "type": "Polygon", "coordinates": [ [ [ 649924.929045965196565, 5587858.235155198723078 ], [ 649996.404700503335334, 5588030.408370797522366 ], [ 649887.353880721726455, 5588195.215003258548677 ], [ 649706.824448559083976, 5588187.851803917437792 ], [ 649635.344800258986652, 5588015.677763649262488 ], [ 649744.39857801317703, 5587850.867747369222343 ], [ 649924.929045965196565, 5587858.235155198723078 ] ] ] } },
{ "type": "Feature", "properties": { "h3_index": "89ce8c0f6d7ffff", "id": 389, "m_osm": 289.48960856653616, "total_ciclo_km": null, "phanto_ciclo_km": null, "valdchil_osm_full_network_component": 1, "valdchil_osm_full_network_comp_intersect": 289.48960856653616, "valdchil_osm_full_network_comp_total": 761655.25169693318 }, "geometry": { "type": "Polygon", "coordinates": [ [ [ 653651.138438688009046, 5586148.820038386620581 ], [ 653722.561791982036084, 5586320.97755859233439 ], [ 653613.542020921246149, 5586485.749226451851428 ], [ 653433.095939602702856, 5586478.366753957234323 ], [ 653361.668597521376796, 5586306.208406629040837 ], [ 653470.691325672669336, 5586141.433358896523714 ], [ 653651.138438688009046, 5586148.820038386620581 ] ] ] } },
{ "type": "Feature", "properties": { "h3_index": "89ce8c0f143ffff", "id": 390, "m_osm": 447.28832592325364, "total_ciclo_km": null, "phanto_ciclo_km": null, "valdchil_osm_full_network_component": 1, "valdchil_osm_full_network_comp_intersect": 447.28832592325364, "valdchil_osm_full_network_comp_total": 761655.25169693318 }, "geometry": { "type": "Polygon", "coordinates": [ [ [ 650026.622562048723921, 5589385.621797703206539 ], [ 650098.092143261106685, 5589557.769378437660635 ], [ 649989.046764750499278, 5589722.569607595913112 ], [ 649808.528848325018771, 5589715.225641798228025 ], [ 649737.055272405734286, 5589543.077238987199962 ], [ 649846.103607749566436, 5589378.273624029010534 ], [ 650026.622562048723921, 5589385.621797703206539 ] ] ] } },
{ "type": "Feature", "properties": { "h3_index": "89ce8c0f2abffff", "id": 391, "m_osm": 1206.3424168618556, "total_ciclo_km": null, "phanto_ciclo_km": null, "valdchil_osm_full_network_component": 1, "valdchil_osm_full_network_comp_intersect": 1182.5516914382069, "valdchil_osm_full_network_comp_total": 761655.25169693318 }, "geometry": { "type": "Polygon", "coordinates": [ [ [ 652481.976553966524079, 5589316.355132029391825 ], [ 652553.408525781938806, 5589488.475461181253195 ], [ 652444.386653029941954, 5589653.249005288816988 ], [ 652263.929853087058291, 5589645.905604821629822 ], [ 652192.493889114935882, 5589473.784453756175935 ], [ 652301.518717373372056, 5589309.007525047287345 ], [ 652481.976553966524079, 5589316.355132029391825 ] ] ] } },
{ "type": "Feature", "properties": { "h3_index": "89ce8c0f17bffff", "id": 393, "m_osm": 264.04763514788584, "total_ciclo_km": null, "phanto_ciclo_km": null, "valdchil_osm_full_network_component": 1, "valdchil_osm_full_network_comp_intersect": 264.04763514788584, "valdchil_osm_full_network_comp_total": 761655.25169693318 }, "geometry": { "type": "Polygon", "coordinates": [ [ [ 649699.481135108275339, 5589880.02850007545203 ], [ 649770.954295055940747, 5590052.171937864273787 ], [ 649661.907204365124926, 5590216.974038541316986 ], [ 649481.383997190510854, 5590209.636088010855019 ], [ 649409.906841858988628, 5590037.491828945465386 ], [ 649518.956889214459807, 5589872.686341664753854 ], [ 649699.481135108275339, 5589880.02850007545203 ] ] ] } },
{ "type": "Feature", "properties": { "h3_index": "89ce8c0c61bffff", "id": 394, "m_osm": 2570.2961770330644, "total_ciclo_km": null, "phanto_ciclo_km": null, "valdchil_osm_full_network_component": 1, "valdchil_osm_full_network_comp_intersect": 2570.2961770330644, "valdchil_osm_full_network_comp_total": 761655.25169693318 }, "geometry": { "type": "Polygon", "coordinates": [ [ [ 649259.619014292722568, 5591385.253422793000937 ], [ 649331.094505993882194, 5591557.377811302430928 ], [ 649222.047578447731212, 5591722.179499070160091 ], [ 649041.522203483851627, 5591714.860187102109194 ], [ 648970.042714918847196, 5591542.734979804605246 ], [ 649079.092598309740424, 5591377.929903238080442 ], [ 649259.619014292722568, 5591385.253422793000937 ] ] ] } },
{ "type": "Feature", "properties": { "h3_index": "89ce8c0f397ffff", "id": 395, "m_osm": 2856.8510734558954, "total_ciclo_km": null, "phanto_ciclo_km": null, "valdchil_osm_full_network_component": 1, "valdchil_osm_full_network_comp_intersect": 2856.8510734558959, "valdchil_osm_full_network_comp_total": 761655.25169693318 }, "geometry": { "type": "Polygon", "coordinates": [ [ [ 650568.152030256809667, 5589407.665131813846529 ], [ 650639.613206480746157, 5589579.806104370392859 ], [ 650530.573119764099829, 5589744.600318698212504 ], [ 650350.06890044210013, 5589737.256946037523448 ], [ 650278.603730047936551, 5589565.115151504985988 ], [ 650387.646773275337182, 5589400.31755158957094 ], [ 650568.152030256809667, 5589407.665131813846529 ] ] ] } },
{ "type": "Feature", "properties": { "h3_index": "89ce8c0f02fffff", "id": 396, "m_osm": 1844.8928512010166, "total_ciclo_km": null, "phanto_ciclo_km": null, "valdchil_osm_full_network_component": 1, "valdchil_osm_full_network_comp_intersect": 1844.892851201017, "valdchil_osm_full_network_comp_total": 761655.25169693318 }, "geometry": { "type": "Polygon", "coordinates": [ [ [ 650605.731144628371112, 5589070.724225373007357 ], [ 650677.192737631965429, 5589242.870161255821586 ], [ 650568.152030256809667, 5589407.665131813846529 ], [ 650387.646773275337182, 5589400.31755158957094 ], [ 650316.181186370784417, 5589228.170793162658811 ], [ 650425.224850476835854, 5589063.372437482699752 ], [ 650605.731144628371112, 5589070.724225373007357 ] ] ] } },
{ "type": "Feature", "properties": { "h3_index": "89ce8c05853ffff", "id": 397, "m_osm": 191.96238843121367, "total_ciclo_km": null, "phanto_ciclo_km": null, "valdchil_osm_full_network_component": 1, "valdchil_osm_full_network_comp_intersect": 191.96238843121372, "valdchil_osm_full_network_comp_total": 761655.25169693318 }, "geometry": { "type": "Polygon", "coordinates": [ [ [ 636652.56475365976803, 5589688.136106731370091 ], [ 636724.239395292941481, 5589860.433314831927419 ], [ 636615.066038757096976, 5590025.379149318672717 ], [ 636434.215076625347137, 5590018.031167913228273 ], [ 636362.536426445003599, 5589845.733136707916856 ], [ 636471.712747075827792, 5589680.783909988589585 ], [ 636652.56475365976803, 5589688.136106731370091 ] ] ] } },
{ "type": "Feature", "properties": { "h3_index": "89ce8c04247ffff", "id": 399, "m_osm": 504.99451645403127, "total_ciclo_km": null, "phanto_ciclo_km": null, "valdchil_osm_full_network_component": 1, "valdchil_osm_full_network_comp_intersect": 504.99451645403121, "valdchil_osm_full_network_comp_total": 761655.25169693318 }, "geometry": { "type": "Polygon", "coordinates": [ [ [ 636850.01976822828874, 5585461.00761329010129 ], [ 636921.703622175264172, 5585633.370239867828786 ], [ 636812.519607745110989, 5585798.328500522300601 ], [ 636631.648772498243488, 5585790.927521099336445 ], [ 636559.960913125192747, 5585618.564064288511872 ], [ 636669.14789455558639, 5585453.602417112328112 ], [ 636850.01976822828874, 5585461.00761329010129 ] ] ] } },
{ "type": "Feature", "properties": { "h3_index": "89ce8c0f507ffff", "id": 400, "m_osm": 663.92791143476938, "total_ciclo_km": null, "phanto_ciclo_km": null, "valdchil_osm_full_network_component": 1, "valdchil_osm_full_network_comp_intersect": 663.92791143476973, "valdchil_osm_full_network_comp_total": 761655.25169693318 }, "geometry": { "type": "Polygon", "coordinates": [ [ [ 649206.433144356124103, 5586982.558301601558924 ], [ 649277.922439554939047, 5587154.753832724876702 ], [ 649168.862124302540906, 5587319.571366948075593 ], [ 648988.309554986539297, 5587312.19675300642848 ], [ 648916.816265894332901, 5587140.000395654700696 ], [ 649025.879540141671896, 5586975.179478448815644 ], [ 649206.433144356124103, 5586982.558301601558924 ] ] ] } },
{ "type": "Feature", "properties": { "h3_index": "89ce8c0f053ffff", "id": 401, "m_osm": 1115.7521878183732, "total_ciclo_km": null, "phanto_ciclo_km": null, "valdchil_osm_full_network_component": 1, "valdchil_osm_full_network_comp_intersect": 1115.7521878183734, "valdchil_osm_full_network_comp_total": 761655.25169693318 }, "geometry": { "type": "Polygon", "coordinates": [ [ [ 652090.938508115475997, 5587946.628583395853639 ], [ 652162.380555714247748, 5588118.775362770073116 ], [ 652053.350919048534706, 5588283.557937778532505 ], [ 651872.876278216135688, 5588276.197116351686418 ], [ 651801.430239004315808, 5588104.049512708559632 ], [ 651910.462832364835776, 5587939.263554736971855 ], [ 652090.938508115475997, 5587946.628583395853639 ] ] ] } },
{ "type": "Feature", "properties": { "h3_index": "89ce8c0f18fffff", "id": 402, "m_osm": 202.83233162934278, "total_ciclo_km": null, "phanto_ciclo_km": null, "valdchil_osm_full_network_component": 1, "valdchil_osm_full_network_comp_intersect": 202.83233162934283, "valdchil_osm_full_network_comp_total": 761655.25169693318 }, "geometry": { "type": "Polygon", "coordinates": [ [ [ 649018.58011064468883, 5588667.566510900855064 ], [ 649090.067332928883843, 5588839.73723719548434 ], [ 648981.010125479893759, 5589004.551008813083172 ], [ 648800.462737967260182, 5588997.197439416311681 ], [ 648728.971520438906737, 5588825.025889717973769 ], [ 648838.03168579377234, 5588660.208732796832919 ], [ 649018.58011064468883, 5588667.566510900855064 ] ] ] } },
{ "type": "Feature", "properties": { "h3_index": "89ce8c0f2cbffff", "id": 403, "m_osm": 3270.8053042760739, "total_ciclo_km": null, "phanto_ciclo_km": null, "valdchil_osm_full_network_component": 1, "valdchil_osm_full_network_comp_intersect": 3270.8053042760725, "valdchil_osm_full_network_comp_total": 761655.25169693318 }, "geometry": { "type": "Polygon", "coordinates": [ [ [ 653891.661681916913949, 5588866.15167080797255 ], [ 653963.073278652154841, 5589038.262927085161209 ], [ 653854.06371611636132, 5589203.022573211230338 ], [ 653673.639601939590648, 5589195.674346408806741 ], [ 653602.224014792940579, 5589023.562267624773085 ], [ 653711.236532361945137, 5588858.799238126724958 ], [ 653891.661681916913949, 5588866.15167080797255 ] ] ] } },
{ "type": "Feature", "properties": { "h3_index": "89ce8c0e24fffff", "id": 406, "m_osm": 391.54957561875398, "total_ciclo_km": null, "phanto_ciclo_km": null, "valdchil_osm_full_network_component": 1, "valdchil_osm_full_network_comp_intersect": 391.54957561875398, "valdchil_osm_full_network_comp_total": 761655.25169693318 }, "geometry": { "type": "Polygon", "coordinates": [ [ [ 648224.858977279858664, 5588465.951086313463748 ], [ 648296.359014296904206, 5588638.134209910407662 ], [ 648187.293555754469708, 5588802.95738316886127 ], [ 648006.72510182869155, 5588795.600818198174238 ], [ 647935.221068898332305, 5588623.416870763525367 ], [ 648044.289485934074037, 5588458.590312113985419 ], [ 648224.858977279858664, 5588465.951086313463748 ] ] ] } },
{ "type": "Feature", "properties": { "h3_index": "89ce8c0c67bffff", "id": 407, "m_osm": 700.49539293646092, "total_ciclo_km": null, "phanto_ciclo_km": null, "valdchil_osm_full_network_component": 1, "valdchil_osm_full_network_comp_intersect": 700.49539293646114, "valdchil_osm_full_network_comp_total": 761655.25169693318 }, "geometry": { "type": "Polygon", "coordinates": [ [ [ 649436.467975682578981, 5592238.526996639557183 ], [ 649507.938221521908417, 5592410.635656289756298 ], [ 649398.895499876933172, 5592575.432427947409451 ], [ 649218.379577378975227, 5592568.123929782770574 ], [ 649146.905334267299622, 5592396.014452805742621 ], [ 649255.951011052937247, 5592231.214291295036674 ], [ 649436.467975682578981, 5592238.526996639557183 ] ] ] } },
{ "type": "Feature", "properties": { "h3_index": "89ce8c0f1afffff", "id": 408, "m_osm": 1115.2614953056811, "total_ciclo_km": null, "phanto_ciclo_km": null, "valdchil_osm_full_network_component": 1, "valdchil_osm_full_network_comp_intersect": 1115.2614953056811, "valdchil_osm_full_network_comp_total": 761655.25169693318 }, "geometry": { "type": "Polygon", "coordinates": [ [ [ 648401.787601189222187, 5589319.48111198656261 ], [ 648473.282400075346231, 5589491.648520298302174 ], [ 648364.221147396950983, 5589656.466796551831067 ], [ 648183.662138174986467, 5589649.121050919406116 ], [ 648112.163342969957739, 5589476.952820234932005 ], [ 648221.22755343595054, 5589312.131157534196973 ], [ 648401.787601189222187, 5589319.48111198656261 ] ] ] } },
{ "type": "Feature", "properties": { "h3_index": "89ce8c0d5b7ffff", "id": 409, "m_osm": 691.11498299837763, "total_ciclo_km": null, "phanto_ciclo_km": null, "valdchil_osm_full_network_component": 1, "valdchil_osm_full_network_comp_intersect": 691.11498299837763, "valdchil_osm_full_network_comp_total": 761655.25169693318 }, "geometry": { "type": "Polygon", "coordinates": [ [ [ 649688.447817376349121, 5592417.945962694473565 ], [ 649759.913649448542856, 5592590.048833765089512 ], [ 649650.87388267274946, 5592754.842215447686613 ], [ 649470.365329083520919, 5592747.536116013303399 ], [ 649398.895499876933172, 5592575.432427947409451 ], [ 649507.938221521908417, 5592410.635656289756298 ], [ 649688.447817376349121, 5592417.945962694473565 ] ] ] } },
{ "type": "Feature", "properties": { "h3_index": "89ce8c0d487ffff", "id": 411, "m_osm": 2228.2456092023094, "total_ciclo_km": null, "phanto_ciclo_km": null, "valdchil_osm_full_network_component": 1, "valdchil_osm_full_network_comp_intersect": 2228.2456092023085, "valdchil_osm_full_network_comp_total": 761655.25169693318 }, "geometry": { "type": "Polygon", "coordinates": [ [ [ 652294.029041730100289, 5591000.767287199385464 ], [ 652365.458917727228254, 5591172.862794850021601 ], [ 652256.440138632548042, 5591337.632546189241111 ], [ 652075.988529254565947, 5591330.310176780447364 ], [ 652004.55465975496918, 5591158.213850042782724 ], [ 652113.576393264578655, 5590993.440711781382561 ], [ 652294.029041730100289, 5591000.767287199385464 ] ] ] } },
{ "type": "Feature", "properties": { "h3_index": "89ce8c0c603ffff", "id": 412, "m_osm": 1259.7837289225722, "total_ciclo_km": null, "phanto_ciclo_km": null, "valdchil_osm_full_network_component": 1, "valdchil_osm_full_network_comp_intersect": 1259.783728922572, "valdchil_osm_full_network_comp_total": 761655.25169693318 }, "geometry": { "type": "Polygon", "coordinates": [ [ [ 648970.042714918847196, 5591542.734979804605246 ], [ 649041.522203483851627, 5591714.860187102109194 ], [ 648932.472945489222184, 5591879.664501462131739 ], [ 648751.941243163775653, 5591872.346997642889619 ], [ 648680.457757329219021, 5591700.22097179107368 ], [ 648789.509971218183637, 5591535.413268289528787 ], [ 648970.042714918847196, 5591542.734979804605246 ] ] ] } },
{ "type": "Feature", "properties": { "h3_index": "89ce8c0f003ffff", "id": 413, "m_osm": 1913.4790548327721, "total_ciclo_km": null, "phanto_ciclo_km": null, "valdchil_osm_full_network_component": 1, "valdchil_osm_full_network_comp_intersect": 1913.4790548327721, "valdchil_osm_full_network_comp_total": 761655.25169693318 }, "geometry": { "type": "Polygon", "coordinates": [ [ [ 651259.97052005562, 5588081.959251306019723 ], [ 651331.424960864009336, 5588254.113463344983757 ], [ 651222.38768930057995, 5588418.904682690277696 ], [ 651041.893019992974587, 5588411.545073492452502 ], [ 650970.434586632065475, 5588239.390037321485579 ], [ 651079.474815259454772, 5588074.595434457063675 ], [ 651259.97052005562, 5588081.959251306019723 ] ] ] } },
{ "type": "Feature", "properties": { "h3_index": "89ce8c0f66bffff", "id": 416, "m_osm": 1118.6599350960346, "total_ciclo_km": null, "phanto_ciclo_km": null, "valdchil_osm_full_network_component": 1, "valdchil_osm_full_network_comp_intersect": 1118.659935096035, "valdchil_osm_full_network_comp_total": 761655.25169693318 }, "geometry": { "type": "Polygon", "coordinates": [ [ [ 653715.014130587223917, 5588012.904922687448561 ], [ 653786.430977725307457, 5588185.031880216673017 ], [ 653677.4172305095708, 5588349.796416711993515 ], [ 653496.983680549543351, 5588342.437377968803048 ], [ 653425.562843406107277, 5588170.309596471488476 ], [ 653534.579546360066161, 5588005.541677657514811 ], [ 653715.014130587223917, 5588012.904922687448561 ] ] ] } },
{ "type": "Feature", "properties": { "h3_index": "89ce8c0d043ffff", "id": 417, "m_osm": 174.67792360151984, "total_ciclo_km": null, "phanto_ciclo_km": null, "valdchil_osm_full_network_component": 1, "valdchil_osm_full_network_comp_intersect": 174.67792360151984, "valdchil_osm_full_network_comp_total": 761655.25169693318 }, "geometry": { "type": "Polygon", "coordinates": [ [ [ 653290.117784122237936, 5594255.399213772267103 ], [ 653361.522644139477052, 5594427.43100109603256 ], [ 653252.522973640356213, 5594592.178451211191714 ], [ 653072.115491690579802, 5594584.897504759952426 ], [ 653000.706636949907988, 5594412.86490395385772 ], [ 653109.709259006893262, 5594248.114063058048487 ], [ 653290.117784122237936, 5594255.399213772267103 ] ] ] } },
{ "type": "Feature", "properties": { "h3_index": "89ce8c0f1a7ffff", "id": 419, "m_osm": 2650.0111695774731, "total_ciclo_km": null, "phanto_ciclo_km": null, "valdchil_osm_full_network_component": 1, "valdchil_osm_full_network_comp_intersect": 2650.0111695774731, "valdchil_osm_full_network_comp_total": 761655.25169693318 }, "geometry": { "type": "Polygon", "coordinates": [ [ [ 648149.728344211122021, 5589139.957961723208427 ], [ 648221.22755343595054, 5589312.131157534196973 ], [ 648112.163342969957739, 5589476.952820234932005 ], [ 647931.596965348348022, 5589469.604673421941698 ], [ 647860.093759669922292, 5589297.430654905736446 ], [ 647969.160928193479776, 5589132.605605882592499 ], [ 648149.728344211122021, 5589139.957961723208427 ] ] ] } },
{ "type": "Feature", "properties": { "h3_index": "89ce8c0f64fffff", "id": 420, "m_osm": 457.26718680585816, "total_ciclo_km": null, "phanto_ciclo_km": null, "valdchil_osm_full_network_component": 10299, "valdchil_osm_full_network_comp_intersect": 457.26718680585816, "valdchil_osm_full_network_comp_total": 1780.2074170554727 }, "geometry": { "type": "Polygon", "coordinates": [ [ [ 654042.055486475932412, 5587518.610935998149216 ], [ 654113.468764118151739, 5587690.742026703432202 ], [ 654004.456744777038693, 5587855.504684993997216 ], [ 653824.028492020210251, 5587848.139634072780609 ], [ 653752.611225047614425, 5587676.00771860126406 ], [ 653861.626200289698318, 5587511.241678792983294 ], [ 654042.055486475932412, 5587518.610935998149216 ] ] ] } },
{ "type": "Feature", "properties": { "h3_index": "89ce8c0d483ffff", "id": 421, "m_osm": 1600.2011283310164, "total_ciclo_km": null, "phanto_ciclo_km": null, "valdchil_osm_full_network_component": 1, "valdchil_osm_full_network_comp_intersect": 1600.2011283310167, "valdchil_osm_full_network_comp_total": 761655.25169693318 }, "geometry": { "type": "Polygon", "coordinates": [ [ [ 652583.494760500499979, 5590843.325157983228564 ], [ 652654.920643392717466, 5591015.419846307486296 ], [ 652545.904199126642197, 5591180.18697146140039 ], [ 652365.458917727228254, 5591172.862794850021601 ], [ 652294.029041730100289, 5591000.767287199385464 ], [ 652403.048440367216244, 5590835.99677546415478 ], [ 652583.494760500499979, 5590843.325157983228564 ] ] ] } },
{ "type": "Feature", "properties": { "h3_index": "89ce8c0f18bffff", "id": 422, "m_osm": 812.93211651984427, "total_ciclo_km": null, "phanto_ciclo_km": null, "valdchil_osm_full_network_component": 1, "valdchil_osm_full_network_comp_intersect": 812.9321165198445, "valdchil_osm_full_network_comp_total": 761655.25169693318 }, "geometry": { "type": "Polygon", "coordinates": [ [ [ 649308.180034586926922, 5588510.111570217646658 ], [ 649379.6632620326709, 5588682.281472874805331 ], [ 649270.608390066889115, 5588847.092613894492388 ], [ 649090.067332928883843, 5588839.73723719548434 ], [ 649018.58011064468883, 5588667.566510900855064 ], [ 649127.637940463377163, 5588502.751984918490052 ], [ 649308.180034586926922, 5588510.111570217646658 ] ] ] } },
{ "type": "Feature", "properties": { "h3_index": "89ce8c0d4c3ffff", "id": 423, "m_osm": 691.55220291994283, "total_ciclo_km": null, "phanto_ciclo_km": null, "valdchil_osm_full_network_component": 1, "valdchil_osm_full_network_comp_intersect": 691.55220291994294, "valdchil_osm_full_network_comp_total": 761655.25169693318 }, "geometry": { "type": "Polygon", "coordinates": [ [ [ 653376.649066431913525, 5591044.722597819752991 ], [ 653448.062131380662322, 5591216.804896958172321 ], [ 653339.05393033917062, 5591381.562622948549688 ], [ 653158.629710696171969, 5591374.24143626820296 ], [ 653087.2126533157425, 5591202.158318242058158 ], [ 653196.223808138165623, 5591037.397205760702491 ], [ 653376.649066431913525, 5591044.722597819752991 ] ] ] } },
{ "type": "Feature", "properties": { "h3_index": "89ce8c0d6a3ffff", "id": 424, "m_osm": 3364.6788326435994, "total_ciclo_km": null, "phanto_ciclo_km": null, "valdchil_osm_full_network_component": 1, "valdchil_osm_full_network_comp_intersect": 3364.6788326435976, "valdchil_osm_full_network_comp_total": 761655.25169693318 }, "geometry": { "type": "Polygon", "coordinates": [ [ [ 653729.908158583333716, 5592750.777349781244993 ], [ 653801.31071150675416, 5592922.828208040446043 ], [ 653692.310890981578268, 5593087.576106136664748 ], [ 653511.905565288616344, 5593080.276534538716078 ], [ 653440.499019125592895, 5592908.224860307760537 ], [ 653549.501792025170289, 5592743.473573621362448 ], [ 653729.908158583333716, 5592750.777349781244993 ] ] ] } },
{ "type": "Feature", "properties": { "h3_index": "89ce8c0f3b7ffff", "id": 425, "m_osm": 1635.2273633439233, "total_ciclo_km": null, "phanto_ciclo_km": null, "valdchil_osm_full_network_component": 1, "valdchil_osm_full_network_comp_intersect": 1635.2273633439233, "valdchil_osm_full_network_comp_total": 761655.25169693318 }, "geometry": { "type": "Polygon", "coordinates": [ [ [ 649951.471173116122372, 5590059.511695884168148 ], [ 650022.939921761397272, 5590231.649346880614758 ], [ 649913.895787465851754, 5590396.448060828261077 ], [ 649733.379948259214871, 5590389.112510481849313 ], [ 649661.907204365124926, 5590216.974038541316986 ], [ 649770.954295055940747, 5590052.171937864273787 ], [ 649951.471173116122372, 5590059.511695884168148 ] ] ] } },
{ "type": "Feature", "properties": { "h3_index": "89ce8c0f34bffff", "id": 426, "m_osm": 541.15135476991486, "total_ciclo_km": null, "phanto_ciclo_km": null, "valdchil_osm_full_network_component": 1, "valdchil_osm_full_network_comp_intersect": 541.15135476991486, "valdchil_osm_full_network_comp_total": 761655.25169693318 }, "geometry": { "type": "Polygon", "coordinates": [ [ [ 652042.142104706726968, 5590821.339418538846076 ], [ 652113.576393264578655, 5590993.440711781382561 ], [ 652004.55465975496918, 5591158.213850042782724 ], [ 651824.095683125779033, 5591150.889081835746765 ], [ 651752.65740092843771, 5590978.786969173699617 ], [ 651861.682089125271887, 5590814.010444113984704 ], [ 652042.142104706726968, 5590821.339418538846076 ] ] ] } },
{ "type": "Feature", "properties": { "h3_index": "89ce8c0d4b7ffff", "id": 428, "m_osm": 1567.0686693788637, "total_ciclo_km": null, "phanto_ciclo_km": null, "valdchil_osm_full_network_component": 1, "valdchil_osm_full_network_comp_intersect": 1567.0686693788641, "valdchil_osm_full_network_comp_total": 761655.25169693318 }, "geometry": { "type": "Polygon", "coordinates": [ [ [ 651715.071615313296206, 5591315.664846503175795 ], [ 651786.509478722233325, 5591487.761992095038295 ], [ 651677.486031693406403, 5591652.536995452828705 ], [ 651497.021766865043901, 5591645.218240795657039 ], [ 651425.579909142921679, 5591473.120276580564678 ], [ 651534.60631069005467, 5591308.34188562259078 ], [ 651715.071615313296206, 5591315.664846503175795 ] ] ] } },
{ "type": "Feature", "properties": { "h3_index": "89ce8c0f53bffff", "id": 429, "m_osm": 149.51464443559064, "total_ciclo_km": null, "phanto_ciclo_km": null, "valdchil_osm_full_network_component": 1, "valdchil_osm_full_network_comp_intersect": 149.51464443559064, "valdchil_osm_full_network_comp_total": 761655.25169693318 }, "geometry": { "type": "Polygon", "coordinates": [ [ [ 649168.862124302540906, 5587319.571366948075593 ], [ 649240.351005082949996, 5587491.761938748881221 ], [ 649131.291310582309961, 5587656.578722294420004 ], [ 648950.739776650676504, 5587649.208317461423576 ], [ 648879.246901706326753, 5587477.016919998452067 ], [ 648988.309554986539297, 5587312.19675300642848 ], [ 649168.862124302540906, 5587319.571366948075593 ] ] ] } },
{ "type": "Feature", "properties": { "h3_index": "89ce8c0f253ffff", "id": 431, "m_osm": 3504.4891185444585, "total_ciclo_km": null, "phanto_ciclo_km": null, "valdchil_osm_full_network_component": 1, "valdchil_osm_full_network_comp_intersect": 3504.4891185444571, "valdchil_osm_full_network_comp_total": 761655.25169693318 }, "geometry": { "type": "Polygon", "coordinates": [ [ [ 653854.06371611636132, 5589203.022573211230338 ], [ 653925.474892422556877, 5589375.128868829458952 ], [ 653816.465945100411773, 5589539.887759610079229 ], [ 653636.042866784147918, 5589532.543738586828113 ], [ 653564.627699799719267, 5589360.436621025204659 ], [ 653673.639601939590648, 5589195.674346408806741 ], [ 653854.06371611636132, 5589203.022573211230338 ] ] ] } },
{ "type": "Feature", "properties": { "h3_index": "89ce8c051b3ffff", "id": 435, "m_osm": 1680.3020697203851, "total_ciclo_km": null, "phanto_ciclo_km": null, "valdchil_osm_full_network_component": 1, "valdchil_osm_full_network_comp_intersect": 1680.3020697203851, "valdchil_osm_full_network_comp_total": 761655.25169693318 }, "geometry": { "type": "Polygon", "coordinates": [ [ [ 637355.104702629265375, 5585820.530242625623941 ], [ 637426.779746203799732, 5585992.881281622685492 ], [ 637317.601664962829091, 5586157.832768859341741 ], [ 637136.745573817519471, 5586150.436603848822415 ], [ 637065.066525083268061, 5585978.084735288284719 ], [ 637174.2475727845449, 5585813.129861277528107 ], [ 637355.104702629265375, 5585820.530242625623941 ] ] ] } },
{ "type": "Feature", "properties": { "h3_index": "89ce8c0f68bffff", "id": 436, "m_osm": 741.94406136307953, "total_ciclo_km": null, "phanto_ciclo_km": null, "valdchil_osm_full_network_component": 1, "valdchil_osm_full_network_comp_intersect": 741.94406136307953, "valdchil_osm_full_network_comp_total": 761655.25169693318 }, "geometry": { "type": "Polygon", "coordinates": [ [ [ 653361.668597521376796, 5586306.208406629040837 ], [ 653433.095939602702856, 5586478.366753957234323 ], [ 653324.073824478080496, 5586643.141054188832641 ], [ 653143.621410262887366, 5586635.760387280024588 ], [ 653072.190078994492069, 5586463.601213064044714 ], [ 653181.215151259326376, 5586298.823532620444894 ], [ 653361.668597521376796, 5586306.208406629040837 ] ] ] } },
{ "type": "Feature", "properties": { "h3_index": "89ce8c0c40fffff", "id": 437, "m_osm": 617.00741836072359, "total_ciclo_km": null, "phanto_ciclo_km": null, "valdchil_osm_full_network_component": 1, "valdchil_osm_full_network_comp_intersect": 617.00741836072348, "valdchil_osm_full_network_comp_total": 761655.25169693318 }, "geometry": { "type": "Polygon", "coordinates": [ [ [ 647168.119216100312769, 5590623.387827156111598 ], [ 647239.629176020040177, 5590795.548587465658784 ], [ 647130.559848457807675, 5590960.375863309949636 ], [ 646949.97760354867205, 5590953.045767558738589 ], [ 646878.463645154377446, 5590780.884186936542392 ], [ 646987.535930271609686, 5590616.053522356785834 ], [ 647168.119216100312769, 5590623.387827156111598 ] ] ] } },
{ "type": "Feature", "properties": { "h3_index": "89ce8c0f247ffff", "id": 438, "m_osm": 3024.1124364243883, "total_ciclo_km": null, "phanto_ciclo_km": null, "valdchil_osm_full_network_component": 1, "valdchil_osm_full_network_comp_intersect": 3024.1124364243874, "valdchil_osm_full_network_comp_total": 761655.25169693318 }, "geometry": { "type": "Polygon", "coordinates": [ [ [ 653527.031580482143909, 5589697.305257402360439 ], [ 653598.446327222744003, 5589869.407412919215858 ], [ 653489.435657162917778, 5590034.168175012804568 ], [ 653309.007285842555575, 5590026.830166201107204 ], [ 653237.588547751074657, 5589854.727189538069069 ], [ 653346.602172459242865, 5589689.963042808696628 ], [ 653527.031580482143909, 5589697.305257402360439 ] ] ] } },
{ "type": "Feature", "properties": { "h3_index": "89ce8c08da7ffff", "id": 439, "m_osm": 3342.6373295649337, "total_ciclo_km": null, "phanto_ciclo_km": null, "valdchil_osm_full_network_component": 1, "valdchil_osm_full_network_comp_intersect": 3342.637329564931, "valdchil_osm_full_network_comp_total": 761655.25169693318 }, "geometry": { "type": "Polygon", "coordinates": [ [ [ 653966.858196568675339, 5588192.392724956385791 ], [ 654038.270633924752474, 5588364.513900088146329 ], [ 653929.259842175291851, 5588529.275054142810404 ], [ 653748.833657733164728, 5588521.918415481224656 ], [ 653677.4172305095708, 5588349.796416711993515 ], [ 653786.430977725307457, 5588185.031880216673017 ], [ 653966.858196568675339, 5588192.392724956385791 ] ] ] } },
{ "type": "Feature", "properties": { "h3_index": "89ce8c0c6cfffff", "id": 442, "m_osm": 1849.2040094015874, "total_ciclo_km": null, "phanto_ciclo_km": null, "valdchil_osm_full_network_component": 1, "valdchil_osm_full_network_comp_intersect": 1849.2040094015877, "valdchil_osm_full_network_comp_total": 761655.25169693318 }, "geometry": { "type": "Polygon", "coordinates": [ [ [ 649549.186654708581045, 5591227.776300762780011 ], [ 649620.658149946364574, 5591399.899870251305401 ], [ 649511.613553422270343, 5591564.698931304737926 ], [ 649331.094505993882194, 5591557.377811302430928 ], [ 649259.619014292722568, 5591385.253422793000937 ], [ 649368.66656661266461, 5591220.450973279774189 ], [ 649549.186654708581045, 5591227.776300762780011 ] ] ] } },
{ "type": "Feature", "properties": { "h3_index": "89ce8c0f29bffff", "id": 443, "m_osm": 4045.7637320395493, "total_ciclo_km": null, "phanto_ciclo_km": null, "valdchil_osm_full_network_component": 1, "valdchil_osm_full_network_comp_intersect": 4045.7637320395511, "valdchil_osm_full_network_comp_total": 761655.25169693318 }, "geometry": { "type": "Polygon", "coordinates": [ [ [ 653136.102883974323049, 5588327.71870634984225 ], [ 653207.527711520902812, 5588499.847311585210264 ], [ 653098.509283079300076, 5588664.617107450030744 ], [ 652918.063071385258809, 5588657.26168105378747 ], [ 652846.634253028547391, 5588485.132252312265337 ], [ 652955.655637306976132, 5588320.359073451720178 ], [ 653136.102883974323049, 5588327.71870634984225 ] ] ] } },
{ "type": "Feature", "properties": { "h3_index": "89ce8c0c4c7ffff", "id": 444, "m_osm": 576.6640038793787, "total_ciclo_km": null, "phanto_ciclo_km": null, "valdchil_osm_full_network_component": 1, "valdchil_osm_full_network_comp_intersect": 576.6640038793787, "valdchil_osm_full_network_comp_total": 761655.25169693318 }, "geometry": { "type": "Polygon", "coordinates": [ [ [ 647532.888838090468198, 5589791.909550026990473 ], [ 647604.395627148798667, 5589964.079424763098359 ], [ 647495.327376761240885, 5590128.905590015463531 ], [ 647314.749379505170509, 5590121.565267975442111 ], [ 647243.23859291721601, 5589949.39457156136632 ], [ 647352.30980124429334, 5589784.565018842928112 ], [ 647532.888838090468198, 5589791.909550026990473 ] ] ] } },
{ "type": "Feature", "properties": { "h3_index": "89ce8c0f153ffff", "id": 445, "m_osm": 663.81542174071183, "total_ciclo_km": null, "phanto_ciclo_km": null, "valdchil_osm_full_network_component": 1, "valdchil_osm_full_network_comp_intersect": 663.81542174071183, "valdchil_osm_full_network_comp_total": 761655.25169693318 }, "geometry": { "type": "Polygon", "coordinates": [ [ [ 650064.198564690654166, 5589048.668267955072224 ], [ 650135.66856206045486, 5589220.820812326855958 ], [ 650026.622562048723921, 5589385.621797703206539 ], [ 649846.103607749566436, 5589378.273624029010534 ], [ 649774.629615940852091, 5589206.120257018133998 ], [ 649883.678572999779135, 5589041.315886300988495 ], [ 650064.198564690654166, 5589048.668267955072224 ] ] ] } },
{ "type": "Feature", "properties": { "h3_index": "89ce8c0f1cbffff", "id": 446, "m_osm": 1573.2445724196407, "total_ciclo_km": null, "phanto_ciclo_km": null, "valdchil_osm_full_network_component": 1, "valdchil_osm_full_network_comp_intersect": 1573.2445724196405, "valdchil_osm_full_network_comp_total": 761655.25169693318 }, "geometry": { "type": "Polygon", "coordinates": [ [ [ 650101.774772350094281, 5588711.709020091220737 ], [ 650173.245185794658028, 5588883.866527277044952 ], [ 650064.198564690654166, 5589048.668267955072224 ], [ 649883.678572999779135, 5589041.315886300988495 ], [ 649812.20416538673453, 5588869.157555911689997 ], [ 649921.253743759472854, 5588704.352430358529091 ], [ 650101.774772350094281, 5588711.709020091220737 ] ] ] } },
{ "type": "Feature", "properties": { "h3_index": "89ce8c0f46fffff", "id": 447, "m_osm": 2980.0109752343274, "total_ciclo_km": null, "phanto_ciclo_km": null, "valdchil_osm_full_network_component": 1, "valdchil_osm_full_network_comp_intersect": 2980.010975234326, "valdchil_osm_full_network_comp_total": 761655.25169693318 }, "geometry": { "type": "Polygon", "coordinates": [ [ [ 651662.252435604576021, 5586913.672713004052639 ], [ 651733.704136048676446, 5587085.840975719504058 ], [ 651624.667351792566478, 5587250.631817940622568 ], [ 651444.175909555051476, 5587243.25777920987457 ], [ 651372.720217770896852, 5587071.088690431788564 ], [ 651481.759959692601115, 5586906.294466426596045 ], [ 651662.252435604576021, 5586913.672713004052639 ] ] ] } },
{ "type": "Feature", "properties": { "h3_index": "89ce8c0f6c7ffff", "id": 448, "m_osm": 977.71501002545449, "total_ciclo_km": null, "phanto_ciclo_km": null, "valdchil_osm_full_network_component": 1, "valdchil_osm_full_network_comp_intersect": 977.71501002545449, "valdchil_osm_full_network_comp_total": 761655.25169693318 }, "geometry": { "type": "Polygon", "coordinates": [ [ [ 653613.542020921246149, 5586485.749226451851428 ], [ 653684.964955061324872, 5586657.901792260818183 ], [ 653575.945796809974127, 5586822.672712156549096 ], [ 653395.500747673097067, 5586815.294446555897593 ], [ 653324.073824478080496, 5586643.141054188832641 ], [ 653433.095939602702856, 5586478.366753957234323 ], [ 653613.542020921246149, 5586485.749226451851428 ] ] ] } },
{ "type": "Feature", "properties": { "h3_index": "89ce8c05eafffff", "id": 451, "m_osm": 1014.5814301785929, "total_ciclo_km": null, "phanto_ciclo_km": null, "valdchil_osm_full_network_component": 1, "valdchil_osm_full_network_comp_intersect": 1014.5814301785929, "valdchil_osm_full_network_comp_total": 761655.25169693318 }, "geometry": { "type": "Polygon", "coordinates": [ [ [ 637017.585958099924028, 5588856.047159493900836 ], [ 637089.257394186104648, 5589028.353488804772496 ], [ 636980.085073865950108, 5589193.298204689286649 ], [ 636799.238353107473813, 5589185.939982199110091 ], [ 636727.562909418018535, 5589013.632828418165445 ], [ 636836.738194222562015, 5588848.684721571393311 ], [ 637017.585958099924028, 5588856.047159493900836 ] ] ] } },
{ "type": "Feature", "properties": { "h3_index": "89ce8c05e8fffff", "id": 452, "m_osm": 202.99497911406803, "total_ciclo_km": null, "phanto_ciclo_km": null, "valdchil_osm_full_network_component": 11606, "valdchil_osm_full_network_comp_intersect": 202.99497911406803, "valdchil_osm_full_network_comp_total": 202.99497911406803 }, "geometry": { "type": "Polygon", "coordinates": [ [ [ 637635.110586495953612, 5588203.639305185526609 ], [ 637706.77441030589398, 5588375.94895476475358 ], [ 637597.606095505179837, 5588540.889156577177346 ], [ 637416.770992421428673, 5588533.523098602890968 ], [ 637345.103162088547833, 5588361.2126235216856 ], [ 637454.274441492278129, 5588196.269031891599298 ], [ 637635.110586495953612, 5588203.639305185526609 ] ] ] } },
{ "type": "Feature", "properties": { "h3_index": "89ce8c0d45bffff", "id": 453, "m_osm": 545.07685606393864, "total_ciclo_km": null, "phanto_ciclo_km": null, "valdchil_osm_full_network_component": 1, "valdchil_osm_full_network_comp_intersect": 545.07685606393864, "valdchil_osm_full_network_comp_total": 761655.25169693318 }, "geometry": { "type": "Polygon", "coordinates": [ [ [ 653842.701144780614413, 5591740.346682888455689 ], [ 653914.104962258017622, 5591912.412446036934853 ], [ 653805.103285808116198, 5592077.162636417895555 ], [ 653624.694838977651671, 5592069.850450828671455 ], [ 653553.287029067636468, 5591897.78387001901865 ], [ 653662.291658545495011, 5591733.0302924355492 ], [ 653842.701144780614413, 5591740.346682888455689 ] ] ] } },
{ "type": "Feature", "properties": { "h3_index": "89ce8c0f057ffff", "id": 454, "m_osm": 2470.8245239256462, "total_ciclo_km": null, "phanto_ciclo_km": null, "valdchil_osm_full_network_component": 1, "valdchil_osm_full_network_comp_intersect": 2470.8245239256462, "valdchil_osm_full_network_comp_total": 761655.25169693318 }, "geometry": { "type": "Polygon", "coordinates": [ [ [ 651801.430239004315808, 5588104.049512708559632 ], [ 651872.876278216135688, 5588276.197116351686418 ], [ 651763.844302214216441, 5588440.982321768067777 ], [ 651583.363330382853746, 5588433.623306822031736 ], [ 651511.913299152045511, 5588261.474879142828286 ], [ 651620.94823189964518, 5588096.686290425248444 ], [ 651801.430239004315808, 5588104.049512708559632 ] ] ] } },
{ "type": "Feature", "properties": { "h3_index": "89ce8c0d0d3ffff", "id": 455, "m_osm": 117.45591842441496, "total_ciclo_km": null, "phanto_ciclo_km": null, "valdchil_osm_full_network_component": 6132, "valdchil_osm_full_network_comp_intersect": 94.097600013819317, "valdchil_osm_full_network_comp_total": 5055.3127624422459 }, "geometry": { "type": "Polygon", "coordinates": [ [ [ 653151.081220562336966, 5593065.676801671274006 ], [ 653222.491760369855911, 5593237.729291641153395 ], [ 653113.487275005783886, 5593402.4824358522892 ], [ 652933.06929748877883, 5593395.186479341238737 ], [ 652861.654763634782284, 5593223.133173868060112 ], [ 652970.662201472325251, 5593058.376640385948122 ], [ 653151.081220562336966, 5593065.676801671274006 ] ] ] } },
{ "type": "Feature", "properties": { "h3_index": "89ce8c0f553ffff", "id": 456, "m_osm": 1500.2597868178277, "total_ciclo_km": null, "phanto_ciclo_km": null, "valdchil_osm_full_network_component": 1, "valdchil_osm_full_network_comp_intersect": 1500.2597868178275, "valdchil_osm_full_network_comp_total": 761655.25169693318 }, "geometry": { "type": "Polygon", "coordinates": [ [ [ 650327.236305614118464, 5586689.833550126291811 ], [ 650398.709213784895837, 5586862.02081694547087 ], [ 650289.658874624408782, 5587026.827070065774024 ], [ 650109.132668847218156, 5587019.449438431300223 ], [ 650037.655768127762713, 5586847.261345015838742 ], [ 650146.709065861883573, 5586682.451709809713066 ], [ 650327.236305614118464, 5586689.833550126291811 ] ] ] } },
{ "type": "Feature", "properties": { "h3_index": "89ce8c0f23bffff", "id": 457, "m_osm": 2784.8744260425997, "total_ciclo_km": null, "phanto_ciclo_km": null, "valdchil_osm_full_network_component": 1, "valdchil_osm_full_network_comp_intersect": 2784.8744260425997, "valdchil_osm_full_network_comp_total": 761655.25169693318 }, "geometry": { "type": "Polygon", "coordinates": [ [ [ 652696.267639258876443, 5589832.705372613854706 ], [ 652767.694780700723641, 5590004.814954613335431 ], [ 652658.676480891881511, 5590169.584356816485524 ], [ 652478.228084749192931, 5590162.247562191449106 ], [ 652406.796951014664955, 5589990.137159178964794 ], [ 652515.818205845425837, 5589825.364371783100069 ], [ 652696.267639258876443, 5589832.705372613854706 ] ] ] } },
{ "type": "Feature", "properties": { "h3_index": "89ce8c0d63bffff", "id": 458, "m_osm": 1539.0035013124714, "total_ciclo_km": null, "phanto_ciclo_km": null, "valdchil_osm_full_network_component": 1, "valdchil_osm_full_network_comp_intersect": 1539.0035013124711, "valdchil_osm_full_network_comp_total": 761655.25169693318 }, "geometry": { "type": "Polygon", "coordinates": [ [ [ 654195.899288265150972, 5593446.254049410112202 ], [ 654267.292589008109644, 5593618.288366157561541 ], [ 654158.299291449948214, 5593783.028719835914671 ], [ 653977.909741651732475, 5593775.738146047107875 ], [ 653906.512447667773813, 5593603.703014557249844 ], [ 654015.508696849807166, 5593438.95927157625556 ], [ 654195.899288265150972, 5593446.254049410112202 ] ] ] } },
{ "type": "Feature", "properties": { "h3_index": "89ce8c0f03bffff", "id": 459, "m_osm": 2531.8480417521305, "total_ciclo_km": null, "phanto_ciclo_km": null, "valdchil_osm_full_network_component": 1, "valdchil_osm_full_network_comp_intersect": 2531.8480417521309, "valdchil_osm_full_network_comp_total": 761655.25169693318 }, "geometry": { "type": "Polygon", "coordinates": [ [ [ 650932.853410188108683, 5588576.338923350907862 ], [ 651004.311426662490703, 5588748.488998403772712 ], [ 650895.27243608282879, 5588913.282094331458211 ], [ 650714.772472256794572, 5588905.928499507717788 ], [ 650643.310462553752586, 5588733.777601116336882 ], [ 650752.352410033927299, 5588568.981120866723359 ], [ 650932.853410188108683, 5588576.338923350907862 ] ] ] } },
{ "type": "Feature", "properties": { "h3_index": "89ce8c0f01bffff", "id": 460, "m_osm": 3377.1398295907343, "total_ciclo_km": null, "phanto_ciclo_km": null, "valdchil_osm_full_network_component": 1, "valdchil_osm_full_network_comp_intersect": 3377.1398295907356, "valdchil_osm_full_network_comp_total": 761655.25169693318 }, "geometry": { "type": "Polygon", "coordinates": [ [ [ 651549.49778324412182, 5587924.532902755774558 ], [ 651620.94823189964518, 5588096.686290425248444 ], [ 651511.913299152045511, 5588261.474879142828286 ], [ 651331.424960864009336, 5588254.113463344983757 ], [ 651259.97052005562, 5588081.959251306019723 ], [ 651369.008409816306084, 5587917.167279411107302 ], [ 651549.49778324412182, 5587924.532902755774558 ] ] ] } },
{ "type": "Feature", "properties": { "h3_index": "89ce8c0d4cfffff", "id": 461, "m_osm": 1156.5726909760956, "total_ciclo_km": null, "phanto_ciclo_km": null, "valdchil_osm_full_network_component": 1, "valdchil_osm_full_network_comp_intersect": 1156.5726909760958, "valdchil_osm_full_network_comp_total": 761655.25169693318 }, "geometry": { "type": "Polygon", "coordinates": [ [ [ 653339.05393033917062, 5591381.562622948549688 ], [ 653410.466574636055157, 5591553.639955936931074 ], [ 653301.458991861902177, 5591718.396920600906014 ], [ 653121.035811355686747, 5591711.079939203336835 ], [ 653049.619174356339499, 5591539.001787884160876 ], [ 653158.629710696171969, 5591374.24143626820296 ], [ 653339.05393033917062, 5591381.562622948549688 ] ] ] } },
{ "type": "Feature", "properties": { "h3_index": "89ce8c0d407ffff", "id": 462, "m_osm": 3678.3008461028408, "total_ciclo_km": null, "phanto_ciclo_km": null, "valdchil_osm_full_network_component": 1, "valdchil_osm_full_network_comp_intersect": 3678.3008461028376, "valdchil_osm_full_network_comp_total": 761655.25169693318 }, "geometry": { "type": "Polygon", "coordinates": [ [ [ 652470.723675633897074, 5591853.893415507860482 ], [ 652542.148299242486246, 5592025.973202778957784 ], [ 652433.133714163443074, 5592190.738042592070997 ], [ 652252.691551888128743, 5592183.426483082585037 ], [ 652181.262934370199218, 5592011.345878183841705 ], [ 652290.280473164166324, 5591846.577650398015976 ], [ 652470.723675633897074, 5591853.893415507860482 ] ] ] } },
{ "type": "Feature", "properties": { "h3_index": "89ce8c0f463ffff", "id": 463, "m_osm": 1117.0085538159697, "total_ciclo_km": null, "phanto_ciclo_km": null, "valdchil_osm_full_network_component": 1, "valdchil_osm_full_network_comp_intersect": 1117.0085538159692, "valdchil_osm_full_network_comp_total": 761655.25169693318 }, "geometry": { "type": "Polygon", "coordinates": [ [ [ 651699.837718680151738, 5586576.707902035675943 ], [ 651771.289836220094003, 5586748.881121455691755 ], [ 651662.252435604576021, 5586913.672713004052639 ], [ 651481.759959692601115, 5586906.294466426596045 ], [ 651410.303851081174798, 5586734.120420379564166 ], [ 651519.344209580332972, 5586569.325447512790561 ], [ 651699.837718680151738, 5586576.707902035675943 ] ] ] } },
{ "type": "Feature", "properties": { "h3_index": "89ce8c0c2d3ffff", "id": 464, "m_osm": 688.62548223632041, "total_ciclo_km": null, "phanto_ciclo_km": null, "valdchil_osm_full_network_component": 1, "valdchil_osm_full_network_comp_intersect": 688.62548223632029, "valdchil_osm_full_network_comp_total": 761655.25169693318 }, "geometry": { "type": "Polygon", "coordinates": [ [ [ 649361.323233208153397, 5592912.332122695632279 ], [ 649432.792645702138543, 5593084.430838353000581 ], [ 649323.75117600033991, 5593249.226079140789807 ], [ 649143.237339229439385, 5593241.925995025783777 ], [ 649071.763928923523054, 5593069.826463171280921 ], [ 649180.808353330590762, 5592905.027831604704261 ], [ 649361.323233208153397, 5592912.332122695632279 ] ] ] } },
{ "type": "Feature", "properties": { "h3_index": "89ce8c0c63bffff", "id": 465, "m_osm": 2921.4847090354779, "total_ciclo_km": null, "phanto_ciclo_km": null, "valdchil_osm_full_network_component": 1, "valdchil_osm_full_network_comp_intersect": 2921.484709035477, "valdchil_osm_full_network_comp_total": 761655.25169693318 }, "geometry": { "type": "Polygon", "coordinates": [ [ [ 648642.889655291917734, 5592037.153938478790224 ], [ 648714.372725552995689, 5592209.274993512779474 ], [ 648605.321764105698094, 5592374.0811707675457 ], [ 648424.784776799380779, 5592366.76968290656805 ], [ 648353.297708597267047, 5592194.647810117341578 ], [ 648462.351625771028921, 5592029.838242921046913 ], [ 648642.889655291917734, 5592037.153938478790224 ] ] ] } },
{ "type": "Feature", "properties": { "h3_index": "89ce8c05e93ffff", "id": 466, "m_osm": 1288.3209782694062, "total_ciclo_km": null, "phanto_ciclo_km": null, "valdchil_osm_full_network_component": 1, "valdchil_osm_full_network_comp_intersect": 1288.3209782694062, "valdchil_osm_full_network_comp_total": 761655.25169693318 }, "geometry": { "type": "Polygon", "coordinates": [ [ [ 637710.120283477008343, 5587529.122434216551483 ], [ 637781.784910459071398, 5587701.442021138034761 ], [ 637672.615315924864262, 5587866.383730483241379 ], [ 637491.778129496844485, 5587859.009241769090295 ], [ 637420.109496535151266, 5587686.688828215003014 ], [ 637529.282056111143902, 5587521.743729983456433 ], [ 637710.120283477008343, 5587529.122434216551483 ] ] ] } },
{ "type": "Feature", "properties": { "h3_index": "89ce8c051bbffff", "id": 467, "m_osm": 2036.982503075626, "total_ciclo_km": null, "phanto_ciclo_km": null, "valdchil_osm_full_network_component": 1, "valdchil_osm_full_network_comp_intersect": 2036.9825030756256, "valdchil_osm_full_network_comp_total": 761655.25169693318 }, "geometry": { "type": "Polygon", "coordinates": [ [ [ 637607.629504205309786, 5586000.279255854897201 ], [ 637679.300142258172855, 5586172.62450117431581 ], [ 637570.125027208123356, 5586337.572601514868438 ], [ 637389.276308043627068, 5586330.178843409754336 ], [ 637317.601664962829091, 5586157.832768859341741 ], [ 637426.779746203799732, 5585992.881281622685492 ], [ 637607.629504205309786, 5586000.279255854897201 ] ] ] } },
{ "type": "Feature", "properties": { "h3_index": "89ce8c0d40fffff", "id": 468, "m_osm": 2200.8075713697272, "total_ciclo_km": null, "phanto_ciclo_km": null, "valdchil_osm_full_network_component": 1, "valdchil_osm_full_network_comp_intersect": 2200.8075713697281, "valdchil_osm_full_network_comp_total": 761655.25169693318 }, "geometry": { "type": "Polygon", "coordinates": [ [ [ 652722.584134427597746, 5592033.286569699645042 ], [ 652794.004344334243797, 5592205.360571017488837 ], [ 652684.992712703184225, 5592370.122022734023631 ], [ 652504.557917844853364, 5592362.812861207872629 ], [ 652433.133714163443074, 5592190.738042592070997 ], [ 652542.148299242486246, 5592025.973202778957784 ], [ 652722.584134427597746, 5592033.286569699645042 ] ] ] } },
{ "type": "Feature", "properties": { "h3_index": "89ce8c05ab3ffff", "id": 469, "m_osm": 235.69938935469372, "total_ciclo_km": null, "phanto_ciclo_km": null, "valdchil_osm_full_network_component": 1, "valdchil_osm_full_network_comp_intersect": 235.69938935469372, "valdchil_osm_full_network_comp_total": 761655.25169693318 }, "geometry": { "type": "Polygon", "coordinates": [ [ [ 636830.083948906511068, 5590542.245079419575632 ], [ 636901.753377869958058, 5590714.526541189290583 ], [ 636792.584272264037281, 5590879.467462854459882 ], [ 636611.742774436250329, 5590872.130316017195582 ], [ 636540.069336517830379, 5590699.848032610490918 ], [ 636649.241405511042103, 5590534.903717655688524 ], [ 636830.083948906511068, 5590542.245079419575632 ] ] ] } },
{ "type": "Feature", "properties": { "h3_index": "89ce8c0f20bffff", "id": 471, "m_osm": 3359.9708803019066, "total_ciclo_km": null, "phanto_ciclo_km": null, "valdchil_osm_full_network_component": 1, "valdchil_osm_full_network_comp_intersect": 3359.9708803019089, "valdchil_osm_full_network_comp_total": 761655.25169693318 }, "geometry": { "type": "Polygon", "coordinates": [ [ [ 653275.183014392852783, 5589517.855103534646332 ], [ 653346.602172459242865, 5589689.963042808696628 ], [ 653237.588547751074657, 5589854.727189538069069 ], [ 653057.152810184168629, 5589847.386781484819949 ], [ 652985.729660632670857, 5589675.278020731173456 ], [ 653094.746240258566104, 5589510.510489489883184 ], [ 653275.183014392852783, 5589517.855103534646332 ] ] ] } },
{ "type": "Feature", "properties": { "h3_index": "89ce8c0c60bffff", "id": 472, "m_osm": 2553.1556809932135, "total_ciclo_km": null, "phanto_ciclo_km": null, "valdchil_osm_full_network_component": 1, "valdchil_osm_full_network_comp_intersect": 2553.1556809932126, "valdchil_osm_full_network_comp_total": 761655.25169693318 }, "geometry": { "type": "Polygon", "coordinates": [ [ [ 649222.047578447731212, 5591722.179499070160091 ], [ 649293.522654035827145, 5591894.298917889595032 ], [ 649184.476351664401591, 5592059.099842987023294 ], [ 649003.952018212177791, 5592051.784738506190479 ], [ 648932.472945489222184, 5591879.664501462131739 ], [ 649041.522203483851627, 5591714.860187102109194 ], [ 649222.047578447731212, 5591722.179499070160091 ] ] ] } },
{ "type": "Feature", "properties": { "h3_index": "89ce8c0d0c7ffff", "id": 473, "m_osm": 2415.3125313326118, "total_ciclo_km": null, "phanto_ciclo_km": null, "valdchil_osm_full_network_component": 79, "valdchil_osm_full_network_comp_intersect": 2415.3125313326127, "valdchil_osm_full_network_comp_total": 11877.120814930871 }, "geometry": { "type": "Polygon", "coordinates": [ [ [ 652824.062480565160513, 5593559.942246433347464 ], [ 652895.476593545405194, 5593731.990580282174051 ], [ 652786.47039794025477, 5593896.74558006413281 ], [ 652606.047137174173258, 5593889.455636047758162 ], [ 652534.629029473755509, 5593717.40648749191314 ], [ 652643.638177387765609, 5593552.648097637109458 ], [ 652824.062480565160513, 5593559.942246433347464 ] ] ] } },
{ "type": "Feature", "properties": { "h3_index": "89ce8c0f127ffff", "id": 474, "m_osm": 347.83160968707239, "total_ciclo_km": null, "phanto_ciclo_km": null, "valdchil_osm_full_network_component": 1, "valdchil_osm_full_network_comp_intersect": 347.83160968707239, "valdchil_osm_full_network_comp_total": 761655.25169693318 }, "geometry": { "type": "Polygon", "coordinates": [ [ [ 648326.654903660528362, 5589993.446758608333766 ], [ 648398.148873716825619, 5590165.604235333390534 ], [ 648289.088870302308351, 5590330.420996414497495 ], [ 648108.531939606415108, 5590323.083668121136725 ], [ 648037.033972690114751, 5590150.925370153039694 ], [ 648146.096933457418345, 5589986.105221697129309 ], [ 648326.654903660528362, 5589993.446758608333766 ] ] ] } },
{ "type": "Feature", "properties": { "h3_index": "89ce8c0d4a3ffff", "id": 475, "m_osm": 1086.3217049639306, "total_ciclo_km": null, "phanto_ciclo_km": null, "valdchil_osm_full_network_component": 1, "valdchil_osm_full_network_comp_intersect": 1086.3217049639304, "valdchil_osm_full_network_comp_total": 761655.25169693318 }, "geometry": { "type": "Polygon", "coordinates": [ [ [ 651966.967415908817202, 5591495.082554186694324 ], [ 652038.400866269948892, 5591667.17391359526664 ], [ 651929.380373490741476, 5591831.945529230870306 ], [ 651748.923476232681423, 5591824.629173154011369 ], [ 651677.486031693406403, 5591652.536995452828705 ], [ 651786.509478722233325, 5591487.761992095038295 ], [ 651966.967415908817202, 5591495.082554186694324 ] ] ] } },
{ "type": "Feature", "properties": { "h3_index": "89ce8c0f613ffff", "id": 476, "m_osm": 1120.4027755905672, "total_ciclo_km": null, "phanto_ciclo_km": null, "valdchil_osm_full_network_component": 1, "valdchil_osm_full_network_comp_intersect": 1120.4027755905672, "valdchil_osm_full_network_comp_total": 761655.25169693318 }, "geometry": { "type": "Polygon", "coordinates": [ [ [ 653324.073824478080496, 5586643.141054188832641 ], [ 653395.500747673097067, 5586815.294446555897593 ], [ 653286.479245983762667, 5586980.067998365499079 ], [ 653106.027864303789102, 5586972.691538458690047 ], [ 653034.596951647894457, 5586800.537319766357541 ], [ 653143.621410262887366, 5586635.760387280024588 ], [ 653324.073824478080496, 5586643.141054188832641 ] ] ] } },
{ "type": "Feature", "properties": { "h3_index": "89ce8c0f657ffff", "id": 477, "m_osm": 766.40915320637919, "total_ciclo_km": null, "phanto_ciclo_km": null, "valdchil_osm_full_network_component": 1, "valdchil_osm_full_network_comp_intersect": 552.69110582969097, "valdchil_osm_full_network_comp_total": 761655.25169693318 }, "geometry": { "type": "Polygon", "coordinates": [ [ [ 653827.805995819158852, 5587002.196187237277627 ], [ 653899.224102213047445, 5587174.33801612444222 ], [ 653790.208513566991314, 5587339.104806204326451 ], [ 653609.771862265304662, 5587331.733148300088942 ], [ 653538.349766678060405, 5587159.590493752621114 ], [ 653647.368311712518334, 5586994.820322745479643 ], [ 653827.805995819158852, 5587002.196187237277627 ] ] ] } },
{ "type": "Feature", "properties": { "h3_index": "89ce8c0d477ffff", "id": 478, "m_osm": 1636.9362770037824, "total_ciclo_km": null, "phanto_ciclo_km": null, "valdchil_osm_full_network_component": 1, "valdchil_osm_full_network_comp_intersect": 1636.9362770037819, "valdchil_osm_full_network_comp_total": 761655.25169693318 }, "geometry": { "type": "Polygon", "coordinates": [ [ [ 652684.992712703184225, 5592370.122022734023631 ], [ 652756.412502328166738, 5592542.191055138595402 ], [ 652647.401491018012166, 5592706.951742771081626 ], [ 652466.967736979830079, 5592699.646786537021399 ], [ 652395.543953305459581, 5592527.57693739887327 ], [ 652504.557917844853364, 5592362.812861207872629 ], [ 652684.992712703184225, 5592370.122022734023631 ] ] ] } },
{ "type": "Feature", "properties": { "h3_index": "89ce8c0f393ffff", "id": 479, "m_osm": 2638.161722138645, "total_ciclo_km": null, "phanto_ciclo_km": null, "valdchil_osm_full_network_component": 1, "valdchil_osm_full_network_comp_intersect": 2638.1617221386446, "valdchil_osm_full_network_comp_total": 761655.25169693318 }, "geometry": { "type": "Polygon", "coordinates": [ [ [ 650857.691664637764916, 5589250.219548524357378 ], [ 650929.148847094620578, 5589422.359698871150613 ], [ 650820.111096180276945, 5589587.15128418058157 ], [ 650639.613206480746157, 5589579.806104370392859 ], [ 650568.152030256809667, 5589407.665131813846529 ], [ 650677.192737631965429, 5589242.870161255821586 ], [ 650857.691664637764916, 5589250.219548524357378 ] ] ] } },
{ "type": "Feature", "properties": { "h3_index": "89ce8c0f663ffff", "id": 480, "m_osm": 1865.8680526823161, "total_ciclo_km": null, "phanto_ciclo_km": null, "valdchil_osm_full_network_component": 1, "valdchil_osm_full_network_comp_intersect": 1865.8680526823159, "valdchil_osm_full_network_comp_total": 761655.25169693318 }, "geometry": { "type": "Polygon", "coordinates": [ [ [ 653463.15828965511173, 5587833.408937652595341 ], [ 653534.579546360066161, 5588005.541677657514811 ], [ 653425.562843406107277, 5588170.309596471488476 ], [ 653245.1219278749777, 5588162.948157451115549 ], [ 653173.696681035333313, 5587990.814593145623803 ], [ 653282.716339991427958, 5587826.043292138725519 ], [ 653463.15828965511173, 5587833.408937652595341 ] ] ] } },
{ "type": "Feature", "properties": { "h3_index": "89ce8c08937ffff", "id": 481, "m_osm": 198.91691305327612, "total_ciclo_km": null, "phanto_ciclo_km": null, "valdchil_osm_full_network_component": 1, "valdchil_osm_full_network_comp_intersect": 198.91691305327612, "valdchil_osm_full_network_comp_total": 761655.25169693318 }, "geometry": { "type": "Polygon", "coordinates": [ [ [ 653917.897451837547123, 5591066.697590840980411 ], [ 653989.302111943950877, 5591238.773286480456591 ], [ 653880.299200233072042, 5591403.52500044927001 ], [ 653699.888675078516826, 5591396.204405028373003 ], [ 653628.480023079668172, 5591224.127890598960221 ], [ 653737.485888252500445, 5591059.372790351510048 ], [ 653917.897451837547123, 5591066.697590840980411 ] ] ] } },
{ "type": "Feature", "properties": { "h3_index": "89ce8c0c673ffff", "id": 482, "m_osm": 2695.5672595873943, "total_ciclo_km": null, "phanto_ciclo_km": null, "valdchil_osm_full_network_component": 1, "valdchil_osm_full_network_comp_intersect": 2695.5672595873948, "valdchil_osm_full_network_comp_total": 761655.25169693318 }, "geometry": { "type": "Polygon", "coordinates": [ [ [ 649184.476351664401591, 5592059.099842987023294 ], [ 649255.951011052937247, 5592231.214291295036674 ], [ 649146.905334267299622, 5592396.014452805742621 ], [ 648966.382042813114822, 5592388.703555706888437 ], [ 648894.903386018355377, 5592216.588289740495384 ], [ 649003.952018212177791, 5592051.784738506190479 ], [ 649184.476351664401591, 5592059.099842987023294 ] ] ] } },
{ "type": "Feature", "properties": { "h3_index": "89ce8c0552fffff", "id": 483, "m_osm": 464.64845797528739, "total_ciclo_km": null, "phanto_ciclo_km": null, "valdchil_osm_full_network_component": 1, "valdchil_osm_full_network_comp_intersect": 464.64845797528744, "valdchil_osm_full_network_comp_total": 761655.25169693318 }, "geometry": { "type": "Polygon", "coordinates": [ [ [ 637720.144356454722583, 5584988.364953310228884 ], [ 637791.81619654642418, 5585160.725087792612612 ], [ 637682.639169151429087, 5585325.675430004484951 ], [ 637501.78733494412154, 5585318.269023209810257 ], [ 637430.111490641487762, 5585145.908057796768844 ], [ 637539.291484883287922, 5584980.954330084845424 ], [ 637720.144356454722583, 5584988.364953310228884 ] ] ] } },
{ "type": "Feature", "properties": { "h3_index": "89ce8c0f60fffff", "id": 486, "m_osm": 2841.7651795603683, "total_ciclo_km": null, "phanto_ciclo_km": null, "valdchil_osm_full_network_component": 1, "valdchil_osm_full_network_comp_intersect": 2841.7651795603688, "valdchil_osm_full_network_comp_total": 761655.25169693318 }, "geometry": { "type": "Polygon", "coordinates": [ [ [ 653248.884862362523563, 5587316.989237409085035 ], [ 653320.310947545571253, 5587489.132717390544713 ], [ 653211.290673938230611, 5587653.904769584536552 ], [ 653030.84135879157111, 5587646.536723383702338 ], [ 652959.411283608991653, 5587474.392418207600713 ], [ 653068.434513704734854, 5587309.616984407417476 ], [ 653248.884862362523563, 5587316.989237409085035 ] ] ] } },
{ "type": "Feature", "properties": { "h3_index": "89ce8c0f54bffff", "id": 487, "m_osm": 569.7613864722083, "total_ciclo_km": null, "phanto_ciclo_km": null, "valdchil_osm_full_network_component": 1, "valdchil_osm_full_network_comp_intersect": 569.76138647220841, "valdchil_osm_full_network_comp_total": 761655.25169693318 }, "geometry": { "type": "Polygon", "coordinates": [ [ [ 650541.650206422433257, 5587206.38460857514292 ], [ 650613.118290664860979, 5587378.56113310623914 ], [ 650504.071528253611177, 5587543.363253782503307 ], [ 650323.553723641904071, 5587535.992232579737902 ], [ 650252.081646715989336, 5587363.814882352016866 ], [ 650361.131367214024067, 5587199.009378999471664 ], [ 650541.650206422433257, 5587206.38460857514292 ] ] ] } },
{ "type": "Feature", "properties": { "h3_index": "89ce8c0f623ffff", "id": 489, "m_osm": 3008.4060496049715, "total_ciclo_km": null, "phanto_ciclo_km": null, "valdchil_osm_full_network_component": 1, "valdchil_osm_full_network_comp_intersect": 3008.4060496049706, "valdchil_osm_full_network_comp_total": 761655.25169693318 }, "geometry": { "type": "Polygon", "coordinates": [ [ [ 652669.929031156469136, 5587631.800036140717566 ], [ 652741.363096740329638, 5587803.945166282355785 ], [ 652632.338140461593866, 5587968.722480121068656 ], [ 652451.876162135740742, 5587961.358046078123152 ], [ 652380.438105746521614, 5587789.212091204710305 ], [ 652489.466018617618829, 5587624.431395081803203 ], [ 652669.929031156469136, 5587631.800036140717566 ] ] ] } },
{ "type": "Feature", "properties": { "h3_index": "89ce8c0f2a7ffff", "id": 490, "m_osm": 2370.828285463826, "total_ciclo_km": null, "phanto_ciclo_km": null, "valdchil_osm_full_network_component": 1, "valdchil_osm_full_network_comp_intersect": 2370.828285463826, "valdchil_osm_full_network_comp_total": 761655.25169693318 }, "geometry": { "type": "Polygon", "coordinates": [ [ [ 651940.589347686269321, 5589294.311717743054032 ], [ 652012.029722594888881, 5589466.438653454184532 ], [ 651903.002556922729127, 5589631.218210857361555 ], [ 651722.532060643075965, 5589623.874217349104583 ], [ 651651.087693039677106, 5589451.746459625661373 ], [ 651760.117814537603408, 5589286.963517404161394 ], [ 651940.589347686269321, 5589294.311717743054032 ] ] ] } },
{ "type": "Feature", "properties": { "h3_index": "89ce8c0f2bbffff", "id": 491, "m_osm": 3714.35706065266, "total_ciclo_km": null, "phanto_ciclo_km": null, "valdchil_osm_full_network_component": 1, "valdchil_osm_full_network_comp_intersect": 3714.3570606526591, "valdchil_osm_full_network_comp_total": 761655.25169693318 }, "geometry": { "type": "Polygon", "coordinates": [ [ [ 652519.566653502290137, 5588979.455541137605906 ], [ 652590.99904423346743, 5589151.580832133069634 ], [ 652481.976553966524079, 5589316.355132029391825 ], [ 652301.518717373372056, 5589309.007525047287345 ], [ 652230.082334753358737, 5589136.881411577574909 ], [ 652339.107780743157491, 5588972.103727542795241 ], [ 652519.566653502290137, 5588979.455541137605906 ] ] ] } },
{ "type": "Feature", "properties": { "h3_index": "89ce8c08d37ffff", "id": 492, "m_osm": 2305.3454615591386, "total_ciclo_km": null, "phanto_ciclo_km": null, "valdchil_osm_full_network_component": 1, "valdchil_osm_full_network_comp_intersect": 2305.3454615591381, "valdchil_osm_full_network_comp_total": 761655.25169693318 }, "geometry": { "type": "Polygon", "coordinates": [ [ [ 654181.090678233304061, 5588708.745509039610624 ], [ 654252.498284964123741, 5588880.855942576192319 ], [ 654143.491062601562589, 5589045.612960093654692 ], [ 653963.073278652154841, 5589038.262927085161209 ], [ 653891.661681916913949, 5588866.15167080797255 ], [ 654000.671859260764904, 5588701.391270257532597 ], [ 654181.090678233304061, 5588708.745509039610624 ] ] ] } },
{ "type": "Feature", "properties": { "h3_index": "89ce8c0f3d3ffff", "id": 493, "m_osm": 2535.1506491328269, "total_ciclo_km": null, "phanto_ciclo_km": null, "valdchil_osm_full_network_component": 1, "valdchil_osm_full_network_comp_intersect": 2535.1506491328264, "valdchil_osm_full_network_comp_total": 761655.25169693318 }, "geometry": { "type": "Polygon", "coordinates": [ [ [ 651651.087693039677106, 5589451.746459625661373 ], [ 651722.532060643075965, 5589623.874217349104583 ], [ 651613.502558123203926, 5589788.656403330154717 ], [ 651433.025732254609466, 5589781.314216727390885 ], [ 651361.577371556311846, 5589609.185637225396931 ], [ 651470.609829949447885, 5589444.400066087022424 ], [ 651651.087693039677106, 5589451.746459625661373 ] ] ] } },
{ "type": "Feature", "properties": { "h3_index": "89ce8c08927ffff", "id": 494, "m_osm": 1063.6962356004392, "total_ciclo_km": null, "phanto_ciclo_km": null, "valdchil_osm_full_network_component": 1, "valdchil_osm_full_network_comp_intersect": 1063.6962356004392, "valdchil_osm_full_network_comp_total": 761655.25169693318 }, "geometry": { "type": "Polygon", "coordinates": [ [ [ 653880.299200233072042, 5591403.52500044927001 ], [ 653951.703439065837301, 5591575.595730254426599 ], [ 653842.701144780614413, 5591740.346682888455689 ], [ 653662.291658545495011, 5591733.0302924355492 ], [ 653590.883427549386397, 5591560.958744402974844 ], [ 653699.888675078516826, 5591396.204405028373003 ], [ 653880.299200233072042, 5591403.52500044927001 ] ] ] } },
{ "type": "Feature", "properties": { "h3_index": "89ce8c0f1dbffff", "id": 495, "m_osm": 1764.2888701810768, "total_ciclo_km": null, "phanto_ciclo_km": null, "valdchil_osm_full_network_component": 1, "valdchil_osm_full_network_comp_intersect": 1764.2888701810766, "valdchil_osm_full_network_comp_total": 761655.25169693318 }, "geometry": { "type": "Polygon", "coordinates": [ [ [ 650139.351184704340994, 5588374.744055856019258 ], [ 650210.822014144039713, 5588546.906525033526123 ], [ 650101.774772350094281, 5588711.709020091220737 ], [ 649921.253743759472854, 5588704.352430358529091 ], [ 649849.778920420911163, 5588532.189137410372496 ], [ 649958.829119701636955, 5588367.383257943205535 ], [ 650139.351184704340994, 5588374.744055856019258 ] ] ] } },
{ "type": "Feature", "properties": { "h3_index": "89ce8c0f563ffff", "id": 496, "m_osm": 3298.8799420406763, "total_ciclo_km": null, "phanto_ciclo_km": null, "valdchil_osm_full_network_component": 1, "valdchil_osm_full_network_comp_intersect": 3298.8799420406767, "valdchil_osm_full_network_comp_total": 761655.25169693318 }, "geometry": { "type": "Polygon", "coordinates": [ [ [ 649672.918514507939108, 5587678.68874644394964 ], [ 649744.39857801317703, 5587850.867747369222343 ], [ 649635.344800258986652, 5588015.677763649262488 ], [ 649454.808000890305266, 5588008.312162677757442 ], [ 649383.323943489929661, 5587836.132336753420532 ], [ 649492.380679483059794, 5587671.318936777301133 ], [ 649672.918514507939108, 5587678.68874644394964 ] ] ] } },
{ "type": "Feature", "properties": { "h3_index": "89ce8c0f50fffff", "id": 497, "m_osm": 2077.5287153663139, "total_ciclo_km": null, "phanto_ciclo_km": null, "valdchil_osm_full_network_component": 1, "valdchil_osm_full_network_comp_intersect": 2077.5287153663144, "valdchil_osm_full_network_comp_total": 761655.25169693318 }, "geometry": { "type": "Polygon", "coordinates": [ [ [ 649458.468676731805317, 5587162.130253430455923 ], [ 649529.953563755378127, 5587334.319999335333705 ], [ 649420.896207230980508, 5587499.134150451980531 ], [ 649240.351005082949996, 5587491.761938748881221 ], [ 649168.862124302540906, 5587319.571366948075593 ], [ 649277.922439554939047, 5587154.753832724876702 ], [ 649458.468676731805317, 5587162.130253430455923 ] ] ] } },
{ "type": "Feature", "properties": { "h3_index": "89ce8c0f617ffff", "id": 498, "m_osm": 1368.7291429781421, "total_ciclo_km": null, "phanto_ciclo_km": null, "valdchil_osm_full_network_component": 1, "valdchil_osm_full_network_comp_intersect": 1368.7291429781419, "valdchil_osm_full_network_comp_total": 761655.25169693318 }, "geometry": { "type": "Polygon", "coordinates": [ [ [ 653034.596951647894457, 5586800.537319766357541 ], [ 653106.027864303789102, 5586972.691538458690047 ], [ 652997.004019745159894, 5587137.467722062952816 ], [ 652816.546305688796565, 5587130.093067964538932 ], [ 652745.111403173301369, 5586957.938023177906871 ], [ 652854.138204704737291, 5586793.158458559773862 ], [ 653034.596951647894457, 5586800.537319766357541 ] ] ] } },
{ "type": "Feature", "properties": { "h3_index": "89ce8c0d41bffff", "id": 499, "m_osm": 54.304113775981051, "total_ciclo_km": null, "phanto_ciclo_km": null, "valdchil_osm_full_network_component": 6097, "valdchil_osm_full_network_comp_intersect": 54.304113775981051, "valdchil_osm_full_network_comp_total": 2164.7863922840247 }, "geometry": { "type": "Polygon", "coordinates": [ [ [ 653049.619174356339499, 5591539.001787884160876 ], [ 653121.035811355686747, 5591711.079939203336835 ], [ 653012.025893908343278, 5591875.839529032818973 ], [ 652831.596385976299644, 5591868.524354818277061 ], [ 652760.175755876349285, 5591696.445385405793786 ], [ 652869.188626938615926, 5591531.682408281601965 ], [ 653049.619174356339499, 5591539.001787884160876 ] ] ] } },
{ "type": "Feature", "properties": { "h3_index": "89ce8c0f63bffff", "id": 501, "m_osm": 2272.859460316191, "total_ciclo_km": null, "phanto_ciclo_km": null, "valdchil_osm_full_network_component": 1, "valdchil_osm_full_network_comp_intersect": 2272.8594603161914, "valdchil_osm_full_network_comp_total": 761655.25169693318 }, "geometry": { "type": "Polygon", "coordinates": [ [ [ 652959.411283608991653, 5587474.392418207600713 ], [ 653030.84135879157111, 5587646.536723383702338 ], [ 652921.818743561860174, 5587811.311406460590661 ], [ 652741.363096740329638, 5587803.945166282355785 ], [ 652669.929031156469136, 5587631.800036140717566 ], [ 652778.954602926620282, 5587467.021971118636429 ], [ 652959.411283608991653, 5587474.392418207600713 ] ] ] } },
{ "type": "Feature", "properties": { "h3_index": "89ce8c0f6abffff", "id": 503, "m_osm": 1033.3019236753389, "total_ciclo_km": null, "phanto_ciclo_km": null, "valdchil_osm_full_network_component": 1, "valdchil_osm_full_network_comp_intersect": 1033.3019236753391, "valdchil_osm_full_network_comp_total": 761655.25169693318 }, "geometry": { "type": "Polygon", "coordinates": [ [ [ 652745.111403173301369, 5586957.938023177906871 ], [ 652816.546305688796565, 5587130.093067964538932 ], [ 652707.520118834683672, 5587294.871883245185018 ], [ 652527.05607256887015, 5587287.49903507065028 ], [ 652455.617179787135683, 5587115.343164421617985 ], [ 652564.646323665510863, 5586950.56096778716892 ], [ 652745.111403173301369, 5586957.938023177906871 ] ] ] } },
{ "type": "Feature", "properties": { "h3_index": "89ce8c0d0abffff", "id": 504, "m_osm": 675.07661971428365, "total_ciclo_km": null, "phanto_ciclo_km": null, "valdchil_osm_full_network_component": 79, "valdchil_osm_full_network_comp_intersect": 675.07661971428365, "valdchil_osm_full_network_comp_total": 11877.120814930871 }, "geometry": { "type": "Polygon", "coordinates": [ [ [ 651955.736160308355466, 5594032.348261018283665 ], [ 652027.162258657976054, 5594204.399038290604949 ], [ 651918.149073669919744, 5594369.161904632113874 ], [ 651737.706837997073308, 5594361.877384758554399 ], [ 651666.276743714697659, 5594189.825793473049998 ], [ 651775.292881165980361, 5594025.059536047279835 ], [ 651955.736160308355466, 5594032.348261018283665 ] ] ] } },
{ "type": "Feature", "properties": { "h3_index": "89ce8c05eb7ffff", "id": 505, "m_osm": 749.59189237426494, "total_ciclo_km": null, "phanto_ciclo_km": null, "valdchil_osm_full_network_component": 1, "valdchil_osm_full_network_comp_intersect": 749.59189237426494, "valdchil_osm_full_network_comp_total": 761655.25169693318 }, "geometry": { "type": "Polygon", "coordinates": [ [ [ 636802.562030982226133, 5588339.1066375663504 ], [ 636874.238276383606717, 5588511.423733733594418 ], [ 636765.062349634827115, 5588676.372596185654402 ], [ 636584.207212639506906, 5588669.007752819918096 ], [ 636512.526959775714204, 5588496.689831285737455 ], [ 636621.705851497477852, 5588331.737578458152711 ], [ 636802.562030982226133, 5588339.1066375663504 ] ] ] } },
{ "type": "Feature", "properties": { "h3_index": "89ce8c0f423ffff", "id": 507, "m_osm": 273.38896851940262, "total_ciclo_km": null, "phanto_ciclo_km": null, "valdchil_osm_full_network_component": 1, "valdchil_osm_full_network_comp_intersect": 273.38896851940257, "valdchil_osm_full_network_comp_total": 761655.25169693318 }, "geometry": { "type": "Polygon", "coordinates": [ [ [ 650906.371360459597781, 5586374.991278996691108 ], [ 650977.83628474874422, 5586547.176891931332648 ], [ 650868.790626688860357, 5586711.977879128418863 ], [ 650688.277085999958217, 5586704.596634777262807 ], [ 650616.808169971336611, 5586532.410194784402847 ], [ 650725.856786502059549, 5586367.605826178565621 ], [ 650906.371360459597781, 5586374.991278996691108 ] ] ] } },
{ "type": "Feature", "properties": { "h3_index": "89ce8c0f027ffff", "id": 508, "m_osm": 763.41268431911874, "total_ciclo_km": null, "phanto_ciclo_km": null, "valdchil_osm_full_network_component": 1, "valdchil_osm_full_network_comp_intersect": 763.41268431911863, "valdchil_osm_full_network_comp_total": 761655.25169693318 }, "geometry": { "type": "Polygon", "coordinates": [ [ [ 650353.758847141172737, 5588891.220715985633433 ], [ 650425.224850476835854, 5589063.372437482699752 ], [ 650316.181186370784417, 5589228.170793162658811 ], [ 650135.66856206045486, 5589220.820812326855958 ], [ 650064.198564690654166, 5589048.668267955072224 ], [ 650173.245185794658028, 5588883.866527277044952 ], [ 650353.758847141172737, 5588891.220715985633433 ] ] ] } },
{ "type": "Feature", "properties": { "h3_index": "89ce8c05197ffff", "id": 509, "m_osm": 239.64676512307042, "total_ciclo_km": null, "phanto_ciclo_km": null, "valdchil_osm_full_network_component": 12128, "valdchil_osm_full_network_comp_intersect": 239.64676512307042, "valdchil_osm_full_network_comp_total": 708.33542343182603 }, "geometry": { "type": "Polygon", "coordinates": [ [ [ 637682.639169151429087, 5585325.675430004484951 ], [ 637754.310608647298068, 5585498.030602257698774 ], [ 637645.13421829463914, 5585662.980198103934526 ], [ 637464.283421944244765, 5585655.57800763938576 ], [ 637392.607977963518351, 5585483.222005020827055 ], [ 637501.78733494412154, 5585318.269023209810257 ], [ 637682.639169151429087, 5585325.675430004484951 ] ] ] } },
{ "type": "Feature", "properties": { "h3_index": "89ce8c0f38fffff", "id": 510, "m_osm": 3466.0254898399708, "total_ciclo_km": null, "phanto_ciclo_km": null, "valdchil_osm_full_network_component": 1, "valdchil_osm_full_network_comp_intersect": 3466.0254898399712, "valdchil_osm_full_network_comp_total": 761655.25169693318 }, "geometry": { "type": "Polygon", "coordinates": [ [ [ 650782.530731031671166, 5589924.077299560420215 ], [ 650853.987079136772081, 5590096.207521917298436 ], [ 650744.950569512671791, 5590260.997592920437455 ], [ 650564.454755884129554, 5590253.660827721469104 ], [ 650492.994413473294117, 5590081.52978428453207 ], [ 650602.03387912386097, 5589916.736327105201781 ], [ 650782.530731031671166, 5589924.077299560420215 ] ] ] } },
{ "type": "Feature", "properties": { "h3_index": "89ce8c05c4fffff", "id": 511, "m_osm": 665.59000859619914, "total_ciclo_km": null, "phanto_ciclo_km": null, "valdchil_osm_full_network_component": 1, "valdchil_osm_full_network_comp_intersect": 665.59000859619914, "valdchil_osm_full_network_comp_total": 761655.25169693318 }, "geometry": { "type": "Polygon", "coordinates": [ [ [ 636840.061953137861565, 5588001.834954310208559 ], [ 636911.738599269301631, 5588174.157020434737206 ], [ 636802.562030982226133, 5588339.1066375663504 ], [ 636621.705851497477852, 5588331.737578458152711 ], [ 636550.025198174524121, 5588159.414686399511993 ], [ 636659.204731653560884, 5587994.461679359897971 ], [ 636840.061953137861565, 5588001.834954310208559 ] ] ] } },
{ "type": "Feature", "properties": { "h3_index": "89ce8c0f07bffff", "id": 512, "m_osm": 2444.127495635058, "total_ciclo_km": null, "phanto_ciclo_km": null, "valdchil_osm_full_network_component": 1, "valdchil_osm_full_network_comp_intersect": 2444.1274956350576, "valdchil_osm_full_network_comp_total": 761655.25169693318 }, "geometry": { "type": "Polygon", "coordinates": [ [ [ 651726.258565407944843, 5588777.909417103044689 ], [ 651797.703768980456516, 5588950.047099427320063 ], [ 651688.673028908786364, 5589114.830796970054507 ], [ 651508.194129085401073, 5589107.480196395888925 ], [ 651436.744932956295088, 5588935.341691165231168 ], [ 651545.77862933522556, 5588770.554609393700957 ], [ 651726.258565407944843, 5588777.909417103044689 ] ] ] } },
{ "type": "Feature", "properties": { "h3_index": "89ce8c0f347ffff", "id": 513, "m_osm": 1724.0878314341116, "total_ciclo_km": null, "phanto_ciclo_km": null, "valdchil_osm_full_network_component": 1, "valdchil_osm_full_network_comp_intersect": 1724.0878314341121, "valdchil_osm_full_network_comp_total": 761655.25169693318 }, "geometry": { "type": "Polygon", "coordinates": [ [ [ 651500.748362323734909, 5590799.351903301663697 ], [ 651572.191056999959983, 5590971.459801967255771 ], [ 651463.16403444961179, 5591136.238953772000968 ], [ 651282.691362342564389, 5591128.913593901321292 ], [ 651211.244673490291461, 5590956.804875715635717 ], [ 651320.274651045678183, 5590792.022336896508932 ], [ 651500.748362323734909, 5590799.351903301663697 ] ] ] } },
{ "type": "Feature", "properties": { "h3_index": "89ce8c0516fffff", "id": 514, "m_osm": 1237.7360951839357, "total_ciclo_km": null, "phanto_ciclo_km": null, "valdchil_osm_full_network_component": 1, "valdchil_osm_full_network_comp_intersect": 1237.7360951839357, "valdchil_osm_full_network_comp_total": 761655.25169693318 }, "geometry": { "type": "Polygon", "coordinates": [ [ [ 638252.607557859271765, 5587551.257354192435741 ], [ 638324.263772006961517, 5587723.570320019498467 ], [ 638215.099467936437577, 5587888.506004526279867 ], [ 638034.275985119049437, 5587881.132111853919923 ], [ 637962.615765527123585, 5587708.818319492042065 ], [ 638071.78303432231769, 5587543.879246314056218 ], [ 638252.607557859271765, 5587551.257354192435741 ] ] ] } },
{ "type": "Feature", "properties": { "h3_index": "89ce8c0c65bffff", "id": 515, "m_osm": 1664.9628048616971, "total_ciclo_km": null, "phanto_ciclo_km": null, "valdchil_osm_full_network_component": 1, "valdchil_osm_full_network_comp_intersect": 1664.9628048616964, "valdchil_osm_full_network_comp_total": 761655.25169693318 }, "geometry": { "type": "Polygon", "coordinates": [ [ [ 650053.143303602002561, 5591586.661108404397964 ], [ 650124.605973198194988, 5591758.773102342151105 ], [ 650015.567287455894984, 5591923.565386102534831 ], [ 649835.062976988730952, 5591916.249064609408379 ], [ 649763.596311199944466, 5591744.136252314783633 ], [ 649872.637952196761034, 5591579.340579846873879 ], [ 650053.143303602002561, 5591586.661108404397964 ] ] ] } },
{ "type": "Feature", "properties": { "h3_index": "89ce8c0d047ffff", "id": 517, "m_osm": 139.48640276693695, "total_ciclo_km": null, "phanto_ciclo_km": null, "valdchil_osm_full_network_component": 6230, "valdchil_osm_full_network_comp_intersect": 139.48640276693695, "valdchil_osm_full_network_comp_total": 6295.2298886600975 }, "geometry": { "type": "Polygon", "coordinates": [ [ [ 653000.706636949907988, 5594412.86490395385772 ], [ 653072.115491690579802, 5594584.897504759952426 ], [ 652963.113491546129808, 5594749.647576042450964 ], [ 652782.699685181840323, 5594742.368437617085874 ], [ 652711.286835315986536, 5594570.335023561492562 ], [ 652820.291787067544647, 5594405.581561158411205 ], [ 653000.706636949907988, 5594412.86490395385772 ] ] ] } },
{ "type": "Feature", "properties": { "h3_index": "89ce8c0f273ffff", "id": 518, "m_osm": 3428.537307194636, "total_ciclo_km": null, "phanto_ciclo_km": null, "valdchil_osm_full_network_component": 1, "valdchil_osm_full_network_comp_intersect": 3428.5373071946369, "valdchil_osm_full_network_comp_total": 761655.25169693318 }, "geometry": { "type": "Polygon", "coordinates": [ [ [ 653237.588547751074657, 5589854.727189538069069 ], [ 653309.007285842555575, 5590026.830166201107204 ], [ 653199.994277996360324, 5590191.593555752187967 ], [ 653019.559577486710623, 5590184.25735358800739 ], [ 652948.136847638525069, 5590012.153556009754539 ], [ 653057.152810184168629, 5589847.386781484819949 ], [ 653237.588547751074657, 5589854.727189538069069 ] ] ] } },
{ "type": "Feature", "properties": { "h3_index": "89ce8c0d46bffff", "id": 519, "m_osm": 51.84390821092461, "total_ciclo_km": null, "phanto_ciclo_km": null, "valdchil_osm_full_network_component": 1, "valdchil_osm_full_network_comp_intersect": 51.84390821092461, "valdchil_osm_full_network_comp_total": 761655.25169693318 }, "geometry": { "type": "Polygon", "coordinates": [ [ [ 653188.675365349161439, 5592728.865431315265596 ], [ 653260.086326217511669, 5592900.922891526482999 ], [ 653151.081220562336966, 5593065.676801671274006 ], [ 652970.662201472325251, 5593058.376640385948122 ], [ 652899.24724682723172, 5592886.318364103324711 ], [ 653008.25530517695006, 5592721.561065152287483 ], [ 653188.675365349161439, 5592728.865431315265596 ] ] ] } },
{ "type": "Feature", "properties": { "h3_index": "89ce8c0f30fffff", "id": 520, "m_osm": 1917.0575871274737, "total_ciclo_km": null, "phanto_ciclo_km": null, "valdchil_osm_full_network_component": 1, "valdchil_osm_full_network_comp_intersect": 1917.0575871274737, "valdchil_osm_full_network_comp_total": 761655.25169693318 }, "geometry": { "type": "Polygon", "coordinates": [ [ [ 650959.313532599247992, 5590777.362612056545913 ], [ 651030.764633847633377, 5590949.477116651833057 ], [ 650921.732322456780821, 5591114.262282437644899 ], [ 650741.245954624377191, 5591106.936330828815699 ], [ 650669.790858662454411, 5590934.821006613783538 ], [ 650778.826125376857817, 5590770.032453603111207 ], [ 650959.313532599247992, 5590777.362612056545913 ] ] ] } }
]
}
