{
"type": "FeatureCollection",
"name": "h3_normalization_valdivia",
"crs": { "type": "name", "properties": { "name": "urn:ogc:def:crs:EPSG::32718" } },
"features": [
{ "type": "Feature", "properties": { "h3_index": "89ce8c0e117ffff", "pop_h3": 0.0, "eod_zona": 57 }, "geometry": { "type": "Polygon", "coordinates": [ [ [ 643422.955298933782615, 5587592.883477389812469 ], [ 643494.531817542389035, 5587765.136050390079618 ], [ 643385.41746785887517, 5587930.014897059649229 ], [ 643204.723637894261628, 5587922.644557100720704 ], [ 643133.143119078595191, 5587750.391158234328032 ], [ 643242.260430564056151, 5587585.508925168775022 ], [ 643422.955298933782615, 5587592.883477389812469 ] ] ] } },
{ "type": "Feature", "properties": { "h3_index": "89ce8c0d667ffff", "pop_h3": 0.0, "eod_zona": 33 }, "geometry": { "type": "Polygon", "coordinates": [ [ [ 654410.07435232703574, 5593962.34624273236841 ], [ 654481.462814681231976, 5594134.369802285917103 ], [ 654372.473087681806646, 5594299.105998294427991 ], [ 654192.091947318753228, 5594291.822024613618851 ], [ 654120.699491590843536, 5594119.797651215456426 ], [ 654229.692169728456065, 5593955.058065318502486 ], [ 654410.07435232703574, 5593962.34624273236841 ] ] ] } },
{ "type": "Feature", "properties": { "h3_index": "89ce8c01b5bffff", "pop_h3": 0.0, "eod_zona": 61 }, "geometry": { "type": "Polygon", "coordinates": [ [ [ 650842.286895034485497, 5584510.350091990083456 ], [ 650913.758304441696964, 5584682.566258631646633 ], [ 650804.706605823710561, 5584847.374355343170464 ], [ 650624.180538099724799, 5584839.969664346426725 ], [ 650552.70513817097526, 5584667.752667491324246 ], [ 650661.759796617785469, 5584502.941191822290421 ], [ 650842.286895034485497, 5584510.350091990083456 ] ] ] } },
{ "type": "Feature", "properties": { "h3_index": "89ce8c0a90bffff", "pop_h3": 0.0, "eod_zona": 46 }, "geometry": { "type": "Polygon", "coordinates": [ [ [ 653801.526039861375466, 5584801.046297365799546 ], [ 653872.951068954425864, 5584973.223626938648522 ], [ 653763.928850701660849, 5585137.99827744718641 ], [ 653583.478645525756292, 5585130.59897637180984 ], [ 653512.049628730514087, 5584958.420817416161299 ], [ 653621.074804939213209, 5584793.642788895405829 ], [ 653801.526039861375466, 5584801.046297365799546 ] ] ] } },
{ "type": "Feature", "properties": { "h3_index": "89ce8c0d603ffff", "pop_h3": 0.0, "eod_zona": 33 }, "geometry": { "type": "Polygon", "coordinates": [ [ [ 654522.879323308123276, 5592952.032544429413974 ], [ 654594.269053867668845, 5593124.071016079746187 ], [ 654485.277470465516672, 5593288.809514060616493 ], [ 654304.893204843741842, 5593281.512928870506585 ], [ 654233.499481716891751, 5593109.473641680553555 ], [ 654342.494016906712204, 5592944.731755197048187 ], [ 654522.879323308123276, 5592952.032544429413974 ] ] ] } },
{ "type": "Feature", "properties": { "h3_index": "89ce8c0e233ffff", "pop_h3": 0.0, "eod_zona": 49 }, "geometry": { "type": "Polygon", "coordinates": [ [ [ 646889.255386967444792, 5588242.219370457343757 ], [ 646960.776644602417946, 5588414.421504901722074 ], [ 646851.697641161736101, 5588579.260097962804139 ], [ 646671.094420816283673, 5588571.899942256510258 ], [ 646599.569166061468422, 5588399.696983443573117 ], [ 646708.651128902565688, 5588234.85500468313694 ], [ 646889.255386967444792, 5588242.219370457343757 ] ] ] } },
{ "type": "Feature", "properties": { "h3_index": "89ce8c0d407ffff", "pop_h3": 1038.7778316756198, "eod_zona": 35 }, "geometry": { "type": "Polygon", "coordinates": [ [ [ 652470.723675634944811, 5591853.893415507860482 ], [ 652542.148299242486246, 5592025.973202778957784 ], [ 652433.133714163443074, 5592190.738042593933642 ], [ 652252.691551890457049, 5592183.426483084447682 ], [ 652181.262934370199218, 5592011.345878183841705 ], [ 652290.280473165214062, 5591846.577650398015976 ], [ 652470.723675634944811, 5591853.893415507860482 ] ] ] } },
{ "type": "Feature", "properties": { "h3_index": "89ce8c0f473ffff", "pop_h3": 9.014980308463084, "eod_zona": 61 }, "geometry": { "type": "Polygon", "coordinates": [ [ [ 651737.423200690420344, 5586239.737386783584952 ], [ 651808.87573524878826, 5586411.915562086738646 ], [ 651699.837718680151738, 5586576.707902035675943 ], [ 651519.34420958138071, 5586569.325447512790561 ], [ 651447.887684222310781, 5586397.146445018239319 ], [ 651556.92865889321547, 5586232.350724214687943 ], [ 651737.423200690420344, 5586239.737386783584952 ] ] ] } },
{ "type": "Feature", "properties": { "h3_index": "89ce8c0c0c7ffff", "pop_h3": 0.0, "eod_zona": 49 }, "geometry": { "type": "Polygon", "coordinates": [ [ [ 647269.963087514741346, 5592150.761531841009855 ], [ 647341.466979893040843, 5592322.89661979675293 ], [ 647232.403122103540227, 5592487.717456189915538 ], [ 647051.832415651180781, 5592480.406595316715539 ], [ 646980.324523852905259, 5592308.270689636468887 ], [ 647089.391338053741492, 5592143.44646253157407 ], [ 647269.963087514741346, 5592150.761531841009855 ] ] ] } },
{ "type": "Feature", "properties": { "h3_index": "89ce8c0e2b3ffff", "pop_h3": 0.0, "eod_zona": 49 }, "geometry": { "type": "Polygon", "coordinates": [ [ [ 646712.238695489242673, 5587388.530134567059577 ], [ 646783.765185697935522, 5587560.747981668449938 ], [ 646674.681972163263708, 5587725.591465410776436 ], [ 646494.069308444974013, 5587718.220486674457788 ], [ 646422.538821524009109, 5587546.00181374233216 ], [ 646531.624995163176209, 5587381.154945354908705 ], [ 646712.238695489242673, 5587388.530134567059577 ] ] ] } },
{ "type": "Feature", "properties": { "h3_index": "89ce8c0f263ffff", "pop_h3": 915.4668112029982, "eod_zona": 31 }, "geometry": { "type": "Polygon", "coordinates": [ [ [ 653199.994277997408062, 5590191.593555752187967 ], [ 653271.412596035865135, 5590363.691568985581398 ], [ 653162.400205458980054, 5590528.454200434498489 ], [ 652981.966542491107248, 5590521.122204063460231 ], [ 652910.544232429703698, 5590349.023370477370918 ], [ 653019.559577487874776, 5590184.257353588938713 ], [ 653199.994277997408062, 5590191.593555752187967 ] ] ] } },
{ "type": "Feature", "properties": { "h3_index": "89ce8c08d37ffff", "pop_h3": 749.4192513005579, "eod_zona": 24 }, "geometry": { "type": "Polygon", "coordinates": [ [ [ 654181.090678234351799, 5588708.745509039610624 ], [ 654252.49828496738337, 5588880.855942577123642 ], [ 654143.491062603774481, 5589045.612960093654692 ], [ 653963.073278654366732, 5589038.262927085161209 ], [ 653891.661681916913949, 5588866.15167080797255 ], [ 654000.671859261812642, 5588701.391270258463919 ], [ 654181.090678234351799, 5588708.745509039610624 ] ] ] } },
{ "type": "Feature", "properties": { "h3_index": "89ce8c0f64fffff", "pop_h3": 193.09851466154984, "eod_zona": 48 }, "geometry": { "type": "Polygon", "coordinates": [ [ [ 654042.055486475932412, 5587518.610935998149216 ], [ 654113.468764119315892, 5587690.742026705294847 ], [ 654004.456744779134169, 5587855.504684995859861 ], [ 653824.028492020210251, 5587848.139634072780609 ], [ 653752.611225048778579, 5587676.007718603126705 ], [ 653861.626200291910209, 5587511.241678794845939 ], [ 654042.055486475932412, 5587518.610935998149216 ] ] ] } },
{ "type": "Feature", "properties": { "h3_index": "89ce8c0e193ffff", "pop_h3": 0.0, "eod_zona": 57 }, "geometry": { "type": "Polygon", "coordinates": [ [ [ 643535.570124122314155, 5586581.454930709674954 ], [ 643607.147866444080137, 5586753.72239260468632 ], [ 643498.031627386575565, 5586918.603492469526827 ], [ 643317.334683678112924, 5586911.220515419729054 ], [ 643245.752941962797195, 5586738.952225967310369 ], [ 643354.872143479180522, 5586574.06774109788239 ], [ 643535.570124122314155, 5586581.454930709674954 ] ] ] } },
{ "type": "Feature", "properties": { "h3_index": "89ce8c0f683ffff", "pop_h3": 14.817294389100262, "eod_zona": 46 }, "geometry": { "type": "Polygon", "coordinates": [ [ [ 653109.783401460037567, 5586126.659403695724905 ], [ 653181.215151260490529, 5586298.823532619513571 ], [ 653072.190078995539807, 5586463.601213064044714 ], [ 652891.73029965092428, 5586456.218144646845758 ], [ 652820.294560530222952, 5586284.053188499994576 ], [ 652929.322590203606524, 5586119.272127971053123 ], [ 653109.783401460037567, 5586126.659403695724905 ] ] ] } },
{ "type": "Feature", "properties": { "h3_index": "89ce8c052bbffff", "pop_h3": 0.0, "eod_zona": 51 }, "geometry": { "type": "Polygon", "coordinates": [ [ [ 641404.419177778414451, 5586155.590693851001561 ], [ 641476.030953569570556, 5586327.889590710401535 ], [ 641366.892901932820678, 5586492.795525045134127 ], [ 641186.140110681182705, 5586485.405947898514569 ], [ 641114.524333621840924, 5586313.106222511269152 ], [ 641223.665349211543798, 5586148.196902777068317 ], [ 641404.419177778414451, 5586155.590693851001561 ] ] ] } },
{ "type": "Feature", "properties": { "h3_index": "89ce8c0d52fffff", "pop_h3": 0.0, "eod_zona": 36 }, "geometry": { "type": "Polygon", "coordinates": [ [ [ 650079.64221386006102, 5593787.37580172996968 ], [ 650151.097964430693537, 5593959.452176348306239 ], [ 650042.065983158303425, 5594124.236475856974721 ], [ 649861.575297762872651, 5594116.947792333550751 ], [ 649790.115549513720907, 5593944.870603076182306 ], [ 649899.150484468555078, 5593780.082911957986653 ], [ 650079.64221386006102, 5593787.37580172996968 ] ] ] } },
{ "type": "Feature", "properties": { "h3_index": "89ce8c05193ffff", "pop_h3": 21.386504982186043, "eod_zona": 52 }, "geometry": { "type": "Polygon", "coordinates": [ [ [ 637972.661696730880067, 5585168.133303484879434 ], [ 638044.329132145969197, 5585340.487645138055086 ], [ 637935.155071330373175, 5585505.434601723216474 ], [ 637754.310608648345806, 5585498.030602257698774 ], [ 637682.63916915259324, 5585325.675430004484951 ], [ 637791.816196547588333, 5585160.725087794475257 ], [ 637972.661696730880067, 5585168.133303484879434 ] ] ] } },
{ "type": "Feature", "properties": { "h3_index": "89ce8c0f113ffff", "pop_h3": 80.115314549940862, "eod_zona": 18 }, "geometry": { "type": "Polygon", "coordinates": [ [ [ 649270.608390067936853, 5588847.092613893561065 ], [ 649342.091202412964776, 5589019.257553684525192 ], [ 649233.036952603375539, 5589184.067939873784781 ], [ 649052.496932937065139, 5589176.716771676205099 ], [ 648981.010125480941497, 5589004.551008814014494 ], [ 649090.067332929000258, 5588839.737237196415663 ], [ 649270.608390067936853, 5588847.092613893561065 ] ] ] } },
{ "type": "Feature", "properties": { "h3_index": "89ce8c0f5b7ffff", "pop_h3": 0.0, "eod_zona": 62 }, "geometry": { "type": "Polygon", "coordinates": [ [ [ 648450.255897967959754, 5586443.793318584561348 ], [ 648521.758416373399086, 5586616.006205813027918 ], [ 648412.689223331864923, 5586780.833888602443039 ], [ 648232.114552211016417, 5586773.452066744677722 ], [ 648160.608039516024292, 5586601.238352292217314 ], [ 648269.680192359606735, 5586436.407286897301674 ], [ 648450.255897967959754, 5586443.793318584561348 ] ] ] } },
{ "type": "Feature", "properties": { "h3_index": "89ce8c0f18fffff", "pop_h3": 22.123845951198284, "eod_zona": 18 }, "geometry": { "type": "Polygon", "coordinates": [ [ [ 649018.58011064468883, 5588667.566510900855064 ], [ 649090.067332929000258, 5588839.737237196415663 ], [ 648981.010125480941497, 5589004.551008814014494 ], [ 648800.462737967376597, 5588997.197439416311681 ], [ 648728.971520441118628, 5588825.025889717042446 ], [ 648838.031685795867816, 5588660.208732796832919 ], [ 649018.58011064468883, 5588667.566510900855064 ] ] ] } },
{ "type": "Feature", "properties": { "h3_index": "89ce8c0d62bffff", "pop_h3": 0.0, "eod_zona": 33 }, "geometry": { "type": "Polygon", "coordinates": [ [ [ 654158.299291449948214, 5593783.028719835914671 ], [ 654229.692169728456065, 5593955.058065318502486 ], [ 654120.699491590843536, 5594119.797651215456426 ], [ 653940.310983899165876, 5594112.511281370185316 ], [ 653868.914112110738643, 5593940.481121709570289 ], [ 653977.90974165382795, 5593775.738146047107875 ], [ 654158.299291449948214, 5593783.028719835914671 ] ] ] } },
{ "type": "Feature", "properties": { "h3_index": "89ce8c0e063ffff", "pop_h3": 0.0, "eod_zona": 57 }, "geometry": { "type": "Polygon", "coordinates": [ [ [ 645880.665024626534432, 5587523.881072966381907 ], [ 645952.203917026054114, 5587696.106359679251909 ], [ 645843.113074370776303, 5587860.958494782447815 ], [ 645662.480378972133622, 5587853.588728351518512 ], [ 645590.937488917610608, 5587681.36261594388634 ], [ 645700.031292046536691, 5587516.507095640525222 ], [ 645880.665024626534432, 5587523.881072966381907 ] ] ] } },
{ "type": "Feature", "properties": { "h3_index": "89ce8c0f167ffff", "pop_h3": 0.0, "eod_zona": 4 }, "geometry": { "type": "Polygon", "coordinates": [ [ [ 649120.323885747115128, 5590194.95959420222789 ], [ 649191.80503686517477, 5590367.104674312286079 ], [ 649082.753279719967395, 5590531.912031961604953 ], [ 648902.217414821614511, 5590524.577696761116385 ], [ 648830.732267513987608, 5590352.431795835494995 ], [ 648939.786981424083933, 5590187.621050900779665 ], [ 649120.323885747115128, 5590194.95959420222789 ] ] ] } },
{ "type": "Feature", "properties": { "h3_index": "89ce8c0d65bffff", "pop_h3": 0.0, "eod_zona": 33 }, "geometry": { "type": "Polygon", "coordinates": [ [ [ 655605.095311979181133, 5592995.833152255043387 ], [ 655676.468228755751625, 5593167.858423347584903 ], [ 655567.4872159906663, 5593332.584899839945138 ], [ 655387.130335429450497, 5593325.289493286982179 ], [ 655315.753427162650041, 5593153.263406850397587 ], [ 655424.737391076865606, 5592988.533542287535965 ], [ 655605.095311979181133, 5592995.833152255043387 ] ] ] } },
{ "type": "Feature", "properties": { "h3_index": "89ce8c72597ffff", "pop_h3": 0.0, "eod_zona": 33 }, "geometry": { "type": "Polygon", "coordinates": [ [ [ 655856.818783388240263, 5593175.15563690289855 ], [ 655928.187284909188747, 5593347.175123722292483 ], [ 655819.20922302978579, 5593511.898212023079395 ], [ 655638.859708873438649, 5593504.605201673693955 ], [ 655567.4872159906663, 5593332.584899839945138 ], [ 655676.468228755751625, 5593167.858423347584903 ], [ 655856.818783388240263, 5593175.15563690289855 ] ] ] } },
{ "type": "Feature", "properties": { "h3_index": "89ce8c0f36bffff", "pop_h3": 28.376382100963738, "eod_zona": 34 }, "geometry": { "type": "Polygon", "coordinates": [ [ [ 651425.579909142921679, 5591473.120276581496 ], [ 651497.021766865043901, 5591645.218240795657039 ], [ 651387.995986727648415, 5591809.995869982987642 ], [ 651207.525394426193088, 5591802.678922873921692 ], [ 651136.079541989369318, 5591630.580140266567469 ], [ 651245.108276696526445, 5591465.799123139120638 ], [ 651425.579909142921679, 5591473.120276581496 ] ] ] } },
{ "type": "Feature", "properties": { "h3_index": "89ce8c0f2afffff", "pop_h3": 304.13455102336701, "eod_zona": 13 }, "geometry": { "type": "Polygon", "coordinates": [ [ [ 652192.49388911598362, 5589473.784453757107258 ], [ 652263.929853088222444, 5589645.905604822561145 ], [ 652154.905642969883047, 5589810.681777283549309 ], [ 651974.442513454472646, 5589803.340183601714671 ], [ 651903.002556922729127, 5589631.218210860155523 ], [ 652012.029722595936619, 5589466.438653454184532 ], [ 652192.49388911598362, 5589473.784453757107258 ] ] ] } },
{ "type": "Feature", "properties": { "h3_index": "89ce8c0528fffff", "pop_h3": 0.0, "eod_zona": 51 }, "geometry": { "type": "Polygon", "coordinates": [ [ [ 641694.305356699507684, 5585998.079610578715801 ], [ 641765.913131623528898, 5586170.37767867743969 ], [ 641656.77741194574628, 5586335.280976225621998 ], [ 641476.030953569570556, 5586327.889590710401535 ], [ 641404.419177778414451, 5586155.590693851001561 ], [ 641513.557861358509399, 5585990.684011247940361 ], [ 641694.305356699507684, 5585998.079610578715801 ] ] ] } },
{ "type": "Feature", "properties": { "h3_index": "89ce8c08db3ffff", "pop_h3": 619.80252175389944, "eod_zona": 24 }, "geometry": { "type": "Polygon", "coordinates": [ [ [ 654293.890685239108279, 5587698.10888340510428 ], [ 654365.299553584307432, 5587870.234192301519215 ], [ 654256.290489876060747, 5588034.993468953296542 ], [ 654075.869602318271063, 5588027.630818325094879 ], [ 654004.456744779134169, 5587855.504684995859861 ], [ 654113.468764119315892, 5587690.742026705294847 ], [ 654293.890685239108279, 5587698.10888340510428 ] ] ] } },
{ "type": "Feature", "properties": { "h3_index": "89ce8c0f283ffff", "pop_h3": 711.14876649953885, "eod_zona": 21 }, "geometry": { "type": "Polygon", "coordinates": [ [ [ 652846.634253029711545, 5588485.132252313196659 ], [ 652918.0630713874707, 5588657.261681054718792 ], [ 652809.042303191032261, 5588822.034106429666281 ], [ 652628.58976087870542, 5588814.680486375465989 ], [ 652557.156951311742887, 5588642.550234363414347 ], [ 652666.180675395065919, 5588477.774425652809441 ], [ 652846.634253029711545, 5588485.132252313196659 ] ] ] } },
{ "type": "Feature", "properties": { "h3_index": "89ce8c0f10fffff", "pop_h3": 3.8275882401377275, "eod_zona": 4 }, "geometry": { "type": "Polygon", "coordinates": [ [ [ 649195.465722512220964, 5589521.037546411156654 ], [ 649266.947704409016296, 5589693.192558006383479 ], [ 649157.894700120552443, 5589858.001431768760085 ], [ 648977.356756860739551, 5589850.658680271357298 ], [ 648905.870779315242544, 5589678.502846736460924 ], [ 649014.926740805618465, 5589513.690586615353823 ], [ 649195.465722512220964, 5589521.037546411156654 ] ] ] } },
{ "type": "Feature", "properties": { "h3_index": "89ce8c0f6cfffff", "pop_h3": 99.201761449251023, "eod_zona": 48 }, "geometry": { "type": "Polygon", "coordinates": [ [ [ 653865.403671483043581, 5586665.281863442622125 ], [ 653936.822197468136437, 5586837.428647804073989 ], [ 653827.805995819158852, 5587002.19618723820895 ], [ 653647.368311714730226, 5586994.820322746410966 ], [ 653575.945796809974127, 5586822.672712158411741 ], [ 653684.96495506237261, 5586657.901792260818183 ], [ 653865.403671483043581, 5586665.281863442622125 ] ] ] } },
{ "type": "Feature", "properties": { "h3_index": "89ce8c0c61bffff", "pop_h3": 393.38887364271335, "eod_zona": 4 }, "geometry": { "type": "Polygon", "coordinates": [ [ [ 649259.619014293886721, 5591385.253422793932259 ], [ 649331.094505993882194, 5591557.377811302430928 ], [ 649222.047578447614796, 5591722.179499070160091 ], [ 649041.522203486063518, 5591714.860187103971839 ], [ 648970.042714920011349, 5591542.734979805536568 ], [ 649079.092598311952315, 5591377.929903239943087 ], [ 649259.619014293886721, 5591385.253422793932259 ] ] ] } },
{ "type": "Feature", "properties": { "h3_index": "89ce8c0d58bffff", "pop_h3": 36.609727875251238, "eod_zona": 36 }, "geometry": { "type": "Polygon", "coordinates": [ [ [ 650808.989917506463826, 5592124.926918818615377 ], [ 650880.439347004285082, 5592297.021549997851253 ], [ 650771.409525425173342, 5592461.803666886873543 ], [ 650590.927320026559755, 5592454.494541652500629 ], [ 650519.473894737311639, 5592282.399093112908304 ], [ 650628.506670768954791, 5592117.613587142899632 ], [ 650808.989917506463826, 5592124.926918818615377 ] ] ] } },
{ "type": "Feature", "properties": { "h3_index": "89ce8c0f123ffff", "pop_h3": 0.0, "eod_zona": 4 }, "geometry": { "type": "Polygon", "coordinates": [ [ [ 648616.267172784311697, 5589835.972584137693048 ], [ 648687.757146383984946, 5590008.12923938408494 ], [ 648578.699475437868387, 5590172.94337147846818 ], [ 648398.148873718921095, 5590165.604235333390534 ], [ 648326.654903662740253, 5589993.446758610196412 ], [ 648435.715531910769641, 5589828.62923948187381 ], [ 648616.267172784311697, 5589835.972584137693048 ] ] ] } },
{ "type": "Feature", "properties": { "h3_index": "89ce8c0e05bffff", "pop_h3": 0.0, "eod_zona": 49 }, "geometry": { "type": "Polygon", "coordinates": [ [ [ 646787.352781079825945, 5586714.390337951481342 ], [ 646858.880094506428577, 5586886.618106462992728 ], [ 646749.795631903456524, 5587051.463091498240829 ], [ 646569.18089545762632, 5587044.083691713400185 ], [ 646497.649585856124759, 5586871.85509623773396 ], [ 646606.737009004107676, 5586707.006727489642799 ], [ 646787.352781079825945, 5586714.390337951481342 ] ] ] } },
{ "type": "Feature", "properties": { "h3_index": "89ce8c0d40bffff", "pop_h3": 137.08730190738757, "eod_zona": 35 }, "geometry": { "type": "Polygon", "coordinates": [ [ [ 653012.025893909391016, 5591875.839529033750296 ], [ 653083.442110441741534, 5592047.912712823599577 ], [ 652974.43281228793785, 5592212.671539946459234 ], [ 652794.004344334243797, 5592205.360571017488837 ], [ 652722.584134428761899, 5592033.286569699645042 ], [ 652831.596385978511535, 5591868.524354819208384 ], [ 653012.025893909391016, 5591875.839529033750296 ] ] ] } },
{ "type": "Feature", "properties": { "h3_index": "89ce8c0f027ffff", "pop_h3": 99.999746534253404, "eod_zona": 14 }, "geometry": { "type": "Polygon", "coordinates": [ [ [ 650353.758847143268213, 5588891.220715986564755 ], [ 650425.224850478, 5589063.372437483631074 ], [ 650316.181186372879893, 5589228.170793163590133 ], [ 650135.66856206045486, 5589220.820812324993312 ], [ 650064.198564691701904, 5589048.668267956003547 ], [ 650173.245185796869919, 5588883.866527277044952 ], [ 650353.758847143268213, 5588891.220715986564755 ] ] ] } },
{ "type": "Feature", "properties": { "h3_index": "89ce8c0e2a3ffff", "pop_h3": 0.0, "eod_zona": 49 }, "geometry": { "type": "Polygon", "coordinates": [ [ [ 646674.681972163263708, 5587725.591465410776436 ], [ 646746.208050637273118, 5587897.804350570775568 ], [ 646637.125462247407995, 5588062.647082284092903 ], [ 646456.513835624558851, 5588055.280313923023641 ], [ 646384.983760167728178, 5587883.0666034957394 ], [ 646494.069308444974013, 5587718.220486674457788 ], [ 646674.681972163263708, 5587725.591465410776436 ] ] ] } },
{ "type": "Feature", "properties": { "h3_index": "89ce8c0f4a7ffff", "pop_h3": 0.0, "eod_zona": 45 }, "geometry": { "type": "Polygon", "coordinates": [ [ [ 650439.969813842792064, 5585678.818761838600039 ], [ 650511.443968262523413, 5585851.020897376351058 ], [ 650402.391775547293946, 5586015.829394268803298 ], [ 650221.862469311803579, 5586008.439136289060116 ], [ 650150.384323154576123, 5585836.236172462813556 ], [ 650259.439475098159164, 5585671.42429487966001 ], [ 650439.969813842792064, 5585678.818761838600039 ] ] ] } },
{ "type": "Feature", "properties": { "h3_index": "89ce8c0c293ffff", "pop_h3": 0.0, "eod_zona": 1 }, "geometry": { "type": "Polygon", "coordinates": [ [ [ 648567.754084092215635, 5592711.002666906453669 ], [ 648639.236322956974618, 5592883.113777838647366 ], [ 648530.186615572543815, 5593047.918425158597529 ], [ 648349.651714160805568, 5593040.6153523940593 ], [ 648278.165476815425791, 5592868.50342483446002 ], [ 648387.218139490811154, 5592703.695386643521488 ], [ 648567.754084092215635, 5592711.002666906453669 ] ] ] } },
{ "type": "Feature", "properties": { "h3_index": "89ce8c05ab7ffff", "pop_h3": 8.9603989319955417, "eod_zona": 58 }, "geometry": { "type": "Polygon", "coordinates": [ [ [ 636540.069336517830379, 5590699.848032610490918 ], [ 636611.742774435086176, 5590872.130316018126905 ], [ 636502.571349820122123, 5591037.073869823478162 ], [ 636321.723523981403559, 5591029.738533827476203 ], [ 636250.046076708007604, 5590857.455429015681148 ], [ 636359.220464757177979, 5590692.508481579832733 ], [ 636540.069336517830379, 5590699.848032610490918 ] ] ] } },
{ "type": "Feature", "properties": { "h3_index": "89ce8c0d0d3ffff", "pop_h3": 45.230492011131417, "eod_zona": 37 }, "geometry": { "type": "Polygon", "coordinates": [ [ [ 653151.081220563384704, 5593065.676801671274006 ], [ 653222.491760369855911, 5593237.729291641153395 ], [ 653113.487275006948039, 5593402.482435854151845 ], [ 652933.069297489942983, 5593395.186479341238737 ], [ 652861.654763635830022, 5593223.133173866197467 ], [ 652970.662201473489404, 5593058.376640386879444 ], [ 653151.081220563384704, 5593065.676801671274006 ] ] ] } },
{ "type": "Feature", "properties": { "h3_index": "89ce8c0d087ffff", "pop_h3": 74.317093424761893, "eod_zona": 37 }, "geometry": { "type": "Polygon", "coordinates": [ [ [ 652030.910942626651376, 5593358.703749521635473 ], [ 652102.337881027022377, 5593530.764472614973783 ], [ 651993.32345006801188, 5593695.5288753984496 ], [ 651812.879127941909246, 5593688.235945231281221 ], [ 651741.448194148368202, 5593516.174406995996833 ], [ 651850.465578002622351, 5593351.406614050269127 ], [ 652030.910942626651376, 5593358.703749521635473 ] ] ] } },
{ "type": "Feature", "properties": { "h3_index": "89ce8c0f037ffff", "pop_h3": 108.28957347377303, "eod_zona": 42 }, "geometry": { "type": "Polygon", "coordinates": [ [ [ 650391.33671204035636, 5588554.264921717345715 ], [ 650462.803131719119847, 5588726.421605463139713 ], [ 650353.758847143268213, 5588891.220715986564755 ], [ 650173.245185796869919, 5588883.866527277044952 ], [ 650101.774772351142019, 5588711.709020091220737 ], [ 650210.822014145087451, 5588546.906525033526123 ], [ 650391.33671204035636, 5588554.264921717345715 ] ] ] } },
{ "type": "Feature", "properties": { "h3_index": "89ce8c0d04fffff", "pop_h3": 0.0, "eod_zona": 37 }, "geometry": { "type": "Polygon", "coordinates": [ [ [ 653252.522973640356213, 5594592.178451211191714 ], [ 653323.927411921089515, 5594764.205264762975276 ], [ 653214.928363114362583, 5594928.951944801025093 ], [ 653034.52192481700331, 5594921.67520251031965 ], [ 652963.113491546129808, 5594749.647576043382287 ], [ 653072.115491691743955, 5594584.897504760883749 ], [ 653252.522973640356213, 5594592.178451211191714 ] ] ] } },
{ "type": "Feature", "properties": { "h3_index": "89ce8c0d00fffff", "pop_h3": 76.042747472964109, "eod_zona": 37 }, "geometry": { "type": "Polygon", "coordinates": [ [ [ 652459.448394589708187, 5594391.014287081547081 ], [ 652530.865660834591836, 5594563.05348880123347 ], [ 652421.858379961922765, 5594727.80957259144634 ], [ 652241.430881047388539, 5594720.529845976270735 ], [ 652170.009619140066206, 5594548.489830911159515 ], [ 652279.019851939752698, 5594383.730355785228312 ], [ 652459.448394589708187, 5594391.014287081547081 ] ] ] } },
{ "type": "Feature", "properties": { "h3_index": "89ce8c01b2bffff", "pop_h3": 0.0, "eod_zona": 59 }, "geometry": { "type": "Polygon", "coordinates": [ [ [ 649394.29132830305025, 5585297.407385975122452 ], [ 649465.782694348599762, 5585469.627701370045543 ], [ 649356.719281431520358, 5585634.4489751374349 ], [ 649176.161542515037581, 5585627.053314144723117 ], [ 649104.666183931054547, 5585454.832169697619975 ], [ 649213.732556930161081, 5585290.007515273056924 ], [ 649394.29132830305025, 5585297.407385975122452 ] ] ] } },
{ "type": "Feature", "properties": { "h3_index": "89ce8c0e2d3ffff", "pop_h3": 0.0, "eod_zona": 62 }, "geometry": { "type": "Polygon", "coordinates": [ [ [ 648123.043020989862271, 5586938.282383322715759 ], [ 648194.54912059858907, 5587110.491138664074242 ], [ 648085.478211403242312, 5587275.320705500431359 ], [ 647904.898243090952747, 5587267.944900384172797 ], [ 647833.388148516765796, 5587095.7353186160326 ], [ 647942.462017347454093, 5586930.902368368580937 ], [ 648123.043020989862271, 5586938.282383322715759 ] ] ] } },
{ "type": "Feature", "properties": { "h3_index": "89ce8c0f3c7ffff", "pop_h3": 517.00598743300156, "eod_zona": 10 }, "geometry": { "type": "Polygon", "coordinates": [ [ [ 651323.993893463164568, 5589946.099031168036163 ], [ 651395.441836325451732, 5590118.222646567970514 ], [ 651286.410617540939711, 5590283.006703390739858 ], [ 651105.928500314475968, 5590275.670530747622252 ], [ 651034.476563679869287, 5590103.546094365417957 ], [ 651143.510738174198195, 5589938.758651583455503 ], [ 651323.993893463164568, 5589946.099031168036163 ] ] ] } },
{ "type": "Feature", "properties": { "h3_index": "89ce8c0c623ffff", "pop_h3": 262.7991051538242, "eod_zona": 2 }, "geometry": { "type": "Polygon", "coordinates": [ [ [ 648353.297708598314784, 5592194.647810117341578 ], [ 648424.784776801476255, 5592366.76968290656805 ], [ 648315.731486674398184, 5592531.578486060723662 ], [ 648135.188172696623951, 5592524.268806681968272 ], [ 648063.697106145205908, 5592352.146116369403899 ], [ 648172.753352049272507, 5592187.33392293471843 ], [ 648353.297708598314784, 5592194.647810117341578 ] ] ] } },
{ "type": "Feature", "properties": { "h3_index": "89ce8c0f607ffff", "pop_h3": 796.87698552473159, "eod_zona": 65 }, "geometry": { "type": "Polygon", "coordinates": [ [ [ 652997.004019747371785, 5587137.467722062952816 ], [ 653068.434513705899008, 5587309.616984408348799 ], [ 652959.411283611203544, 5587474.392418207600713 ], [ 652778.95460292766802, 5587467.021971118636429 ], [ 652707.520118834683672, 5587294.871883245185018 ], [ 652816.546305688796565, 5587130.093067964538932 ], [ 652997.004019747371785, 5587137.467722062952816 ] ] ] } },
{ "type": "Feature", "properties": { "h3_index": "89ce8c0d64bffff", "pop_h3": 0.0, "eod_zona": 33 }, "geometry": { "type": "Polygon", "coordinates": [ [ [ 655567.4872159906663, 5593332.584899839945138 ], [ 655638.859708873438649, 5593504.605201673693955 ], [ 655529.879312828066759, 5593669.330911752767861 ], [ 655349.523473092122003, 5593662.039708509109914 ], [ 655278.146988447755575, 5593490.018591899424791 ], [ 655387.130335429450497, 5593325.289493286982179 ], [ 655567.4872159906663, 5593332.584899839945138 ] ] ] } },
{ "type": "Feature", "properties": { "h3_index": "89ce8c0f373ffff", "pop_h3": 76.052165221503401, "eod_zona": 41 }, "geometry": { "type": "Polygon", "coordinates": [ [ [ 651211.244673489127308, 5590956.804875716567039 ], [ 651282.69136234477628, 5591128.913593901321292 ], [ 651173.662006009952165, 5591293.695372332818806 ], [ 650993.183005893835798, 5591286.371819909662008 ], [ 650921.732322460156865, 5591114.262282438576221 ], [ 651030.764633849728853, 5590949.477116650901735 ], [ 651211.244673489127308, 5590956.804875716567039 ] ] ] } },
{ "type": "Feature", "properties": { "h3_index": "89ce8c01a2bffff", "pop_h3": 0.0, "eod_zona": 61 }, "geometry": { "type": "Polygon", "coordinates": [ [ [ 651421.424368856474757, 5584195.55826595518738 ], [ 651492.887798433424905, 5584367.772771466523409 ], [ 651383.840789537876844, 5584532.575596530921757 ], [ 651203.327391467988491, 5584525.16729433555156 ], [ 651131.859972174745053, 5584352.951958143152297 ], [ 651240.909940795390867, 5584188.145754800178111 ], [ 651421.424368856474757, 5584195.55826595518738 ] ] ] } },
{ "type": "Feature", "properties": { "h3_index": "89ce8c0f547ffff", "pop_h3": 997.76079810682336, "eod_zona": 63 }, "geometry": { "type": "Polygon", "coordinates": [ [ [ 650000.079989993129857, 5587184.258324333466589 ], [ 650071.556475401041098, 5587356.441459299065173 ], [ 649962.504415831528604, 5587521.249594974331558 ], [ 649781.972912577330135, 5587513.877978558652103 ], [ 649710.492433947976679, 5587341.694017795845866 ], [ 649819.547451923019253, 5587176.882499228231609 ], [ 650000.079989993129857, 5587184.258324333466589 ] ] ] } },
{ "type": "Feature", "properties": { "h3_index": "89ce8c0d4c7ffff", "pop_h3": 18.597143214732945, "eod_zona": 35 }, "geometry": { "type": "Polygon", "coordinates": [ [ [ 653087.212653317954391, 5591202.158318242058158 ], [ 653158.629710697219707, 5591374.24143626820296 ], [ 653049.619174360763282, 5591539.001787886023521 ], [ 652869.188626938615926, 5591531.682408282533288 ], [ 652797.76757672498934, 5591359.598471598699689 ], [ 652906.781066893832758, 5591194.834733149968088 ], [ 653087.212653317954391, 5591202.158318242058158 ] ] ] } },
{ "type": "Feature", "properties": { "h3_index": "89ce8c0f687ffff", "pop_h3": 0.0, "eod_zona": 46 }, "geometry": { "type": "Polygon", "coordinates": [ [ [ 652820.294560530222952, 5586284.053188499994576 ], [ 652891.73029965092428, 5586456.218144646845758 ], [ 652782.702883845078759, 5586620.998457682318985 ], [ 652602.236771585186943, 5586613.617194973863661 ], [ 652530.797042738529854, 5586441.451411835849285 ], [ 652639.827416006824933, 5586276.667718375101686 ], [ 652820.294560530222952, 5586284.053188499994576 ] ] ] } },
{ "type": "Feature", "properties": { "h3_index": "89ce8c0e243ffff", "pop_h3": 0.0, "eod_zona": 62 }, "geometry": { "type": "Polygon", "coordinates": [ [ [ 648262.424608463654295, 5588128.93907290417701 ], [ 648333.925059253931977, 5588301.127159161493182 ], [ 648224.858977278810926, 5588465.95108631439507 ], [ 648044.289485936285928, 5588458.590312115848064 ], [ 647972.785039501381107, 5588286.401401455514133 ], [ 648081.854080187156796, 5588121.574089375324547 ], [ 648262.424608463654295, 5588128.93907290417701 ] ] ] } },
{ "type": "Feature", "properties": { "h3_index": "89ce8c0d6abffff", "pop_h3": 125.15294161301581, "eod_zona": 33 }, "geometry": { "type": "Polygon", "coordinates": [ [ [ 653981.709711034200154, 5592930.129587013274431 ], [ 654053.107849167659879, 5593102.174659699201584 ], [ 653944.11098075134214, 5593266.919169078581035 ], [ 653763.713022222742438, 5593259.621994463726878 ], [ 653692.310890981694683, 5593087.576106137596071 ], [ 653801.310711507918313, 5592922.828208042308688 ], [ 653981.709711034200154, 5592930.129587013274431 ] ] ] } },
{ "type": "Feature", "properties": { "h3_index": "89ce8c0f5cbffff", "pop_h3": 944.41306129831207, "eod_zona": 45 }, "geometry": { "type": "Polygon", "coordinates": [ [ [ 650364.813939362298697, 5586352.834324279800057 ], [ 650436.28726303356234, 5586525.026548160240054 ], [ 650327.236305614118464, 5586689.833550127223134 ], [ 650146.709065864095464, 5586682.451709809713066 ], [ 650075.231749917147681, 5586510.258658769540489 ], [ 650184.285666126874276, 5586345.448275179602206 ], [ 650364.813939362298697, 5586352.834324279800057 ] ] ] } },
{ "type": "Feature", "properties": { "h3_index": "89ce8c0f0dbffff", "pop_h3": 1339.3639163040266, "eod_zona": 22 }, "geometry": { "type": "Polygon", "coordinates": [ [ [ 652166.114282230613753, 5587272.752743493765593 ], [ 652237.557165682897903, 5587444.909439772367477 ], [ 652128.526295950403437, 5587609.69351805280894 ], [ 651948.049585768021643, 5587602.324282063171268 ], [ 651876.602711241692305, 5587430.166760390624404 ], [ 651985.636538103222847, 5587265.379300077445805 ], [ 652166.114282230613753, 5587272.752743493765593 ] ] ] } },
{ "type": "Feature", "properties": { "h3_index": "89ce8c0f153ffff", "pop_h3": 96.764604503780092, "eod_zona": 14 }, "geometry": { "type": "Polygon", "coordinates": [ [ [ 650064.198564691701904, 5589048.668267956003547 ], [ 650135.66856206045486, 5589220.820812324993312 ], [ 650026.622562050935812, 5589385.621797705069184 ], [ 649846.103607750730589, 5589378.273624029941857 ], [ 649774.629615942016244, 5589206.12025701906532 ], [ 649883.678573001874611, 5589041.315886301919818 ], [ 650064.198564691701904, 5589048.668267956003547 ] ] ] } },
{ "type": "Feature", "properties": { "h3_index": "89ce8c0e14bffff", "pop_h3": 0.0, "eod_zona": 57 }, "geometry": { "type": "Polygon", "coordinates": [ [ [ 644721.702892336412333, 5588153.833892276510596 ], [ 644793.257777776219882, 5588326.062480386346579 ], [ 644684.157603967818432, 5588490.925147508271039 ], [ 644503.499584174947813, 5588483.562613053247333 ], [ 644431.940699467435479, 5588311.333200174383819 ], [ 644541.043833950650878, 5588146.467146497219801 ], [ 644721.702892336412333, 5588153.833892276510596 ] ] ] } },
{ "type": "Feature", "properties": { "h3_index": "89ce8c050a7ffff", "pop_h3": 0.0, "eod_zona": 51 }, "geometry": { "type": "Polygon", "coordinates": [ [ [ 639057.638760739355348, 5585212.578407795168459 ], [ 639129.289379714173265, 5585384.919503459706903 ], [ 639020.125911843730137, 5585549.854410907253623 ], [ 638839.308859193813987, 5585542.451607861556113 ], [ 638767.654237213195302, 5585370.109681801870465 ], [ 638876.82067102054134, 5585205.171389157883823 ], [ 639057.638760739355348, 5585212.578407795168459 ] ] ] } },
{ "type": "Feature", "properties": { "h3_index": "89ce8c0f3afffff", "pop_h3": 559.27506825166142, "eod_zona": 8 }, "geometry": { "type": "Polygon", "coordinates": [ [ [ 650165.872590998304076, 5590575.913896085694432 ], [ 650237.336511362460442, 5590748.040794013999403 ], [ 650128.29595569614321, 5590912.835361656732857 ], [ 649947.788523880415596, 5590905.506418664008379 ], [ 649876.320608128444292, 5590733.378700686618686 ], [ 649985.364119708188809, 5590568.580745726823807 ], [ 650165.872590998304076, 5590575.913896085694432 ] ] ] } },
{ "type": "Feature", "properties": { "h3_index": "89ce8c0c6dbffff", "pop_h3": 121.69271575306612, "eod_zona": 8 }, "geometry": { "type": "Polygon", "coordinates": [ [ [ 649876.320608128444292, 5590733.378700686618686 ], [ 649947.788523880415596, 5590905.506418664008379 ], [ 649838.745635423576459, 5591070.303613713011146 ], [ 649658.231875384808518, 5591062.976478422060609 ], [ 649586.759963843971491, 5590890.847940625622869 ], [ 649695.805808261269704, 5590726.047357918694615 ], [ 649876.320608128444292, 5590733.378700686618686 ] ] ] } },
{ "type": "Feature", "properties": { "h3_index": "89ce8c0c67bffff", "pop_h3": 43.629122501354793, "eod_zona": 1 }, "geometry": { "type": "Polygon", "coordinates": [ [ [ 649436.467975682578981, 5592238.526996640488505 ], [ 649507.938221524120308, 5592410.635656291618943 ], [ 649398.895499875769019, 5592575.432427948340774 ], [ 649218.379577378975227, 5592568.123929780907929 ], [ 649146.905334269395098, 5592396.014452805742621 ], [ 649255.951011055032723, 5592231.214291295036674 ], [ 649436.467975682578981, 5592238.526996640488505 ] ] ] } },
{ "type": "Feature", "properties": { "h3_index": "89ce8c0d68fffff", "pop_h3": 0.0, "eod_zona": 33 }, "geometry": { "type": "Polygon", "coordinates": [ [ [ 654308.700457225204445, 5592435.895621259696782 ], [ 654380.095024877227843, 5592607.944846880622208 ], [ 654271.099871478741989, 5592772.687498384155333 ], [ 654090.707198283053003, 5592765.384312153793871 ], [ 654019.308638196554966, 5592593.334270096383989 ], [ 654128.306743870023638, 5592428.588230680674314 ], [ 654308.700457225204445, 5592435.895621259696782 ] ] ] } },
{ "type": "Feature", "properties": { "h3_index": "89ce8c0d0d7ffff", "pop_h3": 861.7298507137499, "eod_zona": 37 }, "geometry": { "type": "Polygon", "coordinates": [ [ [ 652861.654763635830022, 5593223.133173866197467 ], [ 652933.069297489942983, 5593395.186479341238737 ], [ 652824.062480566324666, 5593559.942246434278786 ], [ 652643.638177387765609, 5593552.648097638040781 ], [ 652572.219649084028788, 5593380.59397688973695 ], [ 652681.229418534552678, 5593215.834820189513266 ], [ 652861.654763635830022, 5593223.133173866197467 ] ] ] } },
{ "type": "Feature", "properties": { "h3_index": "89ce8c0d0cbffff", "pop_h3": 26.302005916919622, "eod_zona": 37 }, "geometry": { "type": "Polygon", "coordinates": [ [ [ 653365.308003653073683, 5593581.823514303192496 ], [ 653436.713706910610199, 5593753.865246718749404 ], [ 653327.712794232764281, 5593918.614234223030508 ], [ 653147.303226440795697, 5593911.324879144318402 ], [ 653075.893529004300945, 5593739.282332119531929 ], [ 653184.897393669001758, 5593574.529954760335386 ], [ 653365.308003653073683, 5593581.823514303192496 ] ] ] } },
{ "type": "Feature", "properties": { "h3_index": "89ce8c0d0dbffff", "pop_h3": 54.803944302368379, "eod_zona": 33 }, "geometry": { "type": "Polygon", "coordinates": [ [ [ 653402.903412058949471, 5593245.027055751532316 ], [ 653474.309536809218116, 5593417.073759485036135 ], [ 653365.308003653073683, 5593581.823514303192496 ], [ 653184.897393669001758, 5593574.529954760335386 ], [ 653113.487275006948039, 5593402.482435854151845 ], [ 653222.491760369855911, 5593237.729291641153395 ], [ 653402.903412058949471, 5593245.027055751532316 ] ] ] } },
{ "type": "Feature", "properties": { "h3_index": "89ce8c0f32bffff", "pop_h3": 123.99342453494098, "eod_zona": 56 }, "geometry": { "type": "Polygon", "coordinates": [ [ [ 650632.211309974314645, 5591271.724123462103307 ], [ 650703.665988392662257, 5591443.83447998855263 ], [ 650594.631966209504753, 5591608.62151132337749 ], [ 650414.140310580609366, 5591601.301574135199189 ], [ 650342.681636775145307, 5591429.190398787148297 ], [ 650451.718614114797674, 5591264.399979424662888 ], [ 650632.211309974314645, 5591271.724123462103307 ] ] ] } },
{ "type": "Feature", "properties": { "h3_index": "89ce8c0e263ffff", "pop_h3": 0.0, "eod_zona": 49 }, "geometry": { "type": "Polygon", "coordinates": [ [ [ 647645.574495270615444, 5588780.887094032019377 ], [ 647717.08252451790031, 5588953.071865070611238 ], [ 647608.012397667393088, 5589117.900300290435553 ], [ 647427.431283103767782, 5589110.547350522130728 ], [ 647355.919257136178203, 5588938.361756112426519 ], [ 647464.992342580808327, 5588773.529934818856418 ], [ 647645.574495270615444, 5588780.887094032019377 ] ] ] } },
{ "type": "Feature", "properties": { "h3_index": "89ce8c0d673ffff", "pop_h3": 0.0, "eod_zona": 33 }, "geometry": { "type": "Polygon", "coordinates": [ [ [ 654737.043677114299498, 5593468.137204431928694 ], [ 654808.428569580544718, 5593640.164920856244862 ], [ 654699.440555877517909, 5593804.89926335029304 ], [ 654519.064698533387855, 5593797.609278480522335 ], [ 654447.675813364097849, 5593625.580747408792377 ], [ 654556.666778369573876, 5593460.843015830032527 ], [ 654737.043677114299498, 5593468.137204431928694 ] ] ] } },
{ "type": "Feature", "properties": { "h3_index": "89ce8c0f127ffff", "pop_h3": 34.261902043504165, "eod_zona": 49 }, "geometry": { "type": "Polygon", "coordinates": [ [ [ 648326.654903662740253, 5589993.446758610196412 ], [ 648398.148873718921095, 5590165.604235333390534 ], [ 648289.088870302308351, 5590330.420996415428817 ], [ 648108.531939608743414, 5590323.083668122068048 ], [ 648037.033972691162489, 5590150.925370153039694 ], [ 648146.096933459630236, 5589986.105221698991954 ], [ 648326.654903662740253, 5589993.446758610196412 ] ] ] } },
{ "type": "Feature", "properties": { "h3_index": "89ce8c0e24fffff", "pop_h3": 32.100586015601451, "eod_zona": 49 }, "geometry": { "type": "Polygon", "coordinates": [ [ [ 648224.858977278810926, 5588465.95108631439507 ], [ 648296.359014298068359, 5588638.134209911338985 ], [ 648187.293555755633861, 5588802.95738316886127 ], [ 648006.725101829739287, 5588795.600818199105561 ], [ 647935.221068899380043, 5588623.416870764456689 ], [ 648044.289485936285928, 5588458.590312115848064 ], [ 648224.858977278810926, 5588465.95108631439507 ] ] ] } },
{ "type": "Feature", "properties": { "h3_index": "89ce8c0c4c3ffff", "pop_h3": 24.572654816312365, "eod_zona": 49 }, "geometry": { "type": "Polygon", "coordinates": [ [ [ 647822.53042169008404, 5589634.428966249339283 ], [ 647894.033213620074093, 5589806.598019075579941 ], [ 647784.967295229085721, 5589971.421554781496525 ], [ 647604.395627148915082, 5589964.079424763098359 ], [ 647532.888838092680089, 5589791.909550027921796 ], [ 647641.957714371848851, 5589627.082627194933593 ], [ 647822.53042169008404, 5589634.428966249339283 ] ] ] } },
{ "type": "Feature", "properties": { "h3_index": "89ce8c0f00fffff", "pop_h3": 316.55310393239927, "eod_zona": 42 }, "geometry": { "type": "Polygon", "coordinates": [ [ [ 651222.38768930057995, 5588418.904682691209018 ], [ 651293.841712951660156, 5588591.05393417365849 ], [ 651184.805059990263544, 5588755.844400051049888 ], [ 651004.311426662490703, 5588748.488998403772712 ], [ 650932.853410188108683, 5588576.338923349045217 ], [ 651041.893019995186478, 5588411.545073493383825 ], [ 651222.38768930057995, 5588418.904682691209018 ] ] ] } },
{ "type": "Feature", "properties": { "h3_index": "89ce8c0f49bffff", "pop_h3": 0.0, "eod_zona": 61 }, "geometry": { "type": "Polygon", "coordinates": [ [ [ 651635.80983608670067, 5584712.191049660556018 ], [ 651707.268443933222443, 5584884.394822057336569 ], [ 651598.225008636480197, 5585049.193525389768183 ], [ 651417.720006380812265, 5585041.791835171170533 ], [ 651346.257408682024106, 5584869.587232990190387 ], [ 651455.303803217830136, 5584704.7851507877931 ], [ 651635.80983608670067, 5584712.191049660556018 ] ] ] } },
{ "type": "Feature", "properties": { "h3_index": "89ce8c0e203ffff", "pop_h3": 0.0, "eod_zona": 49 }, "geometry": { "type": "Polygon", "coordinates": [ [ [ 647468.601832411251962, 5587927.277464045211673 ], [ 647540.115097012137994, 5588099.47794905398041 ], [ 647431.040762181626633, 5588264.311278118751943 ], [ 647250.450203581131063, 5588256.947507167235017 ], [ 647178.932942664599977, 5588084.746197323314846 ], [ 647288.010236791451462, 5587919.909483241848648 ], [ 647468.601832411251962, 5587927.277464045211673 ] ] ] } },
{ "type": "Feature", "properties": { "h3_index": "89ce8c08967ffff", "pop_h3": 0.0, "eod_zona": 32 }, "geometry": { "type": "Polygon", "coordinates": [ [ [ 654673.288685636944138, 5591604.867337848059833 ], [ 654744.680105993989855, 5591776.925680826418102 ], [ 654635.686053059413098, 5591941.667235221713781 ], [ 654455.297627238323912, 5591934.353833262808621 ], [ 654383.902215388370678, 5591762.294672485440969 ], [ 654492.899220983730629, 5591597.549731443636119 ], [ 654673.288685636944138, 5591604.867337848059833 ] ] ] } },
{ "type": "Feature", "properties": { "h3_index": "89ce8c0f427ffff", "pop_h3": 867.57623410258475, "eod_zona": 45 }, "geometry": { "type": "Polygon", "coordinates": [ [ [ 650616.808169972500764, 5586532.41019478533417 ], [ 650688.277086001005955, 5586704.596634777262807 ], [ 650579.229087104205973, 5586869.400254994630814 ], [ 650398.709213786991313, 5586862.02081694547087 ], [ 650327.236305614118464, 5586689.833550127223134 ], [ 650436.28726303356234, 5586525.026548160240054 ], [ 650616.808169972500764, 5586532.41019478533417 ] ] ] } },
{ "type": "Feature", "properties": { "h3_index": "89ce8c0f20fffff", "pop_h3": 828.82618853182726, "eod_zona": 29 }, "geometry": { "type": "Polygon", "coordinates": [ [ [ 652985.729660634882748, 5589675.278020732104778 ], [ 653057.152810184052214, 5589847.386781485751271 ], [ 652948.136847640620545, 5590012.153556009754539 ], [ 652767.694780701887794, 5590004.814954613335431 ], [ 652696.267639261088334, 5589832.705372614786029 ], [ 652805.286556774983183, 5589667.935213237069547 ], [ 652985.729660634882748, 5589675.278020732104778 ] ] ] } },
{ "type": "Feature", "properties": { "h3_index": "89ce8c0f377ffff", "pop_h3": 216.73711470155573, "eod_zona": 40 }, "geometry": { "type": "Polygon", "coordinates": [ [ [ 650921.732322460156865, 5591114.262282438576221 ], [ 650993.183005893835798, 5591286.371819909662008 ], [ 650884.151316349394619, 5591451.15622485242784 ], [ 650703.665988392662257, 5591443.83447998855263 ], [ 650632.211309974314645, 5591271.724123462103307 ], [ 650741.245954625424929, 5591106.936330828815699 ], [ 650921.732322460156865, 5591114.262282438576221 ] ] ] } },
{ "type": "Feature", "properties": { "h3_index": "89ce8c0e287ffff", "pop_h3": 0.0, "eod_zona": 49 }, "geometry": { "type": "Polygon", "coordinates": [ [ [ 647001.929902056697756, 5587231.062896291725338 ], [ 647073.452395954867825, 5587403.279917328618467 ], [ 646964.371517739491537, 5587568.120767874643207 ], [ 646783.765185697935522, 5587560.747981668449938 ], [ 646712.238695489242673, 5587388.530134567059577 ], [ 646821.32253376126755, 5587223.685899716801941 ], [ 647001.929902056697756, 5587231.062896291725338 ] ] ] } },
{ "type": "Feature", "properties": { "h3_index": "89ce8c0f02bffff", "pop_h3": 422.69825551394877, "eod_zona": 15 }, "geometry": { "type": "Polygon", "coordinates": [ [ [ 650895.27243608282879, 5588913.282094332389534 ], [ 650966.730035588610917, 5589085.427207444794476 ], [ 650857.691664638812654, 5589250.219548524357378 ], [ 650677.192737631965429, 5589242.870161256752908 ], [ 650605.731144629535265, 5589070.724225373007357 ], [ 650714.772472258890048, 5588905.928499508649111 ], [ 650895.27243608282879, 5588913.282094332389534 ] ] ] } },
{ "type": "Feature", "properties": { "h3_index": "89ce8c0e38bffff", "pop_h3": 0.0, "eod_zona": 57 }, "geometry": { "type": "Polygon", "coordinates": [ [ [ 645515.837133082794026, 5588355.518661017529666 ], [ 645587.379201913718134, 5588527.734845846891403 ], [ 645478.287280482938513, 5588692.58810733165592 ], [ 645297.650330259697512, 5588685.228570430539548 ], [ 645226.104262830805965, 5588513.011561263352633 ], [ 645335.199144349899143, 5588348.154913313686848 ], [ 645515.837133082794026, 5588355.518661017529666 ] ] ] } },
{ "type": "Feature", "properties": { "h3_index": "89ce8c0d497ffff", "pop_h3": 56.748211770434615, "eod_zona": 34 }, "geometry": { "type": "Polygon", "coordinates": [ [ [ 652331.618145044194534, 5590663.896301874890924 ], [ 652403.048440365004353, 5590835.99677546415478 ], [ 652294.029041732428595, 5591000.767287201248109 ], [ 652113.576393266906962, 5590993.440711782313883 ], [ 652042.142104706726968, 5590821.339418538846076 ], [ 652151.164457977982238, 5590656.565520346164703 ], [ 652331.618145044194534, 5590663.896301874890924 ] ] ] } },
{ "type": "Feature", "properties": { "h3_index": "89ce8c0f557ffff", "pop_h3": 1104.1515661673884, "eod_zona": 63 }, "geometry": { "type": "Polygon", "coordinates": [ [ [ 650037.655768129974604, 5586847.26134501863271 ], [ 650109.132668848265894, 5587019.449438431300223 ], [ 650000.079989993129857, 5587184.258324333466589 ], [ 649819.547451923019253, 5587176.882499228231609 ], [ 649748.066558253834955, 5587004.693579452112317 ], [ 649857.122195733361878, 5586839.881311123259366 ], [ 650037.655768129974604, 5586847.26134501863271 ] ] ] } },
{ "type": "Feature", "properties": { "h3_index": "89ce8c0f66fffff", "pop_h3": 462.69927027834035, "eod_zona": 47 }, "geometry": { "type": "Polygon", "coordinates": [ [ [ 653425.562843406107277, 5588170.309596472419798 ], [ 653496.983680548379198, 5588342.437377970665693 ], [ 653387.967592431930825, 5588507.204544210806489 ], [ 653207.527711522066966, 5588499.847311585210264 ], [ 653136.102883974323049, 5588327.71870634984225 ], [ 653245.121927876025438, 5588162.948157452046871 ], [ 653425.562843406107277, 5588170.309596472419798 ] ] ] } },
{ "type": "Feature", "properties": { "h3_index": "89ce8c0d61bffff", "pop_h3": 0.0, "eod_zona": 33 }, "geometry": { "type": "Polygon", "coordinates": [ [ [ 654812.250504784984514, 5592794.59587733168155 ], [ 654883.636243179091252, 5592966.633533209562302 ], [ 654774.646993524977006, 5593131.369408515281975 ], [ 654594.269053867668845, 5593124.071016079746187 ], [ 654522.879323308123276, 5592952.032544429413974 ], [ 654631.871524701127782, 5592787.293280962854624 ], [ 654812.250504784984514, 5592794.59587733168155 ] ] ] } },
{ "type": "Feature", "properties": { "h3_index": "89ce8c0e257ffff", "pop_h3": 0.0, "eod_zona": 49 }, "geometry": { "type": "Polygon", "coordinates": [ [ [ 648010.349220336647704, 5587949.380216309800744 ], [ 648081.854080187156796, 5588121.574089375324547 ], [ 647972.785039501381107, 5588286.401401455514133 ], [ 647792.208180116140284, 5588279.038225254975259 ], [ 647720.699324489687569, 5588106.843527456745505 ], [ 647829.77132415259257, 5587942.012830573134124 ], [ 648010.349220336647704, 5587949.380216309800744 ] ] ] } },
{ "type": "Feature", "properties": { "h3_index": "89ce8c0e673ffff", "pop_h3": 0.0, "eod_zona": 62 }, "geometry": { "type": "Polygon", "coordinates": [ [ [ 647946.078861041227356, 5586084.575720878317952 ], [ 648017.59019381843973, 5586256.800179217942059 ], [ 647908.51508090342395, 5586421.634627092629671 ], [ 647727.92567500739824, 5586414.247998960316181 ], [ 647656.410347674041986, 5586242.022712728008628 ], [ 647765.488420924637467, 5586077.184882497414947 ], [ 647946.078861041227356, 5586084.575720878317952 ] ] ] } },
{ "type": "Feature", "properties": { "h3_index": "89ce8c0c663ffff", "pop_h3": 40.397037302492372, "eod_zona": 1 }, "geometry": { "type": "Polygon", "coordinates": [ [ [ 649146.905334269395098, 5592396.014452805742621 ], [ 649218.379577378975227, 5592568.123929780907929 ], [ 649109.334526580059901, 5592732.923326781019568 ], [ 648928.812277609831654, 5592725.6166369644925 ], [ 648857.334036824526265, 5592553.506342896260321 ], [ 648966.382042812183499, 5592388.703555706888437 ], [ 649146.905334269395098, 5592396.014452805742621 ] ] ] } },
{ "type": "Feature", "properties": { "h3_index": "89ce8c725b3ffff", "pop_h3": 0.0, "eod_zona": 33 }, "geometry": { "type": "Polygon", "coordinates": [ [ [ 655529.879312828066759, 5593669.330911752767861 ], [ 655601.251381731941365, 5593841.346243502572179 ], [ 655492.271602807566524, 5594006.07118624728173 ], [ 655311.916804388747551, 5593998.784186214208603 ], [ 655240.540743449819274, 5593826.768040248192847 ], [ 655349.523473092122003, 5593662.039708509109914 ], [ 655529.879312828066759, 5593669.330911752767861 ] ] ] } },
{ "type": "Feature", "properties": { "h3_index": "89ce8c0c28bffff", "pop_h3": 0.0, "eod_zona": 1 }, "geometry": { "type": "Polygon", "coordinates": [ [ [ 648782.195970562752336, 5593227.325236869044602 ], [ 648853.673379082465544, 5593399.425584685988724 ], [ 648744.627254141843878, 5593564.226074203848839 ], [ 648564.100766006158665, 5593556.929607333615422 ], [ 648492.619358867988922, 5593384.82844378426671 ], [ 648601.668438614346087, 5593220.024562809616327 ], [ 648782.195970562752336, 5593227.325236869044602 ] ] ] } },
{ "type": "Feature", "properties": { "h3_index": "89ce8c0f20bffff", "pop_h3": 827.91969903785071, "eod_zona": 29 }, "geometry": { "type": "Polygon", "coordinates": [ [ [ 653275.183014393900521, 5589517.855103534646332 ], [ 653346.602172460290603, 5589689.963042808696628 ], [ 653237.588547751074657, 5589854.727189538069069 ], [ 653057.152810184052214, 5589847.386781485751271 ], [ 652985.729660634882748, 5589675.278020732104778 ], [ 653094.746240260777995, 5589510.510489489883184 ], [ 653275.183014393900521, 5589517.855103534646332 ] ] ] } },
{ "type": "Feature", "properties": { "h3_index": "89ce8c0d51bffff", "pop_h3": 1.3393501631253171, "eod_zona": 36 }, "geometry": { "type": "Polygon", "coordinates": [ [ [ 651023.333373920759186, 5592641.200054543092847 ], [ 651094.777971116709523, 5592813.283927630633116 ], [ 650985.7517269696109, 5592978.061890324577689 ], [ 650805.277931788237765, 5592970.759369577281177 ], [ 650733.829338662326336, 5592798.674680025316775 ], [ 650842.858536776504479, 5592633.893327663652599 ], [ 651023.333373920759186, 5592641.200054543092847 ] ] ] } },
{ "type": "Feature", "properties": { "h3_index": "89ce8c0f397ffff", "pop_h3": 97.987876051313691, "eod_zona": 14 }, "geometry": { "type": "Polygon", "coordinates": [ [ [ 650568.152030256809667, 5589407.665131815709174 ], [ 650639.613206480746157, 5589579.806104370392859 ], [ 650530.57311976631172, 5589744.60031870007515 ], [ 650350.06890044210013, 5589737.256946038454771 ], [ 650278.603730048984289, 5589565.115151506848633 ], [ 650387.646773275453597, 5589400.317551590502262 ], [ 650568.152030256809667, 5589407.665131815709174 ] ] ] } },
{ "type": "Feature", "properties": { "h3_index": "89ce8c01b23ffff", "pop_h3": 0.0, "eod_zona": 59 }, "geometry": { "type": "Polygon", "coordinates": [ [ [ 649142.23678469483275, 5585117.781415873207152 ], [ 649213.732556930161081, 5585290.007515273056924 ], [ 649104.666183931054547, 5585454.832169697619975 ], [ 648924.101078473962843, 5585447.434105229564011 ], [ 648852.601313567720354, 5585275.207176445052028 ], [ 648961.670646918937564, 5585110.379141489975154 ], [ 649142.23678469483275, 5585117.781415873207152 ] ] ] } },
{ "type": "Feature", "properties": { "h3_index": "89ce8c0f1a7ffff", "pop_h3": 261.23333184898269, "eod_zona": 49 }, "geometry": { "type": "Polygon", "coordinates": [ [ [ 648149.728344211122021, 5589139.957961723208427 ], [ 648221.22755343595054, 5589312.131157534196973 ], [ 648112.163342971121892, 5589476.952820234932005 ], [ 647931.596965349512175, 5589469.604673423804343 ], [ 647860.093759669922292, 5589297.430654905736446 ], [ 647969.160928194527514, 5589132.605605882592499 ], [ 648149.728344211122021, 5589139.957961723208427 ] ] ] } },
{ "type": "Feature", "properties": { "h3_index": "89ce8c0f243ffff", "pop_h3": 561.46407965389494, "eod_zona": 28 }, "geometry": { "type": "Polygon", "coordinates": [ [ [ 653816.465945100411773, 5589539.887759610079229 ], [ 653887.876700893277302, 5589711.989093747921288 ], [ 653778.868369191302918, 5589876.747228265739977 ], [ 653598.446327225072309, 5589869.407412920147181 ], [ 653527.031580484239385, 5589697.305257403291762 ], [ 653636.042866786243394, 5589532.543738587759435 ], [ 653816.465945100411773, 5589539.887759610079229 ] ] ] } },
{ "type": "Feature", "properties": { "h3_index": "89ce8c0d59bffff", "pop_h3": 1.1905066361063252, "eod_zona": 36 }, "geometry": { "type": "Polygon", "coordinates": [ [ [ 650846.570514589780942, 5591788.044437559321523 ], [ 650918.020362148643471, 5591960.144038323312998 ], [ 650808.989917506463826, 5592124.926918818615377 ], [ 650628.506670768954791, 5592117.613587142899632 ], [ 650557.052827689098194, 5591945.513168454170227 ], [ 650666.086226997664198, 5591780.726899340748787 ], [ 650846.570514589780942, 5591788.044437559321523 ] ] ] } },
{ "type": "Feature", "properties": { "h3_index": "89ce8c0e39bffff", "pop_h3": 0.0, "eod_zona": 57 }, "geometry": { "type": "Polygon", "coordinates": [ [ [ 645553.387202668236569, 5588018.443496638908982 ], [ 645624.929682151996531, 5588190.66464567091316 ], [ 645515.837133082794026, 5588355.518661017529666 ], [ 645335.199144349899143, 5588348.154913313686848 ], [ 645263.652666538371705, 5588175.932939379476011 ], [ 645372.748175915330648, 5588011.075538030825555 ], [ 645553.387202668236569, 5588018.443496638908982 ] ] ] } },
{ "type": "Feature", "properties": { "h3_index": "89ce8c0d067ffff", "pop_h3": 0.0, "eod_zona": 37 }, "geometry": { "type": "Polygon", "coordinates": [ [ [ 652384.268567637074739, 5595064.599112925119698 ], [ 652455.684992098016664, 5595236.628364531323314 ], [ 652346.678957940777764, 5595401.382906343787909 ], [ 652166.253547965316102, 5595394.111588789150119 ], [ 652094.83312730374746, 5595222.08152496535331 ], [ 652203.842112947488204, 5595057.323590891435742 ], [ 652384.268567637074739, 5595064.599112925119698 ] ] ] } },
{ "type": "Feature", "properties": { "h3_index": "89ce8c0e60bffff", "pop_h3": 0.0, "eod_zona": 62 }, "geometry": { "type": "Polygon", "coordinates": [ [ [ 647983.642850042553619, 5585747.51111002266407 ], [ 648055.15459538763389, 5585919.740525575354695 ], [ 647946.078861041227356, 5586084.575720878317952 ], [ 647765.488420924637467, 5586077.184882497414947 ], [ 647693.972681293962523, 5585904.954638491384685 ], [ 647803.051376195042394, 5585740.116061296314001 ], [ 647983.642850042553619, 5585747.51111002266407 ] ] ] } },
{ "type": "Feature", "properties": { "h3_index": "89ce8c0f04fffff", "pop_h3": 772.15170975739954, "eod_zona": 16 }, "geometry": { "type": "Polygon", "coordinates": [ [ [ 652015.763529073446989, 5588620.481579458341002 ], [ 652087.204740492627025, 5588792.618438643403351 ], [ 651978.176338513381779, 5588957.399506695568562 ], [ 651797.703768980456516, 5588950.047099427320063 ], [ 651726.258565409108996, 5588777.909417103044689 ], [ 651835.289923648815602, 5588613.124965162947774 ], [ 652015.763529073446989, 5588620.481579458341002 ] ] ] } },
{ "type": "Feature", "properties": { "h3_index": "89ce8c0f3cfffff", "pop_h3": 500.97952897782244, "eod_zona": 10 }, "geometry": { "type": "Polygon", "coordinates": [ [ [ 651575.917624484514818, 5590125.560626339167356 ], [ 651647.361155788064934, 5590297.678456173278391 ], [ 651538.332892441307195, 5590462.459126910194755 ], [ 651357.858142482116818, 5590455.125353873707354 ], [ 651286.410617540939711, 5590283.006703390739858 ], [ 651395.441836325451732, 5590118.222646567970514 ], [ 651575.917624484514818, 5590125.560626339167356 ] ] ] } },
{ "type": "Feature", "properties": { "h3_index": "89ce8c0e153ffff", "pop_h3": 0.0, "eod_zona": 57 }, "geometry": { "type": "Polygon", "coordinates": [ [ [ 644507.028599805897102, 5587637.126620509661734 ], [ 644578.588303240248933, 5587809.365962198004127 ], [ 644469.484539838740602, 5587974.232768802903593 ], [ 644288.818111970322207, 5587966.863619663752615 ], [ 644217.254409404937178, 5587794.62345230858773 ], [ 644326.361133970553055, 5587629.753259737975895 ], [ 644507.028599805897102, 5587637.126620509661734 ] ] ] } },
{ "type": "Feature", "properties": { "h3_index": "89ce8c0516fffff", "pop_h3": 72.240850088910832, "eod_zona": 23 }, "geometry": { "type": "Polygon", "coordinates": [ [ [ 638252.607557859271765, 5587551.257354194298387 ], [ 638324.263772009173408, 5587723.570320018567145 ], [ 638215.099467936437577, 5587888.506004527211189 ], [ 638034.275985120097175, 5587881.132111852057278 ], [ 637962.615765528171323, 5587708.818319492973387 ], [ 638071.783034325577319, 5587543.87924631498754 ], [ 638252.607557859271765, 5587551.257354194298387 ] ] ] } },
{ "type": "Feature", "properties": { "h3_index": "89ce8c0e24bffff", "pop_h3": 28.585020962679447, "eod_zona": 18 }, "geometry": { "type": "Polygon", "coordinates": [ [ [ 648514.48821967234835, 5588308.489740682765841 ], [ 648585.98426117899362, 5588480.672040209174156 ], [ 648476.921137650730088, 5588645.492582309991121 ], [ 648296.359014298068359, 5588638.134209911338985 ], [ 648224.858977278810926, 5588465.95108631439507 ], [ 648333.925059253931977, 5588301.127159161493182 ], [ 648514.48821967234835, 5588308.489740682765841 ] ] ] } },
{ "type": "Feature", "properties": { "h3_index": "89ce8c0e02bffff", "pop_h3": 0.0, "eod_zona": 57 }, "geometry": { "type": "Polygon", "coordinates": [ [ [ 645338.750126305269077, 5587501.758545336313546 ], [ 645410.297424629679881, 5587673.990446332842112 ], [ 645301.201287804520689, 5587838.848600155673921 ], [ 645120.554891981650144, 5587831.47823837492615 ], [ 645049.003595464630052, 5587659.24551158118993 ], [ 645158.102693087654188, 5587494.383972343057394 ], [ 645338.750126305269077, 5587501.758545336313546 ] ] ] } },
{ "type": "Feature", "properties": { "h3_index": "89ce8c0d6c7ffff", "pop_h3": 0.0, "eod_zona": 33 }, "geometry": { "type": "Polygon", "coordinates": [ [ [ 654849.85421057487838, 5592457.816612627357244 ], [ 654921.240371808526106, 5592629.859237001277506 ], [ 654812.250504784984514, 5592794.59587733168155 ], [ 654631.871524701127782, 5592787.293280962854624 ], [ 654560.481371569563635, 5592615.249840252101421 ], [ 654669.474190549692139, 5592450.509812223725021 ], [ 654849.85421057487838, 5592457.816612627357244 ] ] ] } },
{ "type": "Feature", "properties": { "h3_index": "89ce8c0f12fffff", "pop_h3": 0.0, "eod_zona": 2 }, "geometry": { "type": "Polygon", "coordinates": [ [ [ 648578.699475437868387, 5590172.94337147846818 ], [ 648650.189034228213131, 5590345.095060263760388 ], [ 648541.131987898377702, 5590509.9084338452667 ], [ 648360.582425822271034, 5590502.573506116867065 ], [ 648289.088870302308351, 5590330.420996415428817 ], [ 648398.148873718921095, 5590165.604235333390534 ], [ 648578.699475437868387, 5590172.94337147846818 ] ] ] } },
{ "type": "Feature", "properties": { "h3_index": "89ce8c05e8fffff", "pop_h3": 82.391798905477728, "eod_zona": 23 }, "geometry": { "type": "Polygon", "coordinates": [ [ [ 637635.110586497117765, 5588203.639305185526609 ], [ 637706.774410308105871, 5588375.94895476475358 ], [ 637597.606095507391728, 5588540.889156578108668 ], [ 637416.770992421428673, 5588533.523098602890968 ], [ 637345.103162089595571, 5588361.212623520754278 ], [ 637454.274441493325867, 5588196.269031891599298 ], [ 637635.110586497117765, 5588203.639305185526609 ] ] ] } },
{ "type": "Feature", "properties": { "h3_index": "89ce8c0d66fffff", "pop_h3": 0.0, "eod_zona": 33 }, "geometry": { "type": "Polygon", "coordinates": [ [ [ 654661.83763013780117, 5594141.655583525076509 ], [ 654733.221676351153292, 5594313.67335722129792 ], [ 654624.234900220530108, 5594478.406163222156465 ], [ 654443.861127135111019, 5594471.124585510231555 ], [ 654372.473087681806646, 5594299.105998294427991 ], [ 654481.462814681231976, 5594134.369802285917103 ], [ 654661.83763013780117, 5594141.655583525076509 ] ] ] } },
{ "type": "Feature", "properties": { "h3_index": "89ce8c0f0c7ffff", "pop_h3": 563.37299036586728, "eod_zona": 43 }, "geometry": { "type": "Polygon", "coordinates": [ [ [ 651587.082467564963736, 5587587.585215107537806 ], [ 651658.533333565923385, 5587759.743561948649585 ], [ 651549.49778324412182, 5587924.532902755774558 ], [ 651369.008409817470238, 5587917.167279412969947 ], [ 651297.553551936987787, 5587745.008107638917863 ], [ 651406.592059489921667, 5587580.215384119190276 ], [ 651587.082467564963736, 5587587.585215107537806 ] ] ] } },
{ "type": "Feature", "properties": { "h3_index": "89ce8c05853ffff", "pop_h3": 37.749366598604517, "eod_zona": 58 }, "geometry": { "type": "Polygon", "coordinates": [ [ [ 636652.56475365976803, 5589688.136106731370091 ], [ 636724.239395294105634, 5589860.433314834721386 ], [ 636615.066038758261129, 5590025.379149318672717 ], [ 636434.215076625347137, 5590018.031167913228273 ], [ 636362.536426446051337, 5589845.733136706985533 ], [ 636471.712747073615901, 5589680.783909988589585 ], [ 636652.56475365976803, 5589688.136106731370091 ] ] ] } },
{ "type": "Feature", "properties": { "h3_index": "89ce8c0c443ffff", "pop_h3": 0.0, "eod_zona": 49 }, "geometry": { "type": "Polygon", "coordinates": [ [ [ 647999.469604296376929, 5590487.903058072552085 ], [ 648070.967156945145689, 5590660.056388453580439 ], [ 647961.905447495169938, 5590824.87501897662878 ], [ 647781.343228340381756, 5590817.543707272969186 ], [ 647709.841678158845752, 5590645.38955644518137 ], [ 647818.90634479385335, 5590480.5675377426669 ], [ 647999.469604296376929, 5590487.903058072552085 ] ] ] } },
{ "type": "Feature", "properties": { "h3_index": "89ce8c0524fffff", "pop_h3": 0.0, "eod_zona": 50 }, "geometry": { "type": "Polygon", "coordinates": [ [ [ 642666.092581722070463, 5587053.960147444158792 ], [ 642737.682323436485603, 5587226.230091327801347 ], [ 642628.559087539324537, 5587391.1190968118608 ], [ 642447.843147445935756, 5587383.741544408723712 ], [ 642376.249405126785859, 5587211.470773663371801 ], [ 642485.375603633350693, 5587046.578382157720625 ], [ 642666.092581722070463, 5587053.960147444158792 ] ] ] } },
{ "type": "Feature", "properties": { "h3_index": "89ce8c01b2fffff", "pop_h3": 0.0, "eod_zona": 59 }, "geometry": { "type": "Polygon", "coordinates": [ [ [ 649104.666183931054547, 5585454.832169697619975 ], [ 649176.161542515037581, 5585627.053314144723117 ], [ 649067.095788454986177, 5585791.877222971059382 ], [ 648886.531715805525891, 5585784.48336831945926 ], [ 648815.032364279031754, 5585612.261395051144063 ], [ 648924.101078473962843, 5585447.434105229564011 ], [ 649104.666183931054547, 5585454.832169697619975 ] ] ] } },
{ "type": "Feature", "properties": { "h3_index": "89ce8c0c6abffff", "pop_h3": 70.470974624084292, "eod_zona": 2 }, "geometry": { "type": "Polygon", "coordinates": [ [ [ 648428.430787347722799, 5591520.769253694452345 ], [ 648499.918686080956832, 5591692.901068431325257 ], [ 648390.864142263890244, 5591857.711398747749627 ], [ 648210.318743633106351, 5591850.393303658813238 ], [ 648138.826847097370774, 5591678.260670265182853 ], [ 648247.884347125771455, 5591513.446950594894588 ], [ 648428.430787347722799, 5591520.769253694452345 ] ] ] } },
{ "type": "Feature", "properties": { "h3_index": "89ce8c0d453ffff", "pop_h3": 152.45216161141988, "eod_zona": 33 }, "geometry": { "type": "Polygon", "coordinates": [ [ [ 653590.883427550434135, 5591560.958744403906167 ], [ 653662.291658547706902, 5591733.0302924355492 ], [ 653553.287029067636468, 5591897.78387001901865 ], [ 653372.871215425548144, 5591890.469286625273526 ], [ 653301.458991861902177, 5591718.396920600906014 ], [ 653410.466574637102894, 5591553.639955937862396 ], [ 653590.883427550434135, 5591560.958744403906167 ] ] ] } },
{ "type": "Feature", "properties": { "h3_index": "89ce8c0f17bffff", "pop_h3": 164.17469052295669, "eod_zona": 11 }, "geometry": { "type": "Polygon", "coordinates": [ [ [ 649699.481135108275339, 5589880.028500077314675 ], [ 649770.954295055940747, 5590052.171937862411141 ], [ 649661.907204366289079, 5590216.974038541316986 ], [ 649481.383997190510854, 5590209.636088011786342 ], [ 649409.906841860152781, 5590037.491828945465386 ], [ 649518.956889216671698, 5589872.686341664753854 ], [ 649699.481135108275339, 5589880.028500077314675 ] ] ] } },
{ "type": "Feature", "properties": { "h3_index": "89ce8c0d18bffff", "pop_h3": 0.0, "eod_zona": 36 }, "geometry": { "type": "Polygon", "coordinates": [ [ [ 650545.931495964410715, 5594482.943660825490952 ], [ 650617.377996723400429, 5594655.003481965512037 ], [ 650508.352547906571999, 5594819.780227825976908 ], [ 650327.877645530272275, 5594812.500544847920537 ], [ 650256.427147093578242, 5594640.439910298213363 ], [ 650365.455548838479444, 5594475.659772115759552 ], [ 650545.931495964410715, 5594482.943660825490952 ] ] ] } },
{ "type": "Feature", "properties": { "h3_index": "89ce8c0f157ffff", "pop_h3": 122.75795192408034, "eod_zona": 14 }, "geometry": { "type": "Polygon", "coordinates": [ [ [ 649774.629615942016244, 5589206.12025701906532 ], [ 649846.103607750730589, 5589378.273624029941857 ], [ 649737.055272408062592, 5589543.077238989062607 ], [ 649556.529988286783919, 5589535.73087259195745 ], [ 649485.052001635427587, 5589363.576683172956109 ], [ 649594.103294077562168, 5589198.769682537764311 ], [ 649774.629615942016244, 5589206.12025701906532 ] ] ] } },
{ "type": "Feature", "properties": { "h3_index": "89ce8c0d687ffff", "pop_h3": 84.768472755700671, "eod_zona": 33 }, "geometry": { "type": "Polygon", "coordinates": [ [ [ 654056.907761916401796, 5592256.533220073208213 ], [ 654128.306743870023638, 5592428.588230680674314 ], [ 654019.308638196554966, 5592593.334270096383989 ], [ 653838.908598156413063, 5592586.028686670586467 ], [ 653767.505623634671792, 5592413.972859295085073 ], [ 653876.506681849248707, 5592249.223432090133429 ], [ 654056.907761916401796, 5592256.533220073208213 ] ] ] } },
{ "type": "Feature", "properties": { "h3_index": "89ce8c0e213ffff", "pop_h3": 0.0, "eod_zona": 49 }, "geometry": { "type": "Polygon", "coordinates": [ [ [ 647506.163114009075798, 5587590.237935582175851 ], [ 647577.67679132334888, 5587762.443382482044399 ], [ 647468.601832411251962, 5587927.277464045211673 ], [ 647288.010236791451462, 5587919.909483241848648 ], [ 647216.492563436506316, 5587747.703210944309831 ], [ 647325.570481865899637, 5587582.865744824521244 ], [ 647506.163114009075798, 5587590.237935582175851 ] ] ] } },
{ "type": "Feature", "properties": { "h3_index": "89ce8c0d6d7ffff", "pop_h3": 0.0, "eod_zona": 33 }, "geometry": { "type": "Polygon", "coordinates": [ [ [ 654887.458110567764379, 5592121.031616138294339 ], [ 654958.84469456190709, 5592293.07920819055289 ], [ 654849.85421057487838, 5592457.816612627357244 ], [ 654669.474190549692139, 5592450.509812223725021 ], [ 654598.083614929812029, 5592278.461403271183372 ], [ 654707.077051087515429, 5592113.72061159927398 ], [ 654887.458110567764379, 5592121.031616138294339 ] ] ] } },
{ "type": "Feature", "properties": { "h3_index": "89ce8c0f673ffff", "pop_h3": 737.61915658791509, "eod_zona": 47 }, "geometry": { "type": "Polygon", "coordinates": [ [ [ 653500.753930854494683, 5587496.50256949942559 ], [ 653572.175607040640898, 5587668.640267186798155 ], [ 653463.158289656159468, 5587833.408937652595341 ], [ 653282.716339991427958, 5587826.043292138725519 ], [ 653211.290673940326087, 5587653.904769584536552 ], [ 653320.310947545571253, 5587489.13271738961339 ], [ 653500.753930854494683, 5587496.50256949942559 ] ] ] } },
{ "type": "Feature", "properties": { "h3_index": "89ce8c0f487ffff", "pop_h3": 0.0, "eod_zona": 61 }, "geometry": { "type": "Polygon", "coordinates": [ [ [ 651056.696302027208731, 5585026.98785728123039 ], [ 651128.162889980943874, 5585199.193289013579488 ], [ 651019.114766309736297, 5585363.997262398712337 ], [ 650838.597095471573994, 5585356.599183580838144 ], [ 650767.126516861841083, 5585184.392922531813383 ], [ 650876.177599873975851, 5585019.585569597780704 ], [ 651056.696302027208731, 5585026.98785728123039 ] ] ] } },
{ "type": "Feature", "properties": { "h3_index": "89ce8c0d18fffff", "pop_h3": 0.0, "eod_zona": 36 }, "geometry": { "type": "Polygon", "coordinates": [ [ [ 650256.427147093578242, 5594640.439910298213363 ], [ 650327.877645530272275, 5594812.500544847920537 ], [ 650218.849870304809883, 5594977.279912521131337 ], [ 650038.368643788387999, 5594970.002038279548287 ], [ 649966.914147268049419, 5594797.940590553916991 ], [ 650075.944875473272987, 5594633.157830220647156 ], [ 650256.427147093578242, 5594640.439910298213363 ] ] ] } },
{ "type": "Feature", "properties": { "h3_index": "89ce8c0d4a3ffff", "pop_h3": 443.30230747141343, "eod_zona": 34 }, "geometry": { "type": "Polygon", "coordinates": [ [ [ 651966.967415908817202, 5591495.082554186694324 ], [ 652038.400866270065308, 5591667.173913597129285 ], [ 651929.380373491789214, 5591831.945529230870306 ], [ 651748.923476232681423, 5591824.629173155874014 ], [ 651677.486031693406403, 5591652.536995452828705 ], [ 651786.509478722349741, 5591487.761992095969617 ], [ 651966.967415908817202, 5591495.082554186694324 ] ] ] } },
{ "type": "Feature", "properties": { "h3_index": "89ce8c0d4dbffff", "pop_h3": 98.059805012560219, "eod_zona": 32 }, "geometry": { "type": "Polygon", "coordinates": [ [ [ 653666.076815330889076, 5590887.291310340166092 ], [ 653737.485888254712336, 5591059.37279035244137 ], [ 653628.480023080832325, 5591224.127890598960221 ], [ 653448.062131381826475, 5591216.804896957240999 ], [ 653376.649066432961263, 5591044.722597820684314 ], [ 653485.657885336317122, 5590879.964111424051225 ], [ 653666.076815330889076, 5590887.291310340166092 ] ] ] } },
{ "type": "Feature", "properties": { "h3_index": "89ce8c0d2dbffff", "pop_h3": 0.0, "eod_zona": 33 }, "geometry": { "type": "Polygon", "coordinates": [ [ [ 655165.328835892723873, 5594500.249719901010394 ], [ 655236.704049173975363, 5594672.255922121927142 ], [ 655127.723173978272825, 5594836.98194772657007 ], [ 654947.364135295385495, 5594829.705161347985268 ], [ 654875.98492904054001, 5594657.698146273382008 ], [ 654984.968754569534212, 5594492.96873040869832 ], [ 655165.328835892723873, 5594500.249719901010394 ] ] ] } },
{ "type": "Feature", "properties": { "h3_index": "89ce8c0f457ffff", "pop_h3": 0.0, "eod_zona": 61 }, "geometry": { "type": "Polygon", "coordinates": [ [ [ 652064.537368932156824, 5585745.360011452808976 ], [ 652135.986330298823304, 5585917.542313828133047 ], [ 652026.950041305506602, 5586082.332767765037715 ], [ 651846.461832807632163, 5586074.944299355149269 ], [ 651775.008881315588951, 5585902.761168989352882 ], [ 651884.0481285774149, 5585737.967335002496839 ], [ 652064.537368932156824, 5585745.360011452808976 ] ] ] } },
{ "type": "Feature", "properties": { "h3_index": "89ce8c0f5dbffff", "pop_h3": 80.92028972995459, "eod_zona": 45 }, "geometry": { "type": "Polygon", "coordinates": [ [ [ 650402.391775547293946, 5586015.829394268803298 ], [ 650473.865514633129351, 5586188.026574390009046 ], [ 650364.813939362298697, 5586352.834324279800057 ], [ 650184.285666126874276, 5586345.448275179602206 ], [ 650112.807935032295063, 5586173.250267336145043 ], [ 650221.862469311803579, 5586008.439136289060116 ], [ 650402.391775547293946, 5586015.829394268803298 ] ] ] } },
{ "type": "Feature", "properties": { "h3_index": "89ce8c725a7ffff", "pop_h3": 0.0, "eod_zona": 33 }, "geometry": { "type": "Polygon", "coordinates": [ [ [ 655202.934692490263842, 5594163.511750162579119 ], [ 655274.310329640749842, 5594335.522924665361643 ], [ 655165.328835892723873, 5594500.249719901010394 ], [ 654984.968754569534212, 5594492.96873040869832 ], [ 654913.589124714024365, 5594320.956742488779128 ], [ 655022.573569015134126, 5594156.226557456888258 ], [ 655202.934692490263842, 5594163.511750162579119 ] ] ] } },
{ "type": "Feature", "properties": { "h3_index": "89ce8c0f587ffff", "pop_h3": 0.0, "eod_zona": 59 }, "geometry": { "type": "Polygon", "coordinates": [ [ [ 649029.525598588748835, 5586128.916573947295547 ], [ 649101.02012962475419, 5586301.127806024625897 ], [ 648991.955614659003913, 5586465.950220884755254 ], [ 648811.393609092570841, 5586458.564785569906235 ], [ 648739.895084573072381, 5586286.352725801058114 ], [ 648848.962559237144887, 5586121.52692901622504 ], [ 649029.525598588748835, 5586128.916573947295547 ] ] ] } },
{ "type": "Feature", "properties": { "h3_index": "89ce8c0f03bffff", "pop_h3": 251.29721127337498, "eod_zona": 42 }, "geometry": { "type": "Polygon", "coordinates": [ [ [ 650932.853410188108683, 5588576.338923349045217 ], [ 651004.311426662490703, 5588748.488998403772712 ], [ 650895.27243608282879, 5588913.282094332389534 ], [ 650714.772472258890048, 5588905.928499508649111 ], [ 650643.310462556080893, 5588733.777601118199527 ], [ 650752.352410034975037, 5588568.981120866723359 ], [ 650932.853410188108683, 5588576.338923349045217 ] ] ] } },
{ "type": "Feature", "properties": { "h3_index": "89ce8c0c20fffff", "pop_h3": 0.0, "eod_zona": 1 }, "geometry": { "type": "Polygon", "coordinates": [ [ [ 648669.490456323488615, 5594238.010520867072046 ], [ 648740.966615824494511, 5594410.095943159423769 ], [ 648631.922375574009493, 5594574.894126714207232 ], [ 648451.399021804565564, 5594567.610280795954168 ], [ 648379.91886287892703, 5594395.524044467136264 ], [ 648488.966057278448716, 5594230.722468067891896 ], [ 648669.490456323488615, 5594238.010520867072046 ] ] ] } },
{ "type": "Feature", "properties": { "h3_index": "89ce8c0500fffff", "pop_h3": 0.0, "eod_zona": 51 }, "geometry": { "type": "Polygon", "coordinates": [ [ [ 640104.932295562583022, 5585594.267042563296854 ], [ 640176.565696419565938, 5585766.589933014474809 ], [ 640067.413455765228719, 5585931.512046206742525 ], [ 639886.624849300365895, 5585924.114654159173369 ], [ 639814.987446236191317, 5585751.790934078395367 ], [ 639924.142651973641478, 5585586.865435652434826 ], [ 640104.932295562583022, 5585594.267042563296854 ] ] ] } },
{ "type": "Feature", "properties": { "h3_index": "89ce8c0d627ffff", "pop_h3": 4.3733514660323678, "eod_zona": 37 }, "geometry": { "type": "Polygon", "coordinates": [ [ [ 653617.11694941110909, 5593761.156409498304129 ], [ 653688.518237041309476, 5593933.192355497740209 ], [ 653579.520276087685488, 5594097.93795302323997 ], [ 653399.118075910722837, 5594090.650994502939284 ], [ 653327.712794232764281, 5593918.614234223030508 ], [ 653436.713706910610199, 5593753.865246718749404 ], [ 653617.11694941110909, 5593761.156409498304129 ] ] ] } },
{ "type": "Feature", "properties": { "h3_index": "89ce8c0d647ffff", "pop_h3": 0.0, "eod_zona": 33 }, "geometry": { "type": "Polygon", "coordinates": [ [ [ 655026.402881958754733, 5593310.69809091091156 ], [ 655097.783782123588026, 5593482.724992458708584 ], [ 654988.798101497581229, 5593647.456713069230318 ], [ 654808.428569580544718, 5593640.164920856244862 ], [ 654737.043677114299498, 5593468.137204431928694 ], [ 654846.032308995258063, 5593303.402095073834062 ], [ 655026.402881958754733, 5593310.69809091091156 ] ] ] } },
{ "type": "Feature", "properties": { "h3_index": "89ce8c0d597ffff", "pop_h3": 202.16876038986376, "eod_zona": 38 }, "geometry": { "type": "Polygon", "coordinates": [ [ [ 650305.103956331731752, 5591766.09123174007982 ], [ 650376.562212780001573, 5591938.197438016533852 ], [ 650267.526482026325539, 5592102.986332943663001 ], [ 650087.029539965791628, 5592095.67241040430963 ], [ 650015.567287455894984, 5591923.565386102534831 ], [ 650124.605973198311403, 5591758.773102343082428 ], [ 650305.103956331731752, 5591766.09123174007982 ] ] ] } },
{ "type": "Feature", "properties": { "h3_index": "89ce8c0e383ffff", "pop_h3": 0.0, "eod_zona": 57 }, "geometry": { "type": "Polygon", "coordinates": [ [ [ 645263.652666538371705, 5588175.932939379476011 ], [ 645335.199144349899143, 5588348.154913313686848 ], [ 645226.104262830805965, 5588513.011561263352633 ], [ 645045.459943268680945, 5588505.649621605873108 ], [ 644973.909466724726371, 5588333.426823005080223 ], [ 645083.007308602100238, 5588168.566788710653782 ], [ 645263.652666538371705, 5588175.932939379476011 ] ] ] } },
{ "type": "Feature", "properties": { "h3_index": "89ce8c0c457ffff", "pop_h3": 32.008670233189363, "eod_zona": 49 }, "geometry": { "type": "Polygon", "coordinates": [ [ [ 647747.404380611144006, 5590308.408418760634959 ], [ 647818.90634479385335, 5590480.5675377426669 ], [ 647709.841678158845752, 5590645.38955644518137 ], [ 647529.272090017795563, 5590638.055844192393124 ], [ 647457.766128167044371, 5590465.895904431119561 ], [ 647566.833752257749438, 5590301.070497676730156 ], [ 647747.404380611144006, 5590308.408418760634959 ] ] ] } },
{ "type": "Feature", "properties": { "h3_index": "89ce8c0f2dbffff", "pop_h3": 1380.1428660187094, "eod_zona": 24 }, "geometry": { "type": "Polygon", "coordinates": [ [ [ 653929.259842175291851, 5588529.275054142810404 ], [ 654000.671859261812642, 5588701.391270258463919 ], [ 653891.661681916913949, 5588866.15167080797255 ], [ 653711.236532361945137, 5588858.799238127656281 ], [ 653639.820525138406083, 5588686.682198939844966 ], [ 653748.833657734212466, 5588521.918415481224656 ], [ 653929.259842175291851, 5588529.275054142810404 ] ] ] } },
{ "type": "Feature", "properties": { "h3_index": "89ce8c0f237ffff", "pop_h3": 348.72304143625922, "eod_zona": 30 }, "geometry": { "type": "Polygon", "coordinates": [ [ [ 652154.905642969883047, 5589810.681777283549309 ], [ 652226.341188212973066, 5589982.797965124249458 ], [ 652117.317596637876704, 5590147.573380418121815 ], [ 651936.855504613718949, 5590140.235993255861104 ], [ 651865.415966542437673, 5589968.118984301574528 ], [ 651974.442513454472646, 5589803.340183601714671 ], [ 652154.905642969883047, 5589810.681777283549309 ] ] ] } },
{ "type": "Feature", "properties": { "h3_index": "89ce8c0f657ffff", "pop_h3": 100.54036185360428, "eod_zona": 48 }, "geometry": { "type": "Polygon", "coordinates": [ [ [ 653827.805995819158852, 5587002.19618723820895 ], [ 653899.224102214095183, 5587174.338016125373542 ], [ 653790.208513566991314, 5587339.104806205257773 ], [ 653609.771862266468816, 5587331.733148301020265 ], [ 653538.349766680272296, 5587159.590493753552437 ], [ 653647.368311714730226, 5586994.820322746410966 ], [ 653827.805995819158852, 5587002.19618723820895 ] ] ] } },
{ "type": "Feature", "properties": { "h3_index": "89ce8c0d6a7ffff", "pop_h3": 440.04887517183084, "eod_zona": 33 }, "geometry": { "type": "Polygon", "coordinates": [ [ [ 653440.499019127804786, 5592908.224860309623182 ], [ 653511.905565288616344, 5593080.2765345396474 ], [ 653402.903412058949471, 5593245.027055751532316 ], [ 653222.491760369855911, 5593237.729291641153395 ], [ 653151.081220563384704, 5593065.676801671274006 ], [ 653260.086326219607145, 5592900.922891526482999 ], [ 653440.499019127804786, 5592908.224860309623182 ] ] ] } },
{ "type": "Feature", "properties": { "h3_index": "89ce8c0f0d3ffff", "pop_h3": 1892.3004688829199, "eod_zona": 22 }, "geometry": { "type": "Polygon", "coordinates": [ [ [ 651914.189246045192704, 5587093.216820617206395 ], [ 651985.636538103222847, 5587265.379300077445805 ], [ 651876.602711241692305, 5587430.166760390624404 ], [ 651696.118635059217922, 5587422.795123131014407 ], [ 651624.667351793730631, 5587250.631817942485213 ], [ 651733.704136048676446, 5587085.840975719504058 ], [ 651914.189246045192704, 5587093.216820617206395 ] ] ] } },
{ "type": "Feature", "properties": { "h3_index": "89ce8c05197ffff", "pop_h3": 91.717169833977337, "eod_zona": 52 }, "geometry": { "type": "Polygon", "coordinates": [ [ [ 637682.63916915259324, 5585325.675430004484951 ], [ 637754.310608648345806, 5585498.030602257698774 ], [ 637645.134218295686878, 5585662.980198103934526 ], [ 637464.283421945292503, 5585655.578007638454437 ], [ 637392.607977964682505, 5585483.222005021758378 ], [ 637501.787334946217015, 5585318.26902321074158 ], [ 637682.63916915259324, 5585325.675430004484951 ] ] ] } },
{ "type": "Feature", "properties": { "h3_index": "89ce8c0f643ffff", "pop_h3": 100.48602790406365, "eod_zona": 48 }, "geometry": { "type": "Polygon", "coordinates": [ [ [ 654079.654421339277178, 5587181.711479707621038 ], [ 654151.068119004950859, 5587353.84752696659416 ], [ 654042.055486475932412, 5587518.610935998149216 ], [ 653861.626200291910209, 5587511.241678794845939 ], [ 653790.208513566991314, 5587339.104806205257773 ], [ 653899.224102214095183, 5587174.338016125373542 ], [ 654079.654421339277178, 5587181.711479707621038 ] ] ] } },
{ "type": "Feature", "properties": { "h3_index": "89ce8c0d50bffff", "pop_h3": 0.0, "eod_zona": 36 }, "geometry": { "type": "Polygon", "coordinates": [ [ [ 650985.7517269696109, 5592978.061890324577689 ], [ 651057.195905588101596, 5593150.140791931189597 ], [ 650948.170285094063729, 5593314.917988715693355 ], [ 650767.697532361140475, 5593307.619673999026418 ], [ 650696.249357544002123, 5593135.539956491440535 ], [ 650805.277931788237765, 5592970.759369577281177 ], [ 650985.7517269696109, 5592978.061890324577689 ] ] ] } },
{ "type": "Feature", "properties": { "h3_index": "89ce8c0f667ffff", "pop_h3": 1008.4006105425693, "eod_zona": 22 }, "geometry": { "type": "Polygon", "coordinates": [ [ [ 653173.696681036381051, 5587990.814593144692481 ], [ 653245.121927876025438, 5588162.948157452046871 ], [ 653136.102883974323049, 5588327.71870634984225 ], [ 652955.655637309188023, 5588320.359073451720178 ], [ 652884.226399929146282, 5588148.224685076624155 ], [ 652993.24839988455642, 5587983.450753647834063 ], [ 653173.696681036381051, 5587990.814593144692481 ] ] ] } },
{ "type": "Feature", "properties": { "h3_index": "89ce8c0c497ffff", "pop_h3": 0.0, "eod_zona": 49 }, "geometry": { "type": "Polygon", "coordinates": [ [ [ 646776.582790316431783, 5589253.324396691285074 ], [ 646848.102810939541087, 5589425.511637144722044 ], [ 646739.025685924105346, 5589590.347964422777295 ], [ 646558.425581671763211, 5589583.000438310205936 ], [ 646486.901563116582111, 5589410.81237518414855 ], [ 646595.981646877364255, 5589245.972660817205906 ], [ 646776.582790316431783, 5589253.324396691285074 ] ] ] } },
{ "type": "Feature", "properties": { "h3_index": "89ce8c0d5a3ffff", "pop_h3": 4.6534859822395713, "eod_zona": 3 }, "geometry": { "type": "Polygon", "coordinates": [ [ [ 649940.415876578073949, 5592597.356741431169212 ], [ 650011.877294663456269, 5592769.453823996707797 ], [ 649902.840482492232695, 5592934.243815581314266 ], [ 649722.339297762257047, 5592926.940114676952362 ], [ 649650.873882673913613, 5592754.842215449549258 ], [ 649759.913649448542856, 5592590.048833764158189 ], [ 649940.415876578073949, 5592597.356741431169212 ] ] ] } },
{ "type": "Feature", "properties": { "h3_index": "89ce8c0f663ffff", "pop_h3": 794.45539898295033, "eod_zona": 47 }, "geometry": { "type": "Polygon", "coordinates": [ [ [ 653463.158289656159468, 5587833.408937652595341 ], [ 653534.579546360066161, 5588005.541677658446133 ], [ 653425.562843406107277, 5588170.309596472419798 ], [ 653245.121927876025438, 5588162.948157452046871 ], [ 653173.696681036381051, 5587990.814593144692481 ], [ 653282.716339991427958, 5587826.043292138725519 ], [ 653463.158289656159468, 5587833.408937652595341 ] ] ] } },
{ "type": "Feature", "properties": { "h3_index": "89ce8c0d44bffff", "pop_h3": 454.88366713964325, "eod_zona": 33 }, "geometry": { "type": "Polygon", "coordinates": [ [ [ 653805.103285806020722, 5592077.162636416964233 ], [ 653876.506681849248707, 5592249.223432090133429 ], [ 653767.505623634671792, 5592413.972859295085073 ], [ 653587.098216697340831, 5592406.664878472685814 ], [ 653515.690827955491841, 5592234.603265700861812 ], [ 653624.694838978815824, 5592069.850450828671455 ], [ 653805.103285806020722, 5592077.162636416964233 ] ] ] } },
{ "type": "Feature", "properties": { "h3_index": "89ce8c0f14fffff", "pop_h3": 839.63863356894808, "eod_zona": 11 }, "geometry": { "type": "Polygon", "coordinates": [ [ [ 649989.046764751547016, 5589722.569607595913112 ], [ 650060.515929722343571, 5589894.712223871611059 ], [ 649951.471173116122372, 5590059.511695884168148 ], [ 649770.954295055940747, 5590052.171937862411141 ], [ 649699.481135108275339, 5589880.028500077314675 ], [ 649808.528848327230662, 5589715.225641799159348 ], [ 649989.046764751547016, 5589722.569607595913112 ] ] ] } },
{ "type": "Feature", "properties": { "h3_index": "89ce8c0f47bffff", "pop_h3": 2.7305751667855525, "eod_zona": 61 }, "geometry": { "type": "Polygon", "coordinates": [ [ [ 651989.362911400618032, 5586419.299822560511529 ], [ 652060.811038275365718, 5586591.472215121611953 ], [ 651951.775979538448155, 5586756.261174092069268 ], [ 651771.289836222305894, 5586748.881121454760432 ], [ 651699.837718680151738, 5586576.707902035675943 ], [ 651808.87573524878826, 5586411.915562086738646 ], [ 651989.362911400618032, 5586419.299822560511529 ] ] ] } },
{ "type": "Feature", "properties": { "h3_index": "89ce8c0f323ffff", "pop_h3": 166.16991825794923, "eod_zona": 56 }, "geometry": { "type": "Polygon", "coordinates": [ [ [ 650380.259523033630103, 5591092.283835822716355 ], [ 650451.718614114797674, 5591264.399979424662888 ], [ 650342.681636775145307, 5591429.190398787148297 ], [ 650162.182613059179857, 5591421.868062431924045 ], [ 650090.719526457134634, 5591249.751099675893784 ], [ 650199.75945922115352, 5591084.957292406819761 ], [ 650380.259523033630103, 5591092.283835822716355 ] ] ] } },
{ "type": "Feature", "properties": { "h3_index": "89ce8c0f087ffff", "pop_h3": 511.44073450672153, "eod_zona": 64 }, "geometry": { "type": "Polygon", "coordinates": [ [ [ 650793.629763355944306, 5587385.933960826136172 ], [ 650865.093439029878937, 5587558.104701030068099 ], [ 650756.049634436611086, 5587722.903438902460039 ], [ 650575.539196479832754, 5587715.534819351509213 ], [ 650504.071528254658915, 5587543.363253782503307 ], [ 650613.118290666956455, 5587378.561133108101785 ], [ 650793.629763355944306, 5587385.933960826136172 ] ] ] } },
{ "type": "Feature", "properties": { "h3_index": "89ce8c0d4abffff", "pop_h3": 811.1165841474533, "eod_zona": 35 }, "geometry": { "type": "Polygon", "coordinates": [ [ [ 652218.851436073426157, 5591674.49207709543407 ], [ 652290.280473165214062, 5591846.577650398015976 ], [ 652181.262934370199218, 5592011.345878183841705 ], [ 652000.813404629938304, 5592004.031920492649078 ], [ 651929.380373491789214, 5591831.945529230870306 ], [ 652038.400866270065308, 5591667.173913597129285 ], [ 652218.851436073426157, 5591674.49207709543407 ] ] ] } },
{ "type": "Feature", "properties": { "h3_index": "89ce8c0f28fffff", "pop_h3": 553.70346180863442, "eod_zona": 21 }, "geometry": { "type": "Polygon", "coordinates": [ [ [ 652809.042303191032261, 5588822.034106429666281 ], [ 652880.47070244140923, 5588994.158574716188014 ], [ 652771.450550732552074, 5589158.93024567887187 ], [ 652590.99904423346743, 5589151.580832132138312 ], [ 652519.566653501242399, 5588979.455541137605906 ], [ 652628.58976087870542, 5588814.680486375465989 ], [ 652809.042303191032261, 5588822.034106429666281 ] ] ] } },
{ "type": "Feature", "properties": { "h3_index": "89ce8c0d467ffff", "pop_h3": 192.28535152676082, "eod_zona": 37 }, "geometry": { "type": "Polygon", "coordinates": [ [ [ 652647.401491020107642, 5592706.951742772012949 ], [ 652718.820860290434211, 5592879.015805443748832 ], [ 652609.810469707124867, 5593043.77572807110846 ], [ 652429.377756970701739, 5593036.474977023899555 ], [ 652357.954393385443836, 5592864.410098183900118 ], [ 652466.967736980877817, 5592699.646786536090076 ], [ 652647.401491020107642, 5592706.951742772012949 ] ] ] } },
{ "type": "Feature", "properties": { "h3_index": "89ce8c0d45bffff", "pop_h3": 106.5673663309245, "eod_zona": 33 }, "geometry": { "type": "Polygon", "coordinates": [ [ [ 653842.701144781662151, 5591740.346682889387012 ], [ 653914.104962258017622, 5591912.412446037866175 ], [ 653805.103285806020722, 5592077.162636416964233 ], [ 653624.694838978815824, 5592069.850450828671455 ], [ 653553.287029067636468, 5591897.78387001901865 ], [ 653662.291658547706902, 5591733.0302924355492 ], [ 653842.701144781662151, 5591740.346682889387012 ] ] ] } },
{ "type": "Feature", "properties": { "h3_index": "89ce8c0f573ffff", "pop_h3": 710.14355532234492, "eod_zona": 63 }, "geometry": { "type": "Polygon", "coordinates": [ [ [ 649710.492433947976679, 5587341.694017795845866 ], [ 649781.972912577330135, 5587513.877978558652103 ], [ 649672.918514510034584, 5587678.68874644394964 ], [ 649492.380679484107532, 5587671.318936778232455 ], [ 649420.896207232028246, 5587499.134150452911854 ], [ 649529.953563756425865, 5587334.319999336265028 ], [ 649710.492433947976679, 5587341.694017795845866 ] ] ] } },
{ "type": "Feature", "properties": { "h3_index": "89ce8c0c453ffff", "pop_h3": 28.493619661916586, "eod_zona": 49 }, "geometry": { "type": "Polygon", "coordinates": [ [ [ 648037.033972691162489, 5590150.925370153039694 ], [ 648108.531939608743414, 5590323.083668122068048 ], [ 647999.469604296376929, 5590487.903058072552085 ], [ 647818.90634479385335, 5590480.5675377426669 ], [ 647747.404380611144006, 5590308.408418760634959 ], [ 647856.469673327286728, 5590143.585641097277403 ], [ 648037.033972691162489, 5590150.925370153039694 ] ] ] } },
{ "type": "Feature", "properties": { "h3_index": "89ce8c0f353ffff", "pop_h3": 88.238241447665231, "eod_zona": 30 }, "geometry": { "type": "Polygon", "coordinates": [ [ [ 651827.829576866934076, 5590305.014036329463124 ], [ 651899.268696396495216, 5590477.126080674119294 ], [ 651790.243388222181238, 5590641.903365202248096 ], [ 651609.776005475898273, 5590634.571991571225226 ], [ 651538.332892441307195, 5590462.459126910194755 ], [ 651647.361155788064934, 5590297.678456173278391 ], [ 651827.829576866934076, 5590305.014036329463124 ] ] ] } },
{ "type": "Feature", "properties": { "h3_index": "89ce8c0f517ffff", "pop_h3": 5.7238387067178653, "eod_zona": 59 }, "geometry": { "type": "Polygon", "coordinates": [ [ [ 649244.004370418959297, 5586645.539528003893793 ], [ 649315.494079950382002, 5586817.740017626434565 ], [ 649206.433144357171841, 5586982.558301601558924 ], [ 649025.879540143883787, 5586975.179478451609612 ], [ 648954.385836987639777, 5586802.978162034414709 ], [ 649063.449731796397828, 5586638.156495541334152 ], [ 649244.004370418959297, 5586645.539528003893793 ] ] ] } },
{ "type": "Feature", "properties": { "h3_index": "89ce8c0f447ffff", "pop_h3": 0.0, "eod_zona": 61 }, "geometry": { "type": "Polygon", "coordinates": [ [ [ 652026.950041305506602, 5586082.332767765037715 ], [ 652098.398585465387441, 5586254.51011564489454 ], [ 651989.362911400618032, 5586419.299822560511529 ], [ 651808.87573524878826, 5586411.915562086738646 ], [ 651737.423200690420344, 5586239.737386783584952 ], [ 651846.461832807632163, 5586074.944299355149269 ], [ 652026.950041305506602, 5586082.332767765037715 ] ] ] } },
{ "type": "Feature", "properties": { "h3_index": "89ce8c05113ffff", "pop_h3": 0.0, "eod_zona": 52 }, "geometry": { "type": "Polygon", "coordinates": [ [ [ 638150.151368299964815, 5586022.471982921473682 ], [ 638221.813596116495319, 5586194.810605507344007 ], [ 638112.643775223754346, 5586359.752680821344256 ], [ 637931.808760771877132, 5586352.359520211815834 ], [ 637860.142528464319184, 5586180.020068498328328 ], [ 637969.315315228770487, 5586015.074606497772038 ], [ 638150.151368299964815, 5586022.471982921473682 ] ] ] } },
{ "type": "Feature", "properties": { "h3_index": "89ce8c05c4bffff", "pop_h3": 18.635334531957472, "eod_zona": 58 }, "geometry": { "type": "Polygon", "coordinates": [ [ [ 637130.090052840765566, 5587844.259668245911598 ], [ 637201.762692185002379, 5588016.580908203497529 ], [ 637092.5884479067754, 5588181.527889525517821 ], [ 636911.738599271513522, 5588174.157020434737206 ], [ 636840.061953137861565, 5588001.834954309277236 ], [ 636949.239162560203113, 5587836.884583421051502 ], [ 637130.090052840765566, 5587844.259668245911598 ] ] ] } },
{ "type": "Feature", "properties": { "h3_index": "89ce8c01b27ffff", "pop_h3": 0.0, "eod_zona": 59 }, "geometry": { "type": "Polygon", "coordinates": [ [ [ 648852.601313567720354, 5585275.207176445052028 ], [ 648924.101078473962843, 5585447.434105229564011 ], [ 648815.032364279031754, 5585612.261395051144063 ], [ 648634.460924901999533, 5585604.865136935375631 ], [ 648562.957166921114549, 5585432.637378996238112 ], [ 648672.028841518098488, 5585267.80670830514282 ], [ 648852.601313567720354, 5585275.207176445052028 ] ] ] } },
{ "type": "Feature", "properties": { "h3_index": "89ce8c0f66bffff", "pop_h3": 699.31417388051318, "eod_zona": 47 }, "geometry": { "type": "Polygon", "coordinates": [ [ [ 653715.014130589435808, 5588012.904922684654593 ], [ 653786.430977726355195, 5588185.031880216673017 ], [ 653677.417230511782691, 5588349.796416711993515 ], [ 653496.983680548379198, 5588342.437377970665693 ], [ 653425.562843406107277, 5588170.309596472419798 ], [ 653534.579546360066161, 5588005.541677658446133 ], [ 653715.014130589435808, 5588012.904922684654593 ] ] ] } },
{ "type": "Feature", "properties": { "h3_index": "89ce8c0f23bffff", "pop_h3": 978.59520820210287, "eod_zona": 29 }, "geometry": { "type": "Polygon", "coordinates": [ [ [ 652696.267639261088334, 5589832.705372614786029 ], [ 652767.694780701887794, 5590004.814954613335431 ], [ 652658.676480889786035, 5590169.584356817416847 ], [ 652478.228084749192931, 5590162.247562192380428 ], [ 652406.796951015829109, 5589990.137159178964794 ], [ 652515.818205845425837, 5589825.364371783100069 ], [ 652696.267639261088334, 5589832.705372614786029 ] ] ] } },
{ "type": "Feature", "properties": { "h3_index": "89ce8c0c447ffff", "pop_h3": 0.0, "eod_zona": 49 }, "geometry": { "type": "Polygon", "coordinates": [ [ [ 647709.841678158845752, 5590645.38955644518137 ], [ 647781.343228340381756, 5590817.543707272969186 ], [ 647672.279188191634603, 5590982.364966086111963 ], [ 647491.710640751640312, 5590975.035462566651404 ], [ 647420.205092631513253, 5590802.880491524934769 ], [ 647529.272090017795563, 5590638.055844192393124 ], [ 647709.841678158845752, 5590645.38955644518137 ] ] ] } },
{ "type": "Feature", "properties": { "h3_index": "89ce8c0f463ffff", "pop_h3": 201.44162419277899, "eod_zona": 61 }, "geometry": { "type": "Polygon", "coordinates": [ [ [ 651699.837718680151738, 5586576.707902035675943 ], [ 651771.289836222305894, 5586748.881121454760432 ], [ 651662.252435604576021, 5586913.672713004052639 ], [ 651481.759959693765268, 5586906.294466426596045 ], [ 651410.303851082222536, 5586734.120420379564166 ], [ 651519.34420958138071, 5586569.325447512790561 ], [ 651699.837718680151738, 5586576.707902035675943 ] ] ] } },
{ "type": "Feature", "properties": { "h3_index": "89ce8c0c62bffff", "pop_h3": 59.59431126659431, "eod_zona": 1 }, "geometry": { "type": "Polygon", "coordinates": [ [ [ 648605.321764106862247, 5592374.0811707675457 ], [ 648676.804418710642494, 5592546.197254157625139 ], [ 648567.754084092215635, 5592711.002666906453669 ], [ 648387.218139490811154, 5592703.695386643521488 ], [ 648315.731486674398184, 5592531.578486060723662 ], [ 648424.784776801476255, 5592366.76968290656805 ], [ 648605.321764106862247, 5592374.0811707675457 ] ] ] } },
{ "type": "Feature", "properties": { "h3_index": "89ce8c0f133ffff", "pop_h3": 6.5655936316395778, "eod_zona": 4 }, "geometry": { "type": "Polygon", "coordinates": [ [ [ 648653.835079614073038, 5589498.996073566377163 ], [ 648725.325467940187082, 5589671.157694451510906 ], [ 648616.267172784311697, 5589835.972584137693048 ], [ 648435.715531910769641, 5589828.62923948187381 ], [ 648364.221147398115136, 5589656.466796552762389 ], [ 648473.282400076393969, 5589491.648520299233496 ], [ 648653.835079614073038, 5589498.996073566377163 ] ] ] } },
{ "type": "Feature", "properties": { "h3_index": "89ce8c0f563ffff", "pop_h3": 611.17646785170894, "eod_zona": 63 }, "geometry": { "type": "Polygon", "coordinates": [ [ [ 649672.918514510034584, 5587678.68874644394964 ], [ 649744.398578014224768, 5587850.867747369222343 ], [ 649635.34480026003439, 5588015.67776365019381 ], [ 649454.808000891469419, 5588008.312162677757442 ], [ 649383.323943492141552, 5587836.132336754351854 ], [ 649492.380679484107532, 5587671.318936778232455 ], [ 649672.918514510034584, 5587678.68874644394964 ] ] ] } },
{ "type": "Feature", "properties": { "h3_index": "89ce8c0f1afffff", "pop_h3": 169.61869544289439, "eod_zona": 49 }, "geometry": { "type": "Polygon", "coordinates": [ [ [ 648401.78760119038634, 5589319.481111988425255 ], [ 648473.282400076393969, 5589491.648520299233496 ], [ 648364.221147398115136, 5589656.466796552762389 ], [ 648183.662138177198358, 5589649.121050919406116 ], [ 648112.163342971121892, 5589476.952820234932005 ], [ 648221.22755343595054, 5589312.131157534196973 ], [ 648401.78760119038634, 5589319.481111988425255 ] ] ] } },
{ "type": "Feature", "properties": { "h3_index": "89ce8c0f01bffff", "pop_h3": 1032.9683500981234, "eod_zona": 43 }, "geometry": { "type": "Polygon", "coordinates": [ [ [ 651549.49778324412182, 5587924.532902755774558 ], [ 651620.94823189964518, 5588096.686290425248444 ], [ 651511.913299154257402, 5588261.474879143759608 ], [ 651331.424960864009336, 5588254.113463344983757 ], [ 651259.970520056784153, 5588081.959251306951046 ], [ 651369.008409817470238, 5587917.167279412969947 ], [ 651549.49778324412182, 5587924.532902755774558 ] ] ] } },
{ "type": "Feature", "properties": { "h3_index": "89ce8c0d073ffff", "pop_h3": 53.098710066720912, "eod_zona": 37 }, "geometry": { "type": "Polygon", "coordinates": [ [ [ 652711.286835318198428, 5594570.335023562423885 ], [ 652782.699685184052214, 5594742.368437617085874 ], [ 652673.695355965290219, 5594907.121129950508475 ], [ 652493.275225354591385, 5594899.843799663707614 ], [ 652421.858379961922765, 5594727.80957259144634 ], [ 652530.865660834591836, 5594563.05348880123347 ], [ 652711.286835318198428, 5594570.335023562423885 ] ] ] } },
{ "type": "Feature", "properties": { "h3_index": "89ce8c0c0dbffff", "pop_h3": 0.0, "eod_zona": 49 }, "geometry": { "type": "Polygon", "coordinates": [ [ [ 647849.214249877957627, 5591835.75652214884758 ], [ 647920.710144625860266, 5592007.889973962679505 ], [ 647811.650942677515559, 5592172.705557554960251 ], [ 647631.092889796942472, 5592165.391079343855381 ], [ 647559.592996437917463, 5591993.256809343583882 ], [ 647668.655154699343257, 5591828.437835717573762 ], [ 647849.214249877957627, 5591835.75652214884758 ] ] ] } },
{ "type": "Feature", "properties": { "h3_index": "89ce8c0f40bffff", "pop_h3": 0.0, "eod_zona": 61 }, "geometry": { "type": "Polygon", "coordinates": [ [ [ 651775.008881315588951, 5585902.761168989352882 ], [ 651846.461832807632163, 5586074.944299355149269 ], [ 651737.423200690420344, 5586239.737386783584952 ], [ 651556.92865889321547, 5586232.350724214687943 ], [ 651485.471716873813421, 5586060.166766096837819 ], [ 651594.513307307497598, 5585895.370298277586699 ], [ 651775.008881315588951, 5585902.761168989352882 ] ] ] } },
{ "type": "Feature", "properties": { "h3_index": "89ce8c0f013ffff", "pop_h3": 581.00212258177021, "eod_zona": 44 }, "geometry": { "type": "Polygon", "coordinates": [ [ [ 651297.553551936987787, 5587745.008107638917863 ], [ 651369.008409817470238, 5587917.167279412969947 ], [ 651259.970520056784153, 5588081.959251306951046 ], [ 651079.474815260618925, 5588074.595434456132352 ], [ 651008.015965093160048, 5587902.435437986627221 ], [ 651117.056812137132511, 5587737.640083039179444 ], [ 651297.553551936987787, 5587745.008107638917863 ] ] ] } },
{ "type": "Feature", "properties": { "h3_index": "89ce8c0d5d3ffff", "pop_h3": 20.106552277553334, "eod_zona": 35 }, "geometry": { "type": "Polygon", "coordinates": [ [ [ 651387.995986727648415, 5591809.995869982987642 ], [ 651459.437425849610008, 5591982.088865745812654 ], [ 651350.41226752451621, 5592146.865732242353261 ], [ 651169.942715858342126, 5592139.552991360425949 ], [ 651098.497281753225252, 5591967.45917777530849 ], [ 651207.525394426193088, 5591802.678922873921692 ], [ 651387.995986727648415, 5591809.995869982987642 ] ] ] } },
{ "type": "Feature", "properties": { "h3_index": "89ce8c0e067ffff", "pop_h3": 0.0, "eod_zona": 57 }, "geometry": { "type": "Polygon", "coordinates": [ [ [ 645590.937488917610608, 5587681.36261594388634 ], [ 645662.480378972133622, 5587853.588728351518512 ], [ 645553.387202668236569, 5588018.443496638908982 ], [ 645372.748175915330648, 5588011.075538030825555 ], [ 645301.201287804520689, 5587838.848600155673921 ], [ 645410.297424629679881, 5587673.990446332842112 ], [ 645590.937488917610608, 5587681.36261594388634 ] ] ] } },
{ "type": "Feature", "properties": { "h3_index": "89ce8c0f177ffff", "pop_h3": 0.0, "eod_zona": 4 }, "geometry": { "type": "Polygon", "coordinates": [ [ [ 649157.894700120552443, 5589858.001431768760085 ], [ 649229.376266668201424, 5590030.151478033512831 ], [ 649120.323885747115128, 5590194.95959420222789 ], [ 648939.786981424083933, 5590187.621050900779665 ], [ 648868.301418957882561, 5590015.470183261670172 ], [ 648977.356756860739551, 5589850.658680271357298 ], [ 649157.894700120552443, 5589858.001431768760085 ] ] ] } },
{ "type": "Feature", "properties": { "h3_index": "89ce8c0f28bffff", "pop_h3": 591.17474901897685, "eod_zona": 21 }, "geometry": { "type": "Polygon", "coordinates": [ [ [ 653098.509283081511967, 5588664.617107450030744 ], [ 653169.933691252605058, 5588836.74075279943645 ], [ 653060.915878677973524, 5589001.509794711135328 ], [ 652880.47070244140923, 5588994.158574716188014 ], [ 652809.042303191032261, 5588822.034106429666281 ], [ 652918.0630713874707, 5588657.261681054718792 ], [ 653098.509283081511967, 5588664.617107450030744 ] ] ] } },
{ "type": "Feature", "properties": { "h3_index": "89ce8c0f0a7ffff", "pop_h3": 315.67620706825556, "eod_zona": 44 }, "geometry": { "type": "Polygon", "coordinates": [ [ [ 650176.927801433717832, 5588037.773376991041005 ], [ 650248.399046784616075, 5588209.940807341597974 ], [ 650139.351184705505148, 5588374.744055856019258 ], [ 649958.829119701636955, 5588367.383257943205535 ], [ 649887.353880722890608, 5588195.215003260411322 ], [ 649996.404700504499488, 5588030.408370798453689 ], [ 650176.927801433717832, 5588037.773376991041005 ] ] ] } },
{ "type": "Feature", "properties": { "h3_index": "89ce8c08d27ffff", "pop_h3": 504.94196887381207, "eod_zona": 26 }, "geometry": { "type": "Polygon", "coordinates": [ [ [ 654143.491062603774481, 5589045.612960093654692 ], [ 654214.898248634301126, 5589217.718433535657823 ], [ 654105.891640862566419, 5589382.474696166813374 ], [ 653925.474892423604615, 5589375.128868830390275 ], [ 653854.06371611636132, 5589203.02257321216166 ], [ 653963.073278654366732, 5589038.262927085161209 ], [ 654143.491062603774481, 5589045.612960093654692 ] ] ] } },
{ "type": "Feature", "properties": { "h3_index": "89ce8c05ebbffff", "pop_h3": 2.4880880482463636, "eod_zona": 58 }, "geometry": { "type": "Polygon", "coordinates": [ [ [ 637345.103162089595571, 5588361.212623520754278 ], [ 637416.770992421428673, 5588533.523098602890968 ], [ 637307.60035371244885, 5588698.46593554597348 ], [ 637126.758920144289732, 5588691.101687539368868 ], [ 637055.087082886951976, 5588518.790387189947069 ], [ 637164.260686251916923, 5588353.84416008926928 ], [ 637345.103162089595571, 5588361.212623520754278 ] ] ] } },
{ "type": "Feature", "properties": { "h3_index": "89ce8c0f583ffff", "pop_h3": 0.0, "eod_zona": 59 }, "geometry": { "type": "Polygon", "coordinates": [ [ [ 649319.147439278312959, 5585971.484863026998937 ], [ 649390.637977232923731, 5586143.695267179049551 ], [ 649281.57580216601491, 5586308.515047897584736 ], [ 649101.02012962475419, 5586301.127806024625897 ], [ 649029.525598588748835, 5586128.916573947295547 ], [ 649138.590733305667527, 5585964.093411643989384 ], [ 649319.147439278312959, 5585971.484863026998937 ] ] ] } },
{ "type": "Feature", "properties": { "h3_index": "89ce8c05c7bffff", "pop_h3": 25.164380604451249, "eod_zona": 58 }, "geometry": { "type": "Polygon", "coordinates": [ [ [ 636550.025198174524121, 5588159.414686399511993 ], [ 636621.705851498642005, 5588331.737578460946679 ], [ 636512.526959776878357, 5588496.689831285737455 ], [ 636331.664449618314393, 5588489.322582276538014 ], [ 636259.979788698605262, 5588316.998864512890577 ], [ 636369.161645663203672, 5588152.04322144202888 ], [ 636550.025198174524121, 5588159.414686399511993 ] ] ] } },
{ "type": "Feature", "properties": { "h3_index": "89ce8c0d483ffff", "pop_h3": 151.55844656573834, "eod_zona": 35 }, "geometry": { "type": "Polygon", "coordinates": [ [ [ 652583.494760501664132, 5590843.325157983228564 ], [ 652654.920643394812942, 5591015.419846308417618 ], [ 652545.904199126642197, 5591180.18697146140039 ], [ 652365.458917725016363, 5591172.862794850021601 ], [ 652294.029041732428595, 5591000.767287201248109 ], [ 652403.048440365004353, 5590835.99677546415478 ], [ 652583.494760501664132, 5590843.325157983228564 ] ] ] } },
{ "type": "Feature", "properties": { "h3_index": "89ce8c0f5b3ffff", "pop_h3": 0.0, "eod_zona": 62 }, "geometry": { "type": "Polygon", "coordinates": [ [ [ 648739.895084573072381, 5586286.352725801058114 ], [ 648811.393609092570841, 5586458.564785569906235 ], [ 648702.326754801906645, 5586623.389834453351796 ], [ 648521.758416373399086, 5586616.006205813027918 ], [ 648450.255897967959754, 5586443.793318584561348 ], [ 648559.325712007237598, 5586278.964887435548007 ], [ 648739.895084573072381, 5586286.352725801058114 ] ] ] } },
{ "type": "Feature", "properties": { "h3_index": "89ce8c0e267ffff", "pop_h3": 0.0, "eod_zona": 49 }, "geometry": { "type": "Polygon", "coordinates": [ [ [ 647355.919257136178203, 5588938.361756112426519 ], [ 647427.431283103767782, 5589110.547350522130728 ], [ 647318.35882295970805, 5589275.378416546620429 ], [ 647137.771378330187872, 5589268.027274549007416 ], [ 647066.255355236353353, 5589095.840857 ], [ 647175.33077402645722, 5588931.006404563784599 ], [ 647355.919257136178203, 5588938.361756112426519 ] ] ] } },
{ "type": "Feature", "properties": { "h3_index": "89ce8c0e227ffff", "pop_h3": 0.0, "eod_zona": 49 }, "geometry": { "type": "Polygon", "coordinates": [ [ [ 646562.013083930127323, 5588736.741167142055929 ], [ 646633.537926699966192, 5588908.939161548390985 ], [ 646524.457216173643246, 5589073.779631637968123 ], [ 646343.848703772644512, 5589066.425493797287345 ], [ 646272.319863207638264, 5588894.226675819605589 ], [ 646381.403532967087813, 5588729.382819228805602 ], [ 646562.013083930127323, 5588736.741167142055929 ] ] ] } },
{ "type": "Feature", "properties": { "h3_index": "89ce8c0f623ffff", "pop_h3": 1074.9984652615594, "eod_zona": 22 }, "geometry": { "type": "Polygon", "coordinates": [ [ [ 652669.929031158681028, 5587631.800036141648889 ], [ 652741.363096741493791, 5587803.945166283287108 ], [ 652632.338140462641604, 5587968.722480121068656 ], [ 652451.876162136904895, 5587961.358046079985797 ], [ 652380.438105746521614, 5587789.212091205641627 ], [ 652489.466018618550152, 5587624.431395081803203 ], [ 652669.929031158681028, 5587631.800036141648889 ] ] ] } },
{ "type": "Feature", "properties": { "h3_index": "89ce8c0f247ffff", "pop_h3": 712.02424494572642, "eod_zona": 29 }, "geometry": { "type": "Polygon", "coordinates": [ [ [ 653527.031580484239385, 5589697.305257403291762 ], [ 653598.446327225072309, 5589869.407412920147181 ], [ 653489.435657162917778, 5590034.168175012804568 ], [ 653309.007285843603313, 5590026.830166201107204 ], [ 653237.588547751074657, 5589854.727189538069069 ], [ 653346.602172460290603, 5589689.963042808696628 ], [ 653527.031580484239385, 5589697.305257403291762 ] ] ] } },
{ "type": "Feature", "properties": { "h3_index": "89ce8c0f367ffff", "pop_h3": 264.10613235900399, "eod_zona": 39 }, "geometry": { "type": "Polygon", "coordinates": [ [ [ 650884.151316349394619, 5591451.15622485242784 ], [ 650955.601581886177883, 5591623.260794379748404 ], [ 650846.570514589780942, 5591788.044437559321523 ], [ 650666.086226997664198, 5591780.726899340748787 ], [ 650594.631966209504753, 5591608.62151132337749 ], [ 650703.665988392662257, 5591443.83447998855263 ], [ 650884.151316349394619, 5591451.15622485242784 ] ] ] } },
{ "type": "Feature", "properties": { "h3_index": "89ce8c0f60fffff", "pop_h3": 580.29781084167325, "eod_zona": 47 }, "geometry": { "type": "Polygon", "coordinates": [ [ [ 653248.884862363687716, 5587316.98923741094768 ], [ 653320.310947545571253, 5587489.13271738961339 ], [ 653211.290673940326087, 5587653.904769584536552 ], [ 653030.84135879157111, 5587646.53672338463366 ], [ 652959.411283611203544, 5587474.392418207600713 ], [ 653068.434513705899008, 5587309.616984408348799 ], [ 653248.884862363687716, 5587316.98923741094768 ] ] ] } },
{ "type": "Feature", "properties": { "h3_index": "89ce8c0f2abffff", "pop_h3": 368.88839566076444, "eod_zona": 27 }, "geometry": { "type": "Polygon", "coordinates": [ [ [ 652481.976553966524079, 5589316.355132029391825 ], [ 652553.408525781938806, 5589488.475461182184517 ], [ 652444.386653030989692, 5589653.249005289748311 ], [ 652263.929853088222444, 5589645.905604822561145 ], [ 652192.49388911598362, 5589473.784453757107258 ], [ 652301.518717373372056, 5589309.007525047287345 ], [ 652481.976553966524079, 5589316.355132029391825 ] ] ] } },
{ "type": "Feature", "properties": { "h3_index": "89ce8c0f063ffff", "pop_h3": 652.98630273727929, "eod_zona": 16 }, "geometry": { "type": "Polygon", "coordinates": [ [ [ 651436.744932955130935, 5588935.341691164299846 ], [ 651508.194129087612964, 5589107.480196394957602 ], [ 651399.161051494884305, 5589272.266523311845958 ], [ 651218.675821544602513, 5589264.917729545384645 ], [ 651147.222632452961989, 5589092.778401640243828 ], [ 651256.258666404290125, 5588927.988690153695643 ], [ 651436.744932955130935, 5588935.341691164299846 ] ] ] } },
{ "type": "Feature", "properties": { "h3_index": "89ce8c0f503ffff", "pop_h3": 22.091996855843622, "eod_zona": 59 }, "geometry": { "type": "Polygon", "coordinates": [ [ [ 649496.041351672727615, 5586825.120647436007857 ], [ 649567.526653383043595, 5586997.315352094359696 ], [ 649458.468676732853055, 5587162.130253430455923 ], [ 649277.922439554939047, 5587154.753832725808024 ], [ 649206.433144357171841, 5586982.558301601558924 ], [ 649315.494079950382002, 5586817.740017626434565 ], [ 649496.041351672727615, 5586825.120647436007857 ] ] ] } },
{ "type": "Feature", "properties": { "h3_index": "89ce8c0d427ffff", "pop_h3": 0.0, "eod_zona": 36 }, "geometry": { "type": "Polygon", "coordinates": [ [ [ 651854.206894236733206, 5592505.654285049065948 ], [ 651925.639086683862843, 5592677.730737554840744 ], [ 651816.620458045741543, 5592842.500062341801822 ], [ 651636.166683490620926, 5592835.196323705837131 ], [ 651564.730496058706194, 5592663.119054598733783 ], [ 651673.752078294055536, 5592498.346340700052679 ], [ 651854.206894236733206, 5592505.654285049065948 ] ] ] } },
{ "type": "Feature", "properties": { "h3_index": "89ce8c0892fffff", "pop_h3": 0.0, "eod_zona": 32 }, "geometry": { "type": "Polygon", "coordinates": [ [ [ 654132.106597724603489, 5591582.913927652873099 ], [ 654203.506423175451346, 5591754.978872906416655 ], [ 654094.507081866147928, 5591919.726438676938415 ], [ 653914.104962258017622, 5591912.412446037866175 ], [ 653842.701144781662151, 5591740.346682889387012 ], [ 653951.703439065953717, 5591575.595730254426599 ], [ 654132.106597724603489, 5591582.913927652873099 ] ] ] } },
{ "type": "Feature", "properties": { "h3_index": "89ce8c0e6cfffff", "pop_h3": 0.0, "eod_zona": 59 }, "geometry": { "type": "Polygon", "coordinates": [ [ [ 648310.870196554460563, 5585253.005174526944757 ], [ 648382.378360770992003, 5585425.238717213273048 ], [ 648273.304345498559996, 5585590.072023523040116 ], [ 648092.719205417437479, 5585582.675168212503195 ], [ 648021.207047589239664, 5585410.440796271897852 ], [ 648130.284023583400995, 5585245.604108876548707 ], [ 648310.870196554460563, 5585253.005174526944757 ] ] ] } },
{ "type": "Feature", "properties": { "h3_index": "89ce8c0c2d7ffff", "pop_h3": 0.0, "eod_zona": 1 }, "geometry": { "type": "Polygon", "coordinates": [ [ [ 649071.763928925618529, 5593069.826463170349598 ], [ 649143.237339229439385, 5593241.925995025783777 ], [ 649034.193541620159522, 5593406.723860237747431 ], [ 648853.673379082465544, 5593399.425584685988724 ], [ 648782.195970562752336, 5593227.325236869044602 ], [ 648891.242722924798727, 5593062.52398054022342 ], [ 649071.763928925618529, 5593069.826463170349598 ] ] ] } },
{ "type": "Feature", "properties": { "h3_index": "89ce8c0c413ffff", "pop_h3": 22.211835225816078, "eod_zona": 49 }, "geometry": { "type": "Polygon", "coordinates": [ [ [ 647243.238592917332426, 5589949.394571563228965 ], [ 647314.749379507265985, 5590121.565267977304757 ], [ 647205.678797694155946, 5590286.394062660634518 ], [ 647025.094471432850696, 5590279.055548711679876 ], [ 646953.579686907818541, 5590106.884030855260789 ], [ 647062.653226711554453, 5589942.051848367787898 ], [ 647243.238592917332426, 5589949.394571563228965 ] ] ] } },
{ "type": "Feature", "properties": { "h3_index": "89ce8c0552fffff", "pop_h3": 192.33257445724649, "eod_zona": 52 }, "geometry": { "type": "Polygon", "coordinates": [ [ [ 637720.144356456934474, 5584988.364953310228884 ], [ 637791.816196547588333, 5585160.725087794475257 ], [ 637682.63916915259324, 5585325.675430004484951 ], [ 637501.787334946217015, 5585318.26902321074158 ], [ 637430.111490641487762, 5585145.908057795837522 ], [ 637539.291484885383397, 5584980.954330084845424 ], [ 637720.144356456934474, 5584988.364953310228884 ] ] ] } },
{ "type": "Feature", "properties": { "h3_index": "89ce8c0503bffff", "pop_h3": 10.578765068243705, "eod_zona": 51 }, "geometry": { "type": "Polygon", "coordinates": [ [ [ 639814.987446236191317, 5585751.790934078395367 ], [ 639886.624849300365895, 5585924.114654159173369 ], [ 639777.470277634682134, 5586089.039405263960361 ], [ 639596.675337905879132, 5586081.643821839243174 ], [ 639525.033932231133804, 5585909.319272359833121 ], [ 639634.191469028708525, 5585744.39113568328321 ], [ 639814.987446236191317, 5585751.790934078395367 ] ] ] } },
{ "type": "Feature", "properties": { "h3_index": "89ce8c0e393ffff", "pop_h3": 0.0, "eod_zona": 57 }, "geometry": { "type": "Polygon", "coordinates": [ [ [ 645301.201287804520689, 5587838.848600155673921 ], [ 645372.748175915330648, 5588011.075538030825555 ], [ 645263.652666538371705, 5588175.932939379476011 ], [ 645083.007308602100238, 5588168.566788710653782 ], [ 645011.456422028131783, 5587996.339025602675974 ], [ 645120.554891981650144, 5587831.47823837492615 ], [ 645301.201287804520689, 5587838.848600155673921 ] ] ] } },
{ "type": "Feature", "properties": { "h3_index": "89ce8c05ed7ffff", "pop_h3": 25.589537177230291, "eod_zona": 23 }, "geometry": { "type": "Polygon", "coordinates": [ [ [ 638215.099467936437577, 5587888.506004527211189 ], [ 638286.755279916804284, 5588060.814002403989434 ], [ 638177.591614663018845, 5588225.748933600261807 ], [ 637996.769173054257408, 5588218.379256032407284 ], [ 637925.109355360735208, 5588046.070432185195386 ], [ 638034.275985120097175, 5587881.132111852057278 ], [ 638215.099467936437577, 5587888.506004527211189 ] ] ] } },
{ "type": "Feature", "properties": { "h3_index": "89ce8c05e8bffff", "pop_h3": 67.696797409155408, "eod_zona": 23 }, "geometry": { "type": "Polygon", "coordinates": [ [ [ 637925.109355360735208, 5588046.070432185195386 ], [ 637996.769173054257408, 5588218.379256032407284 ], [ 637887.603182741324417, 5588383.316822593100369 ], [ 637706.774410308105871, 5588375.94895476475358 ], [ 637635.110586497117765, 5588203.639305185526609 ], [ 637744.279541365453042, 5588038.698349145241082 ], [ 637925.109355360735208, 5588046.070432185195386 ] ] ] } },
{ "type": "Feature", "properties": { "h3_index": "89ce8c0f083ffff", "pop_h3": 678.8269915960492, "eod_zona": 64 }, "geometry": { "type": "Polygon", "coordinates": [ [ [ 651083.179326773388311, 5587228.509106375277042 ], [ 651154.6390103030717, 5587400.679020980373025 ], [ 651045.597545249736868, 5587565.475127088837326 ], [ 650865.093439029878937, 5587558.104701030068099 ], [ 650793.629763355944306, 5587385.933960826136172 ], [ 650902.674186175689101, 5587221.134472255595028 ], [ 651083.179326773388311, 5587228.509106375277042 ] ] ] } },
{ "type": "Feature", "properties": { "h3_index": "89ce8c0f197ffff", "pop_h3": 0.0, "eod_zona": 62 }, "geometry": { "type": "Polygon", "coordinates": [ [ [ 648804.108795331558213, 5588151.032833877019584 ], [ 648875.600841734092683, 5588323.214309100992978 ], [ 648766.54005378857255, 5588488.032219923101366 ], [ 648585.98426117899362, 5588480.672040209174156 ], [ 648514.48821967234835, 5588308.489740682765841 ], [ 648623.551966008264571, 5588143.668445147573948 ], [ 648804.108795331558213, 5588151.032833877019584 ] ] ] } },
{ "type": "Feature", "properties": { "h3_index": "89ce8c0d477ffff", "pop_h3": 321.3957310475522, "eod_zona": 35 }, "geometry": { "type": "Polygon", "coordinates": [ [ [ 652684.992712700972334, 5592370.122022734023631 ], [ 652756.412502331426367, 5592542.191055139526725 ], [ 652647.401491020107642, 5592706.951742772012949 ], [ 652466.967736980877817, 5592699.646786536090076 ], [ 652395.543953306507319, 5592527.576937399804592 ], [ 652504.55791784694884, 5592362.812861207872629 ], [ 652684.992712700972334, 5592370.122022734023631 ] ] ] } },
{ "type": "Feature", "properties": { "h3_index": "89ce8c0c403ffff", "pop_h3": 104.29133335553126, "eod_zona": 49 }, "geometry": { "type": "Polygon", "coordinates": [ [ [ 647205.678797694155946, 5590286.394062660634518 ], [ 647277.189170991070569, 5590458.559791431762278 ], [ 647168.119216101360507, 5590623.387827156111598 ], [ 646987.535930271609686, 5590616.053522356785834 ], [ 646916.021558769745752, 5590443.886972704902291 ], [ 647025.094471432850696, 5590279.055548711679876 ], [ 647205.678797694155946, 5590286.394062660634518 ] ] ] } },
{ "type": "Feature", "properties": { "h3_index": "89ce8c0f337ffff", "pop_h3": 209.78286565284333, "eod_zona": 5 }, "geometry": { "type": "Polygon", "coordinates": [ [ [ 650128.29595569614321, 5590912.835361656732857 ], [ 650199.75945922115352, 5591084.957292406819761 ], [ 650090.719526457134634, 5591249.751099675893784 ], [ 649910.213134604506195, 5591242.426363952457905 ], [ 649838.745635423576459, 5591070.303613713011146 ], [ 649947.788523880415596, 5590905.506418664008379 ], [ 650128.29595569614321, 5590912.835361656732857 ] ] ] } },
{ "type": "Feature", "properties": { "h3_index": "89ce8c0c4d7ffff", "pop_h3": 0.0, "eod_zona": 49 }, "geometry": { "type": "Polygon", "coordinates": [ [ [ 647570.450511834234931, 5589454.907786201685667 ], [ 647641.957714371848851, 5589627.082627194933593 ], [ 647532.888838092680089, 5589791.909550027921796 ], [ 647352.309801245341077, 5589784.565018842928112 ], [ 647280.798601446324028, 5589612.389355610124767 ], [ 647389.870435886201449, 5589447.559045778587461 ], [ 647570.450511834234931, 5589454.907786201685667 ] ] ] } },
{ "type": "Feature", "properties": { "h3_index": "89ce8c0e207ffff", "pop_h3": 0.0, "eod_zona": 49 }, "geometry": { "type": "Polygon", "coordinates": [ [ [ 647178.932942664599977, 5588084.746197323314846 ], [ 647250.450203581131063, 5588256.947507167235017 ], [ 647141.373534160782583, 5588421.783468287438154 ], [ 646960.776644602417946, 5588414.421504901722074 ], [ 646889.255386967444792, 5588242.219370457343757 ], [ 646998.335015739779919, 5588077.380023976787925 ], [ 647178.932942664599977, 5588084.746197323314846 ] ] ] } },
{ "type": "Feature", "properties": { "h3_index": "89ce8c0e397ffff", "pop_h3": 0.0, "eod_zona": 57 }, "geometry": { "type": "Polygon", "coordinates": [ [ [ 645011.456422028131783, 5587996.339025602675974 ], [ 645083.007308602100238, 5588168.566788710653782 ], [ 644973.909466724726371, 5588333.426823005080223 ], [ 644793.257777776219882, 5588326.062480386346579 ], [ 644721.702892336412333, 5588153.833892276510596 ], [ 644830.803694841102697, 5587988.970471764914691 ], [ 645011.456422028131783, 5587996.339025602675974 ] ] ] } },
{ "type": "Feature", "properties": { "h3_index": "89ce8c0f1dbffff", "pop_h3": 207.21714417590937, "eod_zona": 18 }, "geometry": { "type": "Polygon", "coordinates": [ [ [ 650139.351184705505148, 5588374.744055856019258 ], [ 650210.822014145087451, 5588546.906525033526123 ], [ 650101.774772351142019, 5588711.709020091220737 ], [ 649921.253743760520592, 5588704.352430358529091 ], [ 649849.778920422075316, 5588532.189137413166463 ], [ 649958.829119701636955, 5588367.383257943205535 ], [ 650139.351184705505148, 5588374.744055856019258 ] ] ] } },
{ "type": "Feature", "properties": { "h3_index": "89ce8c72587ffff", "pop_h3": 0.0, "eod_zona": 33 }, "geometry": { "type": "Polygon", "coordinates": [ [ [ 655819.20922302978579, 5593511.898212023079395 ], [ 655890.577300307108089, 5593683.912729323841631 ], [ 655781.599854927277192, 5593848.635050749406219 ], [ 655601.251381731941365, 5593841.346243502572179 ], [ 655529.879312828066759, 5593669.330911752767861 ], [ 655638.859708873438649, 5593504.605201673693955 ], [ 655819.20922302978579, 5593511.898212023079395 ] ] ] } },
{ "type": "Feature", "properties": { "h3_index": "89ce8c0d693ffff", "pop_h3": 0.0, "eod_zona": 32 }, "geometry": { "type": "Polygon", "coordinates": [ [ [ 654383.902215388370678, 5591762.294672485440969 ], [ 654455.297627238323912, 5591934.353833262808621 ], [ 654346.30123863730114, 5592099.098012045025826 ], [ 654165.906485608196817, 5592091.786417019553483 ], [ 654094.507081866147928, 5591919.726438676938415 ], [ 654203.506423175451346, 5591754.978872906416655 ], [ 654383.902215388370678, 5591762.294672485440969 ] ] ] } },
{ "type": "Feature", "properties": { "h3_index": "89ce8c0f21bffff", "pop_h3": 1056.0929999087568, "eod_zona": 25 }, "geometry": { "type": "Polygon", "coordinates": [ [ [ 653312.77767760225106, 5589180.977299486286938 ], [ 653384.197255562059581, 5589353.090200544334948 ], [ 653275.183014393900521, 5589517.855103534646332 ], [ 653094.746240260777995, 5589510.510489489883184 ], [ 653023.322671087924391, 5589338.396766385063529 ], [ 653132.339867390808649, 5589173.628479346632957 ], [ 653312.77767760225106, 5589180.977299486286938 ] ] ] } },
{ "type": "Feature", "properties": { "h3_index": "89ce8c05037ffff", "pop_h3": 151.66904196298893, "eod_zona": 50 }, "geometry": { "type": "Polygon", "coordinates": [ [ [ 639272.585810242686421, 5585729.590941002592444 ], [ 639344.23162157414481, 5585901.921282596886158 ], [ 639235.07175429223571, 5586066.852057411335409 ], [ 639054.263110354659148, 5586059.455876391381025 ], [ 638982.613295877468772, 5585887.124705296941102 ], [ 639091.776128610246815, 5585722.190544698387384 ], [ 639272.585810242686421, 5585729.590941002592444 ] ] ] } },
{ "type": "Feature", "properties": { "h3_index": "89ce8c0e643ffff", "pop_h3": 0.0, "eod_zona": 62 }, "geometry": { "type": "Polygon", "coordinates": [ [ [ 648525.389870086917654, 5585769.695062036626041 ], [ 648596.893214956624433, 5585941.917863894253969 ], [ 648487.822780326474458, 5586106.747042479924858 ], [ 648307.246040715370327, 5586099.356800861656666 ], [ 648235.738702093367465, 5585927.133170645684004 ], [ 648344.81209696107544, 5585762.300610383972526 ], [ 648525.389870086917654, 5585769.695062036626041 ] ] ] } },
{ "type": "Feature", "properties": { "h3_index": "89ce8c0c45bffff", "pop_h3": 0.0, "eod_zona": 49 }, "geometry": { "type": "Polygon", "coordinates": [ [ [ 648289.088870302308351, 5590330.420996415428817 ], [ 648360.582425822271034, 5590502.573506116867065 ], [ 648251.523047645343468, 5590667.389508227817714 ], [ 648070.967156945145689, 5590660.056388453580439 ], [ 647999.469604296376929, 5590487.903058072552085 ], [ 648108.531939608743414, 5590323.083668122068048 ], [ 648289.088870302308351, 5590330.420996415428817 ] ] ] } },
{ "type": "Feature", "properties": { "h3_index": "89ce8c0f4afffff", "pop_h3": 0.0, "eod_zona": 45 }, "geometry": { "type": "Polygon", "coordinates": [ [ [ 650691.966940980637446, 5585858.412961448542774 ], [ 650763.436688464251347, 5586030.60931361746043 ], [ 650654.387454705312848, 5586195.414429686963558 ], [ 650473.865514633129351, 5586188.026574390009046 ], [ 650402.391775547293946, 5586015.829394268803298 ], [ 650511.443968262523413, 5585851.020897376351058 ], [ 650691.966940980637446, 5585858.412961448542774 ] ] ] } },
{ "type": "Feature", "properties": { "h3_index": "89ce8c0d697ffff", "pop_h3": 26.019474498795837, "eod_zona": 33 }, "geometry": { "type": "Polygon", "coordinates": [ [ [ 654094.507081866147928, 5591919.726438676938415 ], [ 654165.906485608196817, 5592091.786417019553483 ], [ 654056.907761916401796, 5592256.533220073208213 ], [ 653876.506681849248707, 5592249.223432090133429 ], [ 653805.103285806020722, 5592077.162636416964233 ], [ 653914.104962258017622, 5591912.412446037866175 ], [ 654094.507081866147928, 5591919.726438676938415 ] ] ] } },
{ "type": "Feature", "properties": { "h3_index": "89ce8c0d5b7ffff", "pop_h3": 8.960664884000952, "eod_zona": 3 }, "geometry": { "type": "Polygon", "coordinates": [ [ [ 649688.447817377396859, 5592417.945962695404887 ], [ 649759.913649448542856, 5592590.048833764158189 ], [ 649650.873882673913613, 5592754.842215449549258 ], [ 649470.365329083520919, 5592747.536116014234722 ], [ 649398.895499875769019, 5592575.432427948340774 ], [ 649507.938221524120308, 5592410.635656291618943 ], [ 649688.447817377396859, 5592417.945962695404887 ] ] ] } },
{ "type": "Feature", "properties": { "h3_index": "89ce8c08dbbffff", "pop_h3": 0.0, "eod_zona": 24 }, "geometry": { "type": "Polygon", "coordinates": [ [ [ 654545.714109687483869, 5587877.598648702725768 ], [ 654617.118568514706567, 5588049.718175862915814 ], [ 654508.112460169941187, 5588214.474070751108229 ], [ 654327.698937764158472, 5588207.113820215687156 ], [ 654256.290489876060747, 5588034.993468953296542 ], [ 654365.299553584307432, 5587870.234192301519215 ], [ 654545.714109687483869, 5587877.598648702725768 ] ] ] } },
{ "type": "Feature", "properties": { "h3_index": "89ce8c05aa3ffff", "pop_h3": 0.0, "eod_zona": 58 }, "geometry": { "type": "Polygon", "coordinates": [ [ [ 636792.584272262989543, 5590879.467462854459882 ], [ 636864.253299547359347, 5591051.743948644958436 ], [ 636755.084838099079207, 5591216.684108696877956 ], [ 636574.244386328500696, 5591209.351176687516272 ], [ 636502.571349820122123, 5591037.073869823478162 ], [ 636611.742774435086176, 5590872.130316018126905 ], [ 636792.584272262989543, 5590879.467462854459882 ] ] ] } },
{ "type": "Feature", "properties": { "h3_index": "89ce8c0e103ffff", "pop_h3": 0.0, "eod_zona": 57 }, "geometry": { "type": "Polygon", "coordinates": [ [ [ 643675.219316102098674, 5587772.508198657073081 ], [ 643746.79142656410113, 5587944.75498151499778 ], [ 643637.680038417107426, 5588109.630441658198833 ], [ 643456.993578397668898, 5588102.262505448423326 ], [ 643385.41746785887517, 5587930.014897059649229 ], [ 643494.531817542389035, 5587765.136050390079618 ], [ 643675.219316102098674, 5587772.508198657073081 ] ] ] } },
{ "type": "Feature", "properties": { "h3_index": "89ce8c0e223ffff", "pop_h3": 0.0, "eod_zona": 49 }, "geometry": { "type": "Polygon", "coordinates": [ [ [ 646851.697641161736101, 5588579.260097962804139 ], [ 646923.218486540950835, 5588751.457268566824496 ], [ 646814.140108836931176, 5588916.295107291080058 ], [ 646633.537926699966192, 5588908.939161548390985 ], [ 646562.013083930127323, 5588736.741167142055929 ], [ 646671.094420816283673, 5588571.899942256510258 ], [ 646851.697641161736101, 5588579.260097962804139 ] ] ] } },
{ "type": "Feature", "properties": { "h3_index": "89ce8c0f5c7ffff", "pop_h3": 0.0, "eod_zona": 59 }, "geometry": { "type": "Polygon", "coordinates": [ [ [ 649823.215420180349611, 5586330.675580649636686 ], [ 649894.697143682860769, 5586502.874415987171233 ], [ 649785.640887106419541, 5586667.687433156184852 ], [ 649605.099948044400662, 5586660.304996803402901 ], [ 649533.614231728250161, 5586488.105334208346903 ], [ 649642.673447416862473, 5586323.288935201242566 ], [ 649823.215420180349611, 5586330.675580649636686 ] ] ] } },
{ "type": "Feature", "properties": { "h3_index": "89ce8c0f2cfffff", "pop_h3": 837.20747162109467, "eod_zona": 26 }, "geometry": { "type": "Polygon", "coordinates": [ [ [ 653602.224014792940579, 5589023.562267623841763 ], [ 653673.639601937495172, 5589195.674346408806741 ], [ 653564.627699800767004, 5589360.436621025204659 ], [ 653384.197255562059581, 5589353.090200544334948 ], [ 653312.77767760225106, 5589180.977299486286938 ], [ 653421.792534826090559, 5589016.211641157977283 ], [ 653602.224014792940579, 5589023.562267623841763 ] ] ] } },
{ "type": "Feature", "properties": { "h3_index": "89ce8c0f333ffff", "pop_h3": 543.44931361025215, "eod_zona": 8 }, "geometry": { "type": "Polygon", "coordinates": [ [ [ 650417.837614785064943, 5590755.371544587425888 ], [ 650489.297123058349825, 5590927.492655622772872 ], [ 650380.259523033630103, 5591092.283835822716355 ], [ 650199.75945922115352, 5591084.957292406819761 ], [ 650128.29595569614321, 5590912.835361656732857 ], [ 650237.336511362460442, 5590748.040794013999403 ], [ 650417.837614785064943, 5590755.371544587425888 ] ] ] } },
{ "type": "Feature", "properties": { "h3_index": "89ce8c0f6a7ffff", "pop_h3": 406.57081007877878, "eod_zona": 65 }, "geometry": { "type": "Polygon", "coordinates": [ [ [ 652203.702466631424613, 5586935.806261462159455 ], [ 652275.145767886890098, 5587107.967914961278439 ], [ 652166.114282230613753, 5587272.752743493765593 ], [ 651985.636538103222847, 5587265.379300077445805 ], [ 651914.189246045192704, 5587093.216820617206395 ], [ 652023.223689046688378, 5586928.428610515780747 ], [ 652203.702466631424613, 5586935.806261462159455 ] ] ] } },
{ "type": "Feature", "properties": { "h3_index": "89ce8c0d093ffff", "pop_h3": 34.529412497538708, "eod_zona": 37 }, "geometry": { "type": "Polygon", "coordinates": [ [ [ 652357.954393385443836, 5592864.410098183900118 ], [ 652429.377756970701739, 5593036.474977023899555 ], [ 652320.365034725167789, 5593201.237523209303617 ], [ 652139.925995960365981, 5593193.938579896464944 ], [ 652068.498637656448409, 5593021.872885120101273 ], [ 652177.514312966610305, 5592857.106949573382735 ], [ 652357.954393385443836, 5592864.410098183900118 ] ] ] } },
{ "type": "Feature", "properties": { "h3_index": "89ce8c08dafffff", "pop_h3": 335.93469977584698, "eod_zona": 24 }, "geometry": { "type": "Polygon", "coordinates": [ [ [ 654218.690487433923408, 5588371.872344747185707 ], [ 654290.098514786339365, 5588543.987737556919456 ], [ 654181.090678234351799, 5588708.745509039610624 ], [ 654000.671859261812642, 5588701.391270258463919 ], [ 653929.259842175291851, 5588529.275054142810404 ], [ 654038.270633925916627, 5588364.513900089077652 ], [ 654218.690487433923408, 5588371.872344747185707 ] ] ] } },
{ "type": "Feature", "properties": { "h3_index": "89ce8c0c613ffff", "pop_h3": 278.69263303512946, "eod_zona": 2 }, "geometry": { "type": "Polygon", "coordinates": [ [ [ 649007.612693984177895, 5591205.799726506695151 ], [ 649079.092598311952315, 5591377.929903239943087 ], [ 648970.042714920011349, 5591542.734979805536568 ], [ 648789.509971218183637, 5591535.413268291391432 ], [ 648718.026069890707731, 5591363.282272440381348 ], [ 648827.078909394214861, 5591198.473807197995484 ], [ 649007.612693984177895, 5591205.799726506695151 ] ] ] } },
{ "type": "Feature", "properties": { "h3_index": "89ce8c0f52fffff", "pop_h3": 0.0, "eod_zona": 62 }, "geometry": { "type": "Polygon", "coordinates": [ [ [ 648841.677744745044038, 5587814.027733321301639 ], [ 648913.170205457601696, 5587986.214170074090362 ], [ 648804.108795331558213, 5588151.032833877019584 ], [ 648623.551966008264571, 5588143.668445147573948 ], [ 648552.055510459467769, 5587971.481183522380888 ], [ 648661.119879196863621, 5587806.65913547296077 ], [ 648841.677744745044038, 5587814.027733321301639 ] ] ] } },
{ "type": "Feature", "properties": { "h3_index": "89ce8c0d6bbffff", "pop_h3": 117.02038021368176, "eod_zona": 33 }, "geometry": { "type": "Polygon", "coordinates": [ [ [ 654019.308638196554966, 5592593.334270096383989 ], [ 654090.707198283053003, 5592765.384312153793871 ], [ 653981.709711034200154, 5592930.129587013274431 ], [ 653801.310711507918313, 5592922.828208042308688 ], [ 653729.908158585662022, 5592750.777349782176316 ], [ 653838.908598156413063, 5592586.028686670586467 ], [ 654019.308638196554966, 5592593.334270096383989 ] ] ] } },
{ "type": "Feature", "properties": { "h3_index": "89ce8c0f6abffff", "pop_h3": 382.29125095005566, "eod_zona": 46 }, "geometry": { "type": "Polygon", "coordinates": [ [ [ 652745.111403172137216, 5586957.938023177906871 ], [ 652816.546305688796565, 5587130.093067964538932 ], [ 652707.520118834683672, 5587294.871883245185018 ], [ 652527.05607256887015, 5587287.49903507065028 ], [ 652455.617179784923792, 5587115.343164422549307 ], [ 652564.646323666558601, 5586950.56096778716892 ], [ 652745.111403172137216, 5586957.938023177906871 ] ] ] } },
{ "type": "Feature", "properties": { "h3_index": "89ce8c0c677ffff", "pop_h3": 150.20044901110614, "eod_zona": 1 }, "geometry": { "type": "Polygon", "coordinates": [ [ [ 648894.903386018355377, 5592216.588289740495384 ], [ 648966.382042812183499, 5592388.703555706888437 ], [ 648857.334036824526265, 5592553.506342896260321 ], [ 648676.804418710642494, 5592546.197254157625139 ], [ 648605.321764106862247, 5592374.0811707675457 ], [ 648714.37272555520758, 5592209.274993514642119 ], [ 648894.903386018355377, 5592216.588289740495384 ] ] ] } },
{ "type": "Feature", "properties": { "h3_index": "89ce8c0e07bffff", "pop_h3": 0.0, "eod_zona": 49 }, "geometry": { "type": "Polygon", "coordinates": [ [ [ 646170.383894188329577, 5587366.403971230611205 ], [ 646241.918789337389171, 5587538.628432010300457 ], [ 646132.830280903610401, 5587703.477933815680444 ], [ 645952.203917026054114, 5587696.106359679251909 ], [ 645880.665024626534432, 5587523.881072966381907 ], [ 645989.75649348506704, 5587359.028186304494739 ], [ 646170.383894188329577, 5587366.403971230611205 ] ] ] } },
{ "type": "Feature", "properties": { "h3_index": "89ce8c08917ffff", "pop_h3": 0.0, "eod_zona": 32 }, "geometry": { "type": "Polygon", "coordinates": [ [ [ 654534.308069334598258, 5590415.02404557261616 ], [ 654605.705168596236035, 5590587.103066824376583 ], [ 654496.706314454320818, 5590751.850289123132825 ], [ 654316.307407601270825, 5590744.521875280886889 ], [ 654244.906317521817982, 5590572.442034211009741 ], [ 654353.908125242451206, 5590407.69142677821219 ], [ 654534.308069334598258, 5590415.02404557261616 ] ] ] } },
{ "type": "Feature", "properties": { "h3_index": "89ce8c0f39bffff", "pop_h3": 758.76662070160739, "eod_zona": 15 }, "geometry": { "type": "Polygon", "coordinates": [ [ [ 651109.640407004742883, 5589429.706685717217624 ], [ 651181.093178690993227, 5589601.84105060249567 ], [ 651072.058383974363096, 5589766.629250539466739 ], [ 650891.567861504037865, 5589759.286470943130553 ], [ 650820.111096181441098, 5589587.151284181512892 ], [ 650929.148847095784731, 5589422.359698871150613 ], [ 651109.640407004742883, 5589429.706685717217624 ] ] ] } },
{ "type": "Feature", "properties": { "h3_index": "89ce8c0d50fffff", "pop_h3": 0.0, "eod_zona": 36 }, "geometry": { "type": "Polygon", "coordinates": [ [ [ 650696.249357544002123, 5593135.539956491440535 ], [ 650767.697532361140475, 5593307.619673999026418 ], [ 650658.669582393020391, 5593472.399494542740285 ], [ 650478.1905039367266, 5593465.102988028898835 ], [ 650406.738332520006225, 5593293.022454852238297 ], [ 650515.769236285705119, 5593128.239243838004768 ], [ 650696.249357544002123, 5593135.539956491440535 ] ] ] } },
{ "type": "Feature", "properties": { "h3_index": "89ce8c0f277ffff", "pop_h3": 782.47026445233178, "eod_zona": 29 }, "geometry": { "type": "Polygon", "coordinates": [ [ [ 652948.136847640620545, 5590012.153556009754539 ], [ 653019.559577487874776, 5590184.257353588938713 ], [ 652910.544232429703698, 5590349.023370477370918 ], [ 652730.103202900150791, 5590341.688975079916418 ], [ 652658.676480889786035, 5590169.584356817416847 ], [ 652767.694780701887794, 5590004.814954613335431 ], [ 652948.136847640620545, 5590012.153556009754539 ] ] ] } },
{ "type": "Feature", "properties": { "h3_index": "89ce8c0f19bffff", "pop_h3": 211.46025153002947, "eod_zona": 18 }, "geometry": { "type": "Polygon", "coordinates": [ [ [ 649345.751885834732093, 5588173.124810590408742 ], [ 649417.235528300050646, 5588345.299675289541483 ], [ 649308.180034586926922, 5588510.111570218577981 ], [ 649127.637940465589054, 5588502.751984919421375 ], [ 649056.150303431553766, 5588330.576296015642583 ], [ 649165.20875521725975, 5588165.761016588658094 ], [ 649345.751885834732093, 5588173.124810590408742 ] ] ] } },
{ "type": "Feature", "properties": { "h3_index": "89ce8c0f42fffff", "pop_h3": 143.34304895009137, "eod_zona": 64 }, "geometry": { "type": "Polygon", "coordinates": [ [ [ 650868.790626691072248, 5586711.977879128418863 ], [ 650940.255134857492521, 5586884.158535308204591 ], [ 650831.210094213252887, 5587048.95877365488559 ], [ 650650.697587280767038, 5587041.581737668253481 ], [ 650579.229087104205973, 5586869.400254994630814 ], [ 650688.277086001005955, 5586704.596634777262807 ], [ 650868.790626691072248, 5586711.977879128418863 ] ] ] } },
{ "type": "Feature", "properties": { "h3_index": "89ce8c0d517ffff", "pop_h3": 0.0, "eod_zona": 36 }, "geometry": { "type": "Polygon", "coordinates": [ [ [ 650481.895167678128928, 5592619.279283559881151 ], [ 650553.348175092367455, 5592791.369761131703854 ], [ 650444.316646830178797, 5592956.153738052584231 ], [ 650263.829156998544931, 5592948.850627261213958 ], [ 650192.372153119416907, 5592776.759333125315607 ], [ 650301.406635663472116, 5592611.971966320648789 ], [ 650481.895167678128928, 5592619.279283559881151 ] ] ] } },
{ "type": "Feature", "properties": { "h3_index": "89ce8c0f0bbffff", "pop_h3": 320.781519808025, "eod_zona": 44 }, "geometry": { "type": "Polygon", "coordinates": [ [ [ 650756.049634436611086, 5587722.903438902460039 ], [ 650827.512893743114546, 5587895.069219885393977 ], [ 650718.469707782496698, 5588059.867206139490008 ], [ 650537.960305045708083, 5588052.502794655039907 ], [ 650466.493052916717716, 5587880.336188872344792 ], [ 650575.539196479832754, 5587715.534819351509213 ], [ 650756.049634436611086, 5587722.903438902460039 ] ] ] } },
{ "type": "Feature", "properties": { "h3_index": "89ce8c0d0abffff", "pop_h3": 75.43683566079288, "eod_zona": 37 }, "geometry": { "type": "Polygon", "coordinates": [ [ [ 651955.736160308355466, 5594032.348261018283665 ], [ 652027.162258660187945, 5594204.399038290604949 ], [ 651918.149073670967482, 5594369.161904632113874 ], [ 651737.706837998237461, 5594361.877384758554399 ], [ 651666.276743716793135, 5594189.825793473049998 ], [ 651775.292881167144515, 5594025.059536047279835 ], [ 651955.736160308355466, 5594032.348261018283665 ] ] ] } },
{ "type": "Feature", "properties": { "h3_index": "89ce8c042cbffff", "pop_h3": 61.747419898107097, "eod_zona": 53 }, "geometry": { "type": "Polygon", "coordinates": [ [ [ 637215.07434856146574, 5584628.803651377558708 ], [ 637286.754997335025109, 5584801.175371738150716 ], [ 637177.572035972261801, 5584966.132484823465347 ], [ 636996.705458579584956, 5584958.721262769773602 ], [ 636925.020805326523259, 5584786.348710809834301 ], [ 637034.206734075210989, 5584621.388212477788329 ], [ 637215.07434856146574, 5584628.803651377558708 ] ] ] } },
{ "type": "Feature", "properties": { "h3_index": "89ce8c0f627ffff", "pop_h3": 623.98175524984549, "eod_zona": 22 }, "geometry": { "type": "Polygon", "coordinates": [ [ [ 652380.438105746521614, 5587789.212091205641627 ], [ 652451.876162136904895, 5587961.358046079985797 ], [ 652342.848865379230119, 5588126.13799056224525 ], [ 652162.380555715411901, 5588118.775362770073116 ], [ 652090.938508116523735, 5587946.628583396784961 ], [ 652199.968761517084204, 5587781.845256289467216 ], [ 652380.438105746521614, 5587789.212091205641627 ] ] ] } },
{ "type": "Feature", "properties": { "h3_index": "89ce8c0e67bffff", "pop_h3": 0.0, "eod_zona": 62 }, "geometry": { "type": "Polygon", "coordinates": [ [ [ 648198.173266658326611, 5586264.188614151440561 ], [ 648269.680192359606735, 5586436.407286897301674 ], [ 648160.608039516024292, 5586601.238352292217314 ], [ 647980.026001030229963, 5586593.854127397760749 ], [ 647908.51508090342395, 5586421.634627092629671 ], [ 648017.59019381843973, 5586256.800179217942059 ], [ 648198.173266658326611, 5586264.188614151440561 ] ] ] } },
{ "type": "Feature", "properties": { "h3_index": "89ce8c0e28bffff", "pop_h3": 0.0, "eod_zona": 49 }, "geometry": { "type": "Polygon", "coordinates": [ [ [ 647543.724606658448465, 5587253.19269447401166 ], [ 647615.238696601008996, 5587425.403102438896894 ], [ 647506.163114009075798, 5587590.237935582175851 ], [ 647325.570481865899637, 5587582.865744824521244 ], [ 647254.052396150887944, 5587410.654510895721614 ], [ 647363.130938476650044, 5587245.816293663345277 ], [ 647543.724606658448465, 5587253.19269447401166 ] ] ] } },
{ "type": "Feature", "properties": { "h3_index": "89ce8c052b3ffff", "pop_h3": 0.0, "eod_zona": 51 }, "geometry": { "type": "Polygon", "coordinates": [ [ [ 641152.049167270073667, 5585975.892215100117028 ], [ 641223.665349211543798, 5586148.196902777068317 ], [ 641114.524333621840924, 5586313.106222511269152 ], [ 640933.76417199568823, 5586305.714239808730781 ], [ 640862.143988651456311, 5586133.408723269589245 ], [ 640971.28796846664045, 5585968.49601826723665 ], [ 641152.049167270073667, 5585975.892215100117028 ] ] ] } },
{ "type": "Feature", "properties": { "h3_index": "89ce8c0e073ffff", "pop_h3": 0.0, "eod_zona": 57 }, "geometry": { "type": "Polygon", "coordinates": [ [ [ 645918.217190328170545, 5587186.797937603667378 ], [ 645989.75649348506704, 5587359.028186304494739 ], [ 645880.665024626534432, 5587523.881072966381907 ], [ 645700.031292046536691, 5587516.507095640525222 ], [ 645628.487991506583057, 5587344.276020674966276 ], [ 645737.582421059603803, 5587179.419749278575182 ], [ 645918.217190328170545, 5587186.797937603667378 ] ] ] } },
{ "type": "Feature", "properties": { "h3_index": "89ce8c0f523ffff", "pop_h3": 0.0, "eod_zona": 62 }, "geometry": { "type": "Polygon", "coordinates": [ [ [ 648879.246901707374491, 5587477.016919997520745 ], [ 648950.739776650676504, 5587649.208317461423576 ], [ 648841.677744745044038, 5587814.027733321301639 ], [ 648661.119879196863621, 5587806.65913547296077 ], [ 648589.623009688802995, 5587634.466912577860057 ], [ 648698.688000421505421, 5587469.644112935289741 ], [ 648879.246901707374491, 5587477.016919997520745 ] ] ] } },
{ "type": "Feature", "properties": { "h3_index": "89ce8c0f093ffff", "pop_h3": 422.89330497137536, "eod_zona": 55 }, "geometry": { "type": "Polygon", "coordinates": [ [ [ 651120.761309347697534, 5586891.537377585656941 ], [ 651192.221409431891516, 5587063.712250026874244 ], [ 651083.179326773388311, 5587228.509106375277042 ], [ 650902.674186175689101, 5587221.134472255595028 ], [ 650831.210094213252887, 5587048.95877365488559 ], [ 650940.255134857492521, 5586884.158535308204591 ], [ 651120.761309347697534, 5586891.537377585656941 ] ] ] } },
{ "type": "Feature", "properties": { "h3_index": "89ce8c0c013ffff", "pop_h3": 0.0, "eod_zona": 49 }, "geometry": { "type": "Polygon", "coordinates": [ [ [ 646980.324523852905259, 5592308.270689636468887 ], [ 647051.832415651180781, 5592480.406595316715539 ], [ 646942.766230801935308, 5592645.230057930573821 ], [ 646762.189197818399407, 5592637.921005895361304 ], [ 646690.677306194091216, 5592465.78428272716701 ], [ 646799.746447508456185, 5592300.957429059781134 ], [ 646980.324523852905259, 5592308.270689636468887 ] ] ] } },
{ "type": "Feature", "properties": { "h3_index": "89ce8c0f62bffff", "pop_h3": 905.20155015399359, "eod_zona": 22 }, "geometry": { "type": "Polygon", "coordinates": [ [ [ 652921.81874356395565, 5587811.311406459659338 ], [ 652993.24839988455642, 5587983.450753647834063 ], [ 652884.226399929146282, 5588148.224685076624155 ], [ 652703.771787456586026, 5588140.862651707604527 ], [ 652632.338140462641604, 5587968.722480121068656 ], [ 652741.363096741493791, 5587803.945166283287108 ], [ 652921.81874356395565, 5587811.311406459659338 ] ] ] } },
{ "type": "Feature", "properties": { "h3_index": "89ce8c0f68bffff", "pop_h3": 97.298130942995869, "eod_zona": 48 }, "geometry": { "type": "Polygon", "coordinates": [ [ [ 653361.668597523588687, 5586306.208406630903482 ], [ 653433.095939602702856, 5586478.366753959096968 ], [ 653324.073824479128234, 5586643.141054189763963 ], [ 653143.621410263003781, 5586635.760387280955911 ], [ 653072.190078995539807, 5586463.601213064044714 ], [ 653181.215151260490529, 5586298.823532619513571 ], [ 653361.668597523588687, 5586306.208406630903482 ] ] ] } },
{ "type": "Feature", "properties": { "h3_index": "89ce8c0d047ffff", "pop_h3": 27.089789451472157, "eod_zona": 37 }, "geometry": { "type": "Polygon", "coordinates": [ [ [ 653000.706636950955726, 5594412.86490395385772 ], [ 653072.115491691743955, 5594584.897504760883749 ], [ 652963.113491546129808, 5594749.647576043382287 ], [ 652782.699685184052214, 5594742.368437617085874 ], [ 652711.286835318198428, 5594570.335023562423885 ], [ 652820.291787067544647, 5594405.581561159342527 ], [ 653000.706636950955726, 5594412.86490395385772 ] ] ] } },
{ "type": "Feature", "properties": { "h3_index": "89ce8c0c4cbffff", "pop_h3": 84.269299665629319, "eod_zona": 49 }, "geometry": { "type": "Polygon", "coordinates": [ [ [ 648074.598552356706932, 5589813.941956960596144 ], [ 648146.096933459630236, 5589986.105221698991954 ], [ 648037.033972691162489, 5590150.925370153039694 ], [ 647856.469673327286728, 5590143.585641097277403 ], [ 647784.967295229085721, 5589971.421554781496525 ], [ 647894.033213620074093, 5589806.598019075579941 ], [ 648074.598552356706932, 5589813.941956960596144 ] ] ] } },
{ "type": "Feature", "properties": { "h3_index": "89ce8c0d2bbffff", "pop_h3": 0.0, "eod_zona": 37 }, "geometry": { "type": "Polygon", "coordinates": [ [ [ 653756.120293820975348, 5594950.780995804816484 ], [ 653827.515898528741673, 5595122.796235074289143 ], [ 653718.522751596290618, 5595287.536132256500423 ], [ 653538.131049280404113, 5595280.264181637205184 ], [ 653466.731449852581136, 5595108.248130112886429 ], [ 653575.727547587361187, 5594943.504841440357268 ], [ 653756.120293820975348, 5594950.780995804816484 ] ] ] } },
{ "type": "Feature", "properties": { "h3_index": "89ce8c0f6a3ffff", "pop_h3": 30.477171384477554, "eod_zona": 46 }, "geometry": { "type": "Polygon", "coordinates": [ [ [ 652493.207012810278684, 5586778.400140482932329 ], [ 652564.646323666558601, 5586950.56096778716892 ], [ 652455.617179784923792, 5587115.343164422549307 ], [ 652275.145767886890098, 5587107.967914961278439 ], [ 652203.702466631424613, 5586935.806261462159455 ], [ 652312.734567804727703, 5586771.020683597773314 ], [ 652493.207012810278684, 5586778.400140482932329 ] ] ] } },
{ "type": "Feature", "properties": { "h3_index": "89ce8c0c6cfffff", "pop_h3": 181.12308200144781, "eod_zona": 4 }, "geometry": { "type": "Polygon", "coordinates": [ [ [ 649549.186654709628783, 5591227.776300762780011 ], [ 649620.658149947412312, 5591399.899870253168046 ], [ 649511.613553423434496, 5591564.698931304737926 ], [ 649331.094505993882194, 5591557.377811302430928 ], [ 649259.619014293886721, 5591385.253422793932259 ], [ 649368.666566613712348, 5591220.450973280705512 ], [ 649549.186654709628783, 5591227.776300762780011 ] ] ] } },
{ "type": "Feature", "properties": { "h3_index": "89ce8c0f2d3ffff", "pop_h3": 1113.6074582665576, "eod_zona": 24 }, "geometry": { "type": "Polygon", "coordinates": [ [ [ 653677.417230511782691, 5588349.796416711993515 ], [ 653748.833657734212466, 5588521.918415481224656 ], [ 653639.820525138406083, 5588686.682198939844966 ], [ 653459.38800992933102, 5588679.327366384677589 ], [ 653387.967592431930825, 5588507.204544210806489 ], [ 653496.983680548379198, 5588342.437377970665693 ], [ 653677.417230511782691, 5588349.796416711993515 ] ] ] } },
{ "type": "Feature", "properties": { "h3_index": "89ce8c0d097ffff", "pop_h3": 0.0, "eod_zona": 37 }, "geometry": { "type": "Polygon", "coordinates": [ [ [ 652068.498637656448409, 5593021.872885120101273 ], [ 652139.925995960365981, 5593193.938579896464944 ], [ 652030.910942626651376, 5593358.703749521635473 ], [ 651850.465578002622351, 5593351.406614050269127 ], [ 651779.034224573988467, 5593179.340103571303189 ], [ 651888.052231024717912, 5593014.571544245816767 ], [ 652068.498637656448409, 5593021.872885120101273 ] ] ] } },
{ "type": "Feature", "properties": { "h3_index": "89ce8c0d463ffff", "pop_h3": 229.43505775832938, "eod_zona": 37 }, "geometry": { "type": "Polygon", "coordinates": [ [ [ 652936.839929820038378, 5592549.497818883508444 ], [ 653008.25530517695006, 5592721.561065153218806 ], [ 652899.247246829327196, 5592886.318364102393389 ], [ 652718.820860290434211, 5592879.015805443748832 ], [ 652647.401491020107642, 5592706.951742772012949 ], [ 652756.412502331426367, 5592542.191055139526725 ], [ 652936.839929820038378, 5592549.497818883508444 ] ] ] } },
{ "type": "Feature", "properties": { "h3_index": "89ce8c0c2dbffff", "pop_h3": 0.0, "eod_zona": 36 }, "geometry": { "type": "Polygon", "coordinates": [ [ [ 649613.300156539073214, 5593091.732730920426548 ], [ 649684.765154561609961, 5593263.825657485984266 ], [ 649575.72663929592818, 5593428.617507372051477 ], [ 649395.220171700697392, 5593421.319821572862566 ], [ 649323.751176002435386, 5593249.226079141721129 ], [ 649432.79264570446685, 5593084.430838353931904 ], [ 649613.300156539073214, 5593091.732730920426548 ] ] ] } },
{ "type": "Feature", "properties": { "h3_index": "89ce8c0f52bffff", "pop_h3": 32.283741744378105, "eod_zona": 62 }, "geometry": { "type": "Polygon", "coordinates": [ [ [ 649131.291310583474115, 5587656.578722295351326 ], [ 649202.779776863986626, 5587828.764333950355649 ], [ 649093.720703519298695, 5587993.580365899018943 ], [ 648913.170205457601696, 5587986.214170074090362 ], [ 648841.677744745044038, 5587814.027733321301639 ], [ 648950.739776650676504, 5587649.208317461423576 ], [ 649131.291310583474115, 5587656.578722295351326 ] ] ] } },
{ "type": "Feature", "properties": { "h3_index": "89ce8c08d23ffff", "pop_h3": 0.0, "eod_zona": 24 }, "geometry": { "type": "Polygon", "coordinates": [ [ [ 654432.909738519927487, 5588888.20778167899698 ], [ 654504.312934679444879, 5589060.312432711943984 ], [ 654395.308667028089985, 5589225.066067072562873 ], [ 654214.898248634301126, 5589217.718433535657823 ], [ 654143.491062603774481, 5589045.612960093654692 ], [ 654252.49828496738337, 5588880.855942577123642 ], [ 654432.909738519927487, 5588888.20778167899698 ] ] ] } },
{ "type": "Feature", "properties": { "h3_index": "89ce8c0c693ffff", "pop_h3": 0.0, "eod_zona": 4 }, "geometry": { "type": "Polygon", "coordinates": [ [ [ 648830.732267513987608, 5590352.431795835494995 ], [ 648902.217414821614511, 5590524.577696761116385 ], [ 648793.163325305096805, 5590689.387682718224823 ], [ 648612.621131797437556, 5590682.055155351758003 ], [ 648541.131987898377702, 5590509.9084338452667 ], [ 648650.189034228213131, 5590345.095060263760388 ], [ 648830.732267513987608, 5590352.431795835494995 ] ] ] } },
{ "type": "Feature", "properties": { "h3_index": "89ce8c01b67ffff", "pop_h3": 0.0, "eod_zona": 59 }, "geometry": { "type": "Polygon", "coordinates": [ [ [ 649646.334099362138659, 5585477.025168589316308 ], [ 649717.821058997302316, 5585649.239700054749846 ], [ 649608.760605896473862, 5585814.057593039236963 ], [ 649428.210233472287655, 5585806.66433532256633 ], [ 649356.719281431520358, 5585634.4489751374349 ], [ 649465.782694348599762, 5585469.627701370045543 ], [ 649646.334099362138659, 5585477.025168589316308 ] ] ] } },
{ "type": "Feature", "properties": { "h3_index": "89ce8c0d2cfffff", "pop_h3": 0.0, "eod_zona": 37 }, "geometry": { "type": "Polygon", "coordinates": [ [ [ 654838.38092894165311, 5594994.43380712158978 ], [ 654909.759711516904645, 5595166.435848534107208 ], [ 654800.777124743675813, 5595331.163723300211132 ], [ 654620.412805358646438, 5595323.892947690561414 ], [ 654549.030029136454687, 5595151.890094221569598 ], [ 654658.015566076734103, 5594987.158828396350145 ], [ 654838.38092894165311, 5594994.43380712158978 ] ] ] } },
{ "type": "Feature", "properties": { "h3_index": "89ce8c0c0c3ffff", "pop_h3": 0.0, "eod_zona": 49 }, "geometry": { "type": "Polygon", "coordinates": [ [ [ 647559.592996437917463, 5591993.256809343583882 ], [ 647631.092889796942472, 5592165.391079343855381 ], [ 647522.031359642627649, 5592330.209289396181703 ], [ 647341.466979893040843, 5592322.89661979675293 ], [ 647269.963087514741346, 5592150.761531841009855 ], [ 647379.027574032894336, 5591985.939931414090097 ], [ 647559.592996437917463, 5591993.256809343583882 ] ] ] } },
{ "type": "Feature", "properties": { "h3_index": "89ce8c05eafffff", "pop_h3": 73.546497105702699, "eod_zona": 58 }, "geometry": { "type": "Polygon", "coordinates": [ [ [ 637017.585958100971766, 5588856.047159493900836 ], [ 637089.257394188316539, 5589028.353488804772496 ], [ 636980.085073867114261, 5589193.298204689286649 ], [ 636799.238353105261922, 5589185.939982200041413 ], [ 636727.562909420230426, 5589013.632828419096768 ], [ 636836.738194223609753, 5588848.684721571393311 ], [ 637017.585958100971766, 5588856.047159493900836 ] ] ] } },
{ "type": "Feature", "properties": { "h3_index": "89ce8c0507bffff", "pop_h3": 0.0, "eod_zona": 51 }, "geometry": { "type": "Polygon", "coordinates": [ [ [ 640609.751867203740403, 5585953.703027047216892 ], [ 640681.376456606434658, 5586126.014334818348289 ], [ 640572.230145308421925, 5586290.92967716883868 ], [ 640391.456280190264806, 5586283.537097210995853 ], [ 640319.827688847435638, 5586111.224960478954017 ], [ 640428.976964689092711, 5585946.306232642382383 ], [ 640609.751867203740403, 5585953.703027047216892 ] ] ] } },
{ "type": "Feature", "properties": { "h3_index": "89ce8c0f6afffff", "pop_h3": 770.17029223796146, "eod_zona": 65 }, "geometry": { "type": "Polygon", "coordinates": [ [ [ 652455.617179784923792, 5587115.343164422549307 ], [ 652527.05607256887015, 5587287.49903507065028 ], [ 652418.027543990523554, 5587452.28048191126436 ], [ 652237.557165682897903, 5587444.909439772367477 ], [ 652166.114282230613753, 5587272.752743493765593 ], [ 652275.145767886890098, 5587107.967914961278439 ], [ 652455.617179784923792, 5587115.343164422549307 ] ] ] } },
{ "type": "Feature", "properties": { "h3_index": "89ce8c0d557ffff", "pop_h3": 0.0, "eod_zona": 36 }, "geometry": { "type": "Polygon", "coordinates": [ [ [ 651275.245440054917708, 5592820.588256359100342 ], [ 651346.685622879536822, 5592992.666341832838953 ], [ 651237.662332432111725, 5593157.440914736129344 ], [ 651057.195905588101596, 5593150.140791931189597 ], [ 650985.7517269696109, 5592978.061890324577689 ], [ 651094.777971116709523, 5592813.283927630633116 ], [ 651275.245440054917708, 5592820.588256359100342 ] ] ] } },
{ "type": "Feature", "properties": { "h3_index": "89ce8c0f36fffff", "pop_h3": 2.6291004965975664, "eod_zona": 34 }, "geometry": { "type": "Polygon", "coordinates": [ [ [ 651136.079541989369318, 5591630.580140266567469 ], [ 651207.525394426193088, 5591802.678922873921692 ], [ 651098.497281753225252, 5591967.45917777530849 ], [ 650918.020362148643471, 5591960.144038323312998 ], [ 650846.570514589780942, 5591788.044437559321523 ], [ 650955.601581886177883, 5591623.260794379748404 ], [ 651136.079541989369318, 5591630.580140266567469 ] ] ] } },
{ "type": "Feature", "properties": { "h3_index": "89ce8c0f603ffff", "pop_h3": 217.15783594043563, "eod_zona": 48 }, "geometry": { "type": "Polygon", "coordinates": [ [ [ 653286.47924598492682, 5586980.067998365499079 ], [ 653357.905750215169974, 5587152.216434947215021 ], [ 653248.884862363687716, 5587316.98923741094768 ], [ 653068.434513705899008, 5587309.616984408348799 ], [ 652997.004019747371785, 5587137.467722062952816 ], [ 653106.027864303905517, 5586972.69153845962137 ], [ 653286.47924598492682, 5586980.067998365499079 ] ] ] } },
{ "type": "Feature", "properties": { "h3_index": "89ce8c0d4cbffff", "pop_h3": 55.739078920816496, "eod_zona": 32 }, "geometry": { "type": "Polygon", "coordinates": [ [ [ 653628.480023080832325, 5591224.127890598960221 ], [ 653699.888675079680979, 5591396.204405031166971 ], [ 653590.883427550434135, 5591560.958744403906167 ], [ 653410.466574637102894, 5591553.639955937862396 ], [ 653339.05393033917062, 5591381.562622948549688 ], [ 653448.062131381826475, 5591216.804896957240999 ], [ 653628.480023080832325, 5591224.127890598960221 ] ] ] } },
{ "type": "Feature", "properties": { "h3_index": "89ce8c0c487ffff", "pop_h3": 0.0, "eod_zona": 49 }, "geometry": { "type": "Polygon", "coordinates": [ [ [ 646739.025685924105346, 5589590.347964422777295 ], [ 646810.545294042560272, 5589762.530238569714129 ], [ 646701.468795980792493, 5589927.365808740258217 ], [ 646520.869731402024627, 5589920.022492291405797 ], [ 646449.346125079900958, 5589747.839396036230028 ], [ 646558.425581671763211, 5589583.000438310205936 ], [ 646739.025685924105346, 5589590.347964422777295 ] ] ] } },
{ "type": "Feature", "properties": { "h3_index": "89ce8c0e2abffff", "pop_h3": 0.0, "eod_zona": 49 }, "geometry": { "type": "Polygon", "coordinates": [ [ [ 646926.813345934380777, 5587905.17292651347816 ], [ 646998.335015739779919, 5588077.380023976787925 ], [ 646889.255386967444792, 5588242.219370457343757 ], [ 646708.651128902565688, 5588234.85500468313694 ], [ 646637.125462247407995, 5588062.647082284092903 ], [ 646746.208050637273118, 5587897.804350570775568 ], [ 646926.813345934380777, 5587905.17292651347816 ] ] ] } },
{ "type": "Feature", "properties": { "h3_index": "89ce8c08977ffff", "pop_h3": 0.0, "eod_zona": 32 }, "geometry": { "type": "Polygon", "coordinates": [ [ [ 654710.891512341564521, 5591268.061712888069451 ], [ 654782.283354943967424, 5591440.125021651387215 ], [ 654673.288685636944138, 5591604.867337848059833 ], [ 654492.899220983730629, 5591597.549731443636119 ], [ 654421.503387157688849, 5591425.48560431972146 ], [ 654530.501009340863675, 5591260.739901938475668 ], [ 654710.891512341564521, 5591268.061712888069451 ] ] ] } },
{ "type": "Feature", "properties": { "h3_index": "89ce8c0d42bffff", "pop_h3": 64.830497624254477, "eod_zona": 35 }, "geometry": { "type": "Polygon", "coordinates": [ [ [ 652395.543953306507319, 5592527.576937399804592 ], [ 652466.967736980877817, 5592699.646786536090076 ], [ 652357.954393385443836, 5592864.410098183900118 ], [ 652177.514312966610305, 5592857.106949573382735 ], [ 652106.086534840287641, 5592685.03628393728286 ], [ 652215.102831715368666, 5592520.269583391025662 ], [ 652395.543953306507319, 5592527.576937399804592 ] ] ] } },
{ "type": "Feature", "properties": { "h3_index": "89ce8c0d6a3ffff", "pop_h3": 319.77360716141754, "eod_zona": 33 }, "geometry": { "type": "Polygon", "coordinates": [ [ [ 653729.908158585662022, 5592750.777349782176316 ], [ 653801.310711507918313, 5592922.828208042308688 ], [ 653692.310890981694683, 5593087.576106137596071 ], [ 653511.905565288616344, 5593080.2765345396474 ], [ 653440.499019127804786, 5592908.224860309623182 ], [ 653549.50179202738218, 5592743.473573621362448 ], [ 653729.908158585662022, 5592750.777349782176316 ] ] ] } },
{ "type": "Feature", "properties": { "h3_index": "89ce8c05067ffff", "pop_h3": 0.0, "eod_zona": 50 }, "geometry": { "type": "Polygon", "coordinates": [ [ [ 640029.894846278475598, 5586268.751339983195066 ], [ 640101.527439965400845, 5586441.064305446110666 ], [ 639992.376467420719564, 5586605.984922141768038 ], [ 639811.589936674805358, 5586598.595959516242146 ], [ 639739.953340239590034, 5586426.28216555621475 ], [ 639849.107277427334338, 5586261.358162695541978 ], [ 640029.894846278475598, 5586268.751339983195066 ] ] ] } },
{ "type": "Feature", "properties": { "h3_index": "89ce8c0c2d3ffff", "pop_h3": 13.214721495439814, "eod_zona": 1 }, "geometry": { "type": "Polygon", "coordinates": [ [ [ 649361.323233208153397, 5592912.332122697494924 ], [ 649432.79264570446685, 5593084.430838353931904 ], [ 649323.751176002435386, 5593249.226079141721129 ], [ 649143.237339229439385, 5593241.925995025783777 ], [ 649071.763928925618529, 5593069.826463170349598 ], [ 649180.808353331754915, 5592905.027831606566906 ], [ 649361.323233208153397, 5592912.332122697494924 ] ] ] } },
{ "type": "Feature", "properties": { "h3_index": "89ce8c05047ffff", "pop_h3": 0.0, "eod_zona": 51 }, "geometry": { "type": "Polygon", "coordinates": [ [ [ 640647.273817937355489, 5585616.470667359419167 ], [ 640718.898811510647647, 5585788.786936903372407 ], [ 640609.751867203740403, 5585953.703027047216892 ], [ 640428.976964689092711, 5585946.306232642382383 ], [ 640357.347969447961077, 5585773.989133571274579 ], [ 640466.497878516558558, 5585609.069658407941461 ], [ 640647.273817937355489, 5585616.470667359419167 ] ] ] } },
{ "type": "Feature", "properties": { "h3_index": "89ce8c0d493ffff", "pop_h3": 0.43901411251720179, "eod_zona": 34 }, "geometry": { "type": "Polygon", "coordinates": [ [ [ 652621.085521198110655, 5590506.457619186490774 ], [ 652692.51182368863374, 5590678.557272890582681 ], [ 652583.494760501664132, 5590843.325157983228564 ], [ 652403.048440365004353, 5590835.99677546415478 ], [ 652331.618145044194534, 5590663.896301874890924 ], [ 652440.638162813265808, 5590499.125030665658414 ], [ 652621.085521198110655, 5590506.457619186490774 ] ] ] } },
{ "type": "Feature", "properties": { "h3_index": "89ce8c01b4fffff", "pop_h3": 0.0, "eod_zona": 55 }, "geometry": { "type": "Polygon", "coordinates": [ [ [ 650515.126495477044955, 5585004.780396706424654 ], [ 650586.601480321027339, 5585176.992440612986684 ], [ 650477.548053927486762, 5585341.80242873635143 ], [ 650297.016683162655681, 5585334.403752693906426 ], [ 650225.537707125535235, 5585162.190879369154572 ], [ 650334.594093178748153, 5584997.37751148454845 ], [ 650515.126495477044955, 5585004.780396706424654 ] ] ] } },
{ "type": "Feature", "properties": { "h3_index": "89ce8c0c683ffff", "pop_h3": 0.0, "eod_zona": 2 }, "geometry": { "type": "Polygon", "coordinates": [ [ [ 648793.163325305096805, 5590689.387682718224823 ], [ 648864.648057367885485, 5590861.528616107068956 ], [ 648755.594592657638714, 5591026.337842168286443 ], [ 648575.053439414827153, 5591019.009522905573249 ], [ 648503.564710489823483, 5590846.867769498378038 ], [ 648612.621131797437556, 5590682.055155351758003 ], [ 648793.163325305096805, 5590689.387682718224823 ] ] ] } },
{ "type": "Feature", "properties": { "h3_index": "89ce8c0518bffff", "pop_h3": 0.0, "eod_zona": 52 }, "geometry": { "type": "Polygon", "coordinates": [ [ [ 638187.659196995780803, 5585685.185573230497539 ], [ 638259.321826205123216, 5585857.529159384779632 ], [ 638150.151368299964815, 5586022.471982921473682 ], [ 637969.315315228770487, 5586015.074606497772038 ], [ 637897.64868179964833, 5585842.730190644972026 ], [ 638006.822105793980882, 5585677.78398089017719 ], [ 638187.659196995780803, 5585685.185573230497539 ] ] ] } },
{ "type": "Feature", "properties": { "h3_index": "89ce8c0e26bffff", "pop_h3": 84.173993178012765, "eod_zona": 49 }, "geometry": { "type": "Polygon", "coordinates": [ [ [ 647897.65730884775985, 5588960.426622495986521 ], [ 647969.160928194527514, 5589132.605605882592499 ], [ 647860.093759669922292, 5589297.430654905736446 ], [ 647679.520013601751998, 5589290.080106715671718 ], [ 647608.012397667393088, 5589117.900300290435553 ], [ 647717.08252451790031, 5588953.071865070611238 ], [ 647897.65730884775985, 5588960.426622495986521 ] ] ] } },
{ "type": "Feature", "properties": { "h3_index": "89ce8c0f3a3ffff", "pop_h3": 774.81096711729776, "eod_zona": 11 }, "geometry": { "type": "Polygon", "coordinates": [ [ [ 650203.449432038119994, 5590238.986704709939659 ], [ 650274.913769163074903, 5590411.11856899317354 ], [ 650165.872590998304076, 5590575.913896085694432 ], [ 649985.364119708188809, 5590568.580745726823807 ], [ 649913.895787467015907, 5590396.4480608291924 ], [ 650022.939921763609163, 5590231.64934688154608 ], [ 650203.449432038119994, 5590238.986704709939659 ] ] ] } },
{ "type": "Feature", "properties": { "h3_index": "89ce8c08933ffff", "pop_h3": 0.0, "eod_zona": 32 }, "geometry": { "type": "Polygon", "coordinates": [ [ [ 654207.30621587682981, 5590909.271723681129515 ], [ 654278.706884493702091, 5591081.346600297838449 ], [ 654169.706309169065207, 5591246.09568874258548 ], [ 653989.302111944998614, 5591238.773286481387913 ], [ 653917.897451837547123, 5591066.697590840980411 ], [ 654026.900980572798289, 5590901.945116459392011 ], [ 654207.30621587682981, 5590909.271723681129515 ] ] ] } },
{ "type": "Feature", "properties": { "h3_index": "89ce8c0f273ffff", "pop_h3": 1139.1544275651422, "eod_zona": 29 }, "geometry": { "type": "Polygon", "coordinates": [ [ [ 653237.588547751074657, 5589854.727189538069069 ], [ 653309.007285843603313, 5590026.830166201107204 ], [ 653199.994277997408062, 5590191.593555752187967 ], [ 653019.559577487874776, 5590184.257353588938713 ], [ 652948.136847640620545, 5590012.153556009754539 ], [ 653057.152810184052214, 5589847.386781485751271 ], [ 653237.588547751074657, 5589854.727189538069069 ] ] ] } },
{ "type": "Feature", "properties": { "h3_index": "89ce8c0f233ffff", "pop_h3": 392.8451846305162, "eod_zona": 27 }, "geometry": { "type": "Polygon", "coordinates": [ [ [ 652444.386653030989692, 5589653.249005289748311 ], [ 652515.818205845425837, 5589825.364371783100069 ], [ 652406.796951015829109, 5589990.137159178964794 ], [ 652226.341188212973066, 5589982.797965124249458 ], [ 652154.905642969883047, 5589810.681777283549309 ], [ 652263.929853088222444, 5589645.905604822561145 ], [ 652444.386653030989692, 5589653.249005289748311 ] ] ] } },
{ "type": "Feature", "properties": { "h3_index": "89ce8c0f44fffff", "pop_h3": 0.0, "eod_zona": 61 }, "geometry": { "type": "Polygon", "coordinates": [ [ [ 652278.87942850321997, 5586261.896181956864893 ], [ 652350.323565117781982, 5586434.067747427150607 ], [ 652241.290848828619346, 5586598.854073702357709 ], [ 652060.811038275365718, 5586591.472215121611953 ], [ 651989.362911400618032, 5586419.299822560511529 ], [ 652098.398585465387441, 5586254.51011564489454 ], [ 652278.87942850321997, 5586261.896181956864893 ] ] ] } },
{ "type": "Feature", "properties": { "h3_index": "89ce8c0e197ffff", "pop_h3": 0.0, "eod_zona": 57 }, "geometry": { "type": "Polygon", "coordinates": [ [ [ 643245.752941962797195, 5586738.952225967310369 ], [ 643317.334683678112924, 5586911.220515419729054 ], [ 643208.216111767455004, 5587076.104250608943403 ], [ 643027.512835762347095, 5587068.723081664182246 ], [ 642955.927094248821959, 5586896.453964877873659 ], [ 643065.04862866923213, 5586731.566844345070422 ], [ 643245.752941962797195, 5586738.952225967310369 ] ] ] } },
{ "type": "Feature", "properties": { "h3_index": "89ce8c0e283ffff", "pop_h3": 0.0, "eod_zona": 49 }, "geometry": { "type": "Polygon", "coordinates": [ [ [ 647291.612440484692343, 5587073.600098924711347 ], [ 647363.130938476650044, 5587245.816293663345277 ], [ 647254.052396150887944, 5587410.654510895721614 ], [ 647073.452395954867825, 5587403.279917328618467 ], [ 647001.929902056697756, 5587231.062896291725338 ], [ 647111.011404389282688, 5587066.221295095980167 ], [ 647291.612440484692343, 5587073.600098924711347 ] ] ] } },
{ "type": "Feature", "properties": { "h3_index": "89ce8c0c09bffff", "pop_h3": 0.0, "eod_zona": 49 }, "geometry": { "type": "Polygon", "coordinates": [ [ [ 647055.441756319487467, 5591634.334743618033826 ], [ 647126.950475616031326, 5591806.480593610554934 ], [ 647017.883032465935685, 5591971.305584285408258 ], [ 646837.303913247771561, 5591963.988115066662431 ], [ 646765.791194665711373, 5591791.841446452774107 ], [ 646874.861594716319814, 5591627.013065656647086 ], [ 647055.441756319487467, 5591634.334743618033826 ] ] ] } },
{ "type": "Feature", "properties": { "h3_index": "89ce8c0f3bbffff", "pop_h3": 723.2335400216034, "eod_zona": 12 }, "geometry": { "type": "Polygon", "coordinates": [ [ [ 650492.994413473294117, 5590081.529784285463393 ], [ 650564.454755885293707, 5590253.660827722400427 ], [ 650455.415911706164479, 5590418.453526829369366 ], [ 650274.913769163074903, 5590411.11856899317354 ], [ 650203.449432038119994, 5590238.986704709939659 ], [ 650312.491232297499664, 5590074.190619086846709 ], [ 650492.994413473294117, 5590081.529784285463393 ] ] ] } },
{ "type": "Feature", "properties": { "h3_index": "89ce8c0a967ffff", "pop_h3": 0.0, "eod_zona": 46 }, "geometry": { "type": "Polygon", "coordinates": [ [ [ 653436.85872596828267, 5585632.326008329167962 ], [ 653508.286905568325892, 5585804.494263115338981 ], [ 653399.263564793975092, 5585969.270057429559529 ], [ 653218.809086971334182, 5585961.880976217798889 ], [ 653147.376918721711263, 5585789.711893410421908 ], [ 653256.403217071318068, 5585624.93271981459111 ], [ 653436.85872596828267, 5585632.326008329167962 ] ] ] } },
{ "type": "Feature", "properties": { "h3_index": "89ce8c0c6b3ffff", "pop_h3": 0.0, "eod_zona": 2 }, "geometry": { "type": "Polygon", "coordinates": [ [ [ 648213.957436009193771, 5591004.352292300201952 ], [ 648285.450162201654166, 5591176.494865489192307 ], [ 648176.392035721219145, 5591341.309346893802285 ], [ 647995.838226473657414, 5591333.984643856994808 ], [ 647924.341502611292526, 5591161.841251119039953 ], [ 648033.402585791773163, 5590997.023380944505334 ], [ 648213.957436009193771, 5591004.352292300201952 ] ] ] } },
{ "type": "Feature", "properties": { "h3_index": "89ce8c0e65bffff", "pop_h3": 0.0, "eod_zona": 59 }, "geometry": { "type": "Polygon", "coordinates": [ [ [ 648815.032364279031754, 5585612.261395051144063 ], [ 648886.531715805525891, 5585784.48336831945926 ], [ 648777.463621172006242, 5585949.309912086464465 ], [ 648596.893214956624433, 5585941.917863894253969 ], [ 648525.389870086917654, 5585769.695062036626041 ], [ 648634.460924901999533, 5585604.865136935375631 ], [ 648815.032364279031754, 5585612.261395051144063 ] ] ] } },
{ "type": "Feature", "properties": { "h3_index": "89ce8c0f08fffff", "pop_h3": 275.53134125199608, "eod_zona": 44 }, "geometry": { "type": "Polygon", "coordinates": [ [ [ 651045.597545249736868, 5587565.475127088837326 ], [ 651117.056812137132511, 5587737.640083039179444 ], [ 651008.015965093160048, 5587902.435437986627221 ], [ 650827.512893743114546, 5587895.069219885393977 ], [ 650756.049634436611086, 5587722.903438902460039 ], [ 650865.093439029878937, 5587558.104701030068099 ], [ 651045.597545249736868, 5587565.475127088837326 ] ] ] } },
{ "type": "Feature", "properties": { "h3_index": "89ce8c0f433ffff", "pop_h3": 0.0, "eod_zona": 45 }, "geometry": { "type": "Polygon", "coordinates": [ [ [ 650943.952295203343965, 5586037.998975002206862 ], [ 651015.417635531746782, 5586210.189543867483735 ], [ 650906.371360461926088, 5586374.991278998553753 ], [ 650725.856786504155025, 5586367.605826178565621 ], [ 650654.387454705312848, 5586195.414429686963558 ], [ 650763.436688464251347, 5586030.60931361746043 ], [ 650943.952295203343965, 5586037.998975002206862 ] ] ] } },
{ "type": "Feature", "properties": { "h3_index": "89ce8c0f46bffff", "pop_h3": 48.730877852663347, "eod_zona": 61 }, "geometry": { "type": "Polygon", "coordinates": [ [ [ 651951.775979538448155, 5586756.261174092069268 ], [ 652023.223689046688378, 5586928.428610515780747 ], [ 651914.189246045192704, 5587093.216820617206395 ], [ 651733.704136048676446, 5587085.840975719504058 ], [ 651662.252435604576021, 5586913.672713004052639 ], [ 651771.289836222305894, 5586748.881121454760432 ], [ 651951.775979538448155, 5586756.261174092069268 ] ] ] } },
{ "type": "Feature", "properties": { "h3_index": "89ce8c0c667ffff", "pop_h3": 0.0, "eod_zona": 1 }, "geometry": { "type": "Polygon", "coordinates": [ [ [ 648857.334036824526265, 5592553.506342896260321 ], [ 648928.812277609831654, 5592725.6166369644925 ], [ 648819.764898231369443, 5592890.418659185059369 ], [ 648639.236322956974618, 5592883.113777838647366 ], [ 648567.754084092215635, 5592711.002666906453669 ], [ 648676.804418710642494, 5592546.197254157625139 ], [ 648857.334036824526265, 5592553.506342896260321 ] ] ] } },
{ "type": "Feature", "properties": { "h3_index": "89ce8c0c46bffff", "pop_h3": 0.0, "eod_zona": 49 }, "geometry": { "type": "Polygon", "coordinates": [ [ [ 647634.716911033960059, 5591319.334645945578814 ], [ 647706.217632971820422, 5591491.478858003392816 ], [ 647597.154847008991055, 5591656.298594278283417 ], [ 647416.588382437592372, 5591648.977507921867073 ], [ 647345.083662022370845, 5591476.832476779818535 ], [ 647454.149404783500358, 5591312.009351057931781 ], [ 647634.716911033960059, 5591319.334645945578814 ] ] ] } },
{ "type": "Feature", "properties": { "h3_index": "89ce8c0f25bffff", "pop_h3": 242.5286161646535, "eod_zona": 26 }, "geometry": { "type": "Polygon", "coordinates": [ [ [ 654105.891640862566419, 5589382.474696166813374 ], [ 654177.298406109912321, 5589554.575208691880107 ], [ 654068.292413335293531, 5589719.330715513788164 ], [ 653887.876700893277302, 5589711.989093747921288 ], [ 653816.465945100411773, 5589539.887759610079229 ], [ 653925.474892423604615, 5589375.128868830390275 ], [ 654105.891640862566419, 5589382.474696166813374 ] ] ] } },
{ "type": "Feature", "properties": { "h3_index": "89ce8c0e10bffff", "pop_h3": 0.0, "eod_zona": 57 }, "geometry": { "type": "Polygon", "coordinates": [ [ [ 643927.471555360825732, 5587952.12472602725029 ], [ 643999.039257461670786, 5588124.365718815475702 ], [ 643889.930830577854067, 5588289.23779231403023 ], [ 643709.251740457257256, 5588281.872259649448097 ], [ 643637.680038417107426, 5588109.630441658198833 ], [ 643746.79142656410113, 5587944.75498151499778 ], [ 643927.471555360825732, 5587952.12472602725029 ] ] ] } },
{ "type": "Feature", "properties": { "h3_index": "89ce8c0c6cbffff", "pop_h3": 53.704519302789954, "eod_zona": 4 }, "geometry": { "type": "Polygon", "coordinates": [ [ [ 649838.745635423576459, 5591070.303613713011146 ], [ 649910.213134604506195, 5591242.426363952457905 ], [ 649801.170869673136622, 5591407.222798171453178 ], [ 649620.658149947412312, 5591399.899870253168046 ], [ 649549.186654709628783, 5591227.776300762780011 ], [ 649658.231875384808518, 5591062.976478422060609 ], [ 649838.745635423576459, 5591070.303613713011146 ] ] ] } },
{ "type": "Feature", "properties": { "h3_index": "89ce8c0d5abffff", "pop_h3": 0.0, "eod_zona": 36 }, "geometry": { "type": "Polygon", "coordinates": [ [ [ 650192.372153119416907, 5592776.759333125315607 ], [ 650263.829156998544931, 5592948.850627261213958 ], [ 650154.795299163321033, 5593113.637228624895215 ], [ 649974.301483241841197, 5593106.335926046594977 ], [ 649902.840482492232695, 5592934.243815581314266 ], [ 650011.877294663456269, 5592769.453823996707797 ], [ 650192.372153119416907, 5592776.759333125315607 ] ] ] } },
{ "type": "Feature", "properties": { "h3_index": "89ce8c0f347ffff", "pop_h3": 36.595733527870237, "eod_zona": 41 }, "geometry": { "type": "Polygon", "coordinates": [ [ [ 651500.748362324899063, 5590799.351903301663697 ], [ 651572.191057002171874, 5590971.459801968187094 ], [ 651463.164034450775944, 5591136.238953772932291 ], [ 651282.69136234477628, 5591128.913593901321292 ], [ 651211.244673489127308, 5590956.804875716567039 ], [ 651320.274651045678183, 5590792.022336897440255 ], [ 651500.748362324899063, 5590799.351903301663697 ] ] ] } },
{ "type": "Feature", "properties": { "h3_index": "89ce8c0a90fffff", "pop_h3": 0.0, "eod_zona": 46 }, "geometry": { "type": "Polygon", "coordinates": [ [ [ 653512.049628730514087, 5584958.420817416161299 ], [ 653583.478645525756292, 5585130.59897637180984 ], [ 653474.454080720897764, 5585295.376261078752577 ], [ 653293.997541239252314, 5585287.978765160776675 ], [ 653222.564536337507889, 5585115.799777057953179 ], [ 653331.592059151967987, 5584951.019113998860121 ], [ 653512.049628730514087, 5584958.420817416161299 ] ] ] } },
{ "type": "Feature", "properties": { "h3_index": "89ce8c0f217ffff", "pop_h3": 264.65107038797913, "eod_zona": 27 }, "geometry": { "type": "Polygon", "coordinates": [ [ [ 652771.450550732552074, 5589158.93024567887187 ], [ 652842.878530797082931, 5589331.049752689898014 ], [ 652733.85899598360993, 5589495.820668321102858 ], [ 652553.408525781938806, 5589488.475461182184517 ], [ 652481.976553966524079, 5589316.355132029391825 ], [ 652590.99904423346743, 5589151.580832132138312 ], [ 652771.450550732552074, 5589158.93024567887187 ] ] ] } },
{ "type": "Feature", "properties": { "h3_index": "89ce8c0d503ffff", "pop_h3": 0.0, "eod_zona": 36 }, "geometry": { "type": "Polygon", "coordinates": [ [ [ 650733.829338662326336, 5592798.674680025316775 ], [ 650805.277931788237765, 5592970.759369577281177 ], [ 650696.249357544002123, 5593135.539956491440535 ], [ 650515.769236285705119, 5593128.239243838004768 ], [ 650444.316646830178797, 5592956.153738052584231 ], [ 650553.348175092367455, 5592791.369761131703854 ], [ 650733.829338662326336, 5592798.674680025316775 ] ] ] } },
{ "type": "Feature", "properties": { "h3_index": "89ce8c05eb7ffff", "pop_h3": 87.366466128030183, "eod_zona": 58 }, "geometry": { "type": "Polygon", "coordinates": [ [ [ 636802.562030983390287, 5588339.1066375663504 ], [ 636874.238276385818608, 5588511.423733733594418 ], [ 636765.062349634827115, 5588676.372596186585724 ], [ 636584.207212641835213, 5588669.007752820849419 ], [ 636512.526959776878357, 5588496.689831285737455 ], [ 636621.705851498642005, 5588331.737578460946679 ], [ 636802.562030983390287, 5588339.1066375663504 ] ] ] } },
{ "type": "Feature", "properties": { "h3_index": "89ce8c08db7ffff", "pop_h3": 461.2489634946653, "eod_zona": 24 }, "geometry": { "type": "Polygon", "coordinates": [ [ [ 654004.456744779134169, 5587855.504684995859861 ], [ 654075.869602318271063, 5588027.630818325094879 ], [ 653966.85819657088723, 5588192.392724957317114 ], [ 653786.430977726355195, 5588185.031880216673017 ], [ 653715.014130589435808, 5588012.904922684654593 ], [ 653824.028492020210251, 5587848.139634072780609 ], [ 654004.456744779134169, 5587855.504684995859861 ] ] ] } },
{ "type": "Feature", "properties": { "h3_index": "89ce8c0585bffff", "pop_h3": 41.557589926973627, "eod_zona": 58 }, "geometry": { "type": "Polygon", "coordinates": [ [ [ 636905.084028352517635, 5589867.783106759190559 ], [ 636976.75426041870378, 5590040.074518015608191 ], [ 636867.583867709850892, 5590205.016960139386356 ], [ 636686.740279237856157, 5590197.671383346430957 ], [ 636615.066038758261129, 5590025.379149318672717 ], [ 636724.239395294105634, 5589860.433314834721386 ], [ 636905.084028352517635, 5589867.783106759190559 ] ] ] } },
{ "type": "Feature", "properties": { "h3_index": "89ce8c0f55bffff", "pop_h3": 326.67939899964665, "eod_zona": 45 }, "geometry": { "type": "Polygon", "coordinates": [ [ [ 650579.229087104205973, 5586869.400254994630814 ], [ 650650.697587280767038, 5587041.581737668253481 ], [ 650541.650206424761564, 5587206.384608577005565 ], [ 650361.131367214024067, 5587199.009379000402987 ], [ 650289.658874625456519, 5587026.827070065774024 ], [ 650398.709213786991313, 5586862.02081694547087 ], [ 650579.229087104205973, 5586869.400254994630814 ] ] ] } },
{ "type": "Feature", "properties": { "h3_index": "89ce8c05257ffff", "pop_h3": 0.0, "eod_zona": 51 }, "geometry": { "type": "Polygon", "coordinates": [ [ [ 642451.313728697481565, 5586537.128809112124145 ], [ 642522.90828424168285, 5586709.409506196156144 ], [ 642413.781454663141631, 5586874.302647829987109 ], [ 642233.057106572086923, 5586866.91847778763622 ], [ 642161.458550561685115, 5586694.636952937580645 ], [ 642270.588343238458037, 5586529.740425875410438 ], [ 642451.313728697481565, 5586537.128809112124145 ] ] ] } },
{ "type": "Feature", "properties": { "h3_index": "89ce8c0d003ffff", "pop_h3": 93.843192969663718, "eod_zona": 37 }, "geometry": { "type": "Polygon", "coordinates": [ [ [ 652497.038611202617176, 5594054.213258136995137 ], [ 652568.456298215663992, 5594226.257433683611453 ], [ 652459.448394589708187, 5594391.014287081547081 ], [ 652279.019851939752698, 5594383.730355785228312 ], [ 652207.598169533186592, 5594211.685366326011717 ], [ 652316.609025299199857, 5594046.925122054293752 ], [ 652497.038611202617176, 5594054.213258136995137 ] ] ] } },
{ "type": "Feature", "properties": { "h3_index": "89ce8c0f56fffff", "pop_h3": 77.258946475106058, "eod_zona": 18 }, "geometry": { "type": "Polygon", "coordinates": [ [ [ 649635.34480026003439, 5588015.67776365019381 ], [ 649706.824448560248129, 5588187.851803918369114 ], [ 649597.771291527198628, 5588352.661067667417228 ], [ 649417.235528300050646, 5588345.299675289541483 ], [ 649345.751885834732093, 5588173.124810590408742 ], [ 649454.808000891469419, 5588008.312162677757442 ], [ 649635.34480026003439, 5588015.67776365019381 ] ] ] } },
{ "type": "Feature", "properties": { "h3_index": "89ce8c0d567ffff", "pop_h3": 0.0, "eod_zona": 36 }, "geometry": { "type": "Polygon", "coordinates": [ [ [ 650621.090013529639691, 5593809.253292444162071 ], [ 650692.537351481849328, 5593981.323063407093287 ], [ 650583.51065127865877, 5594146.101348450407386 ], [ 650403.033659890992567, 5594138.813253907486796 ], [ 650331.582324797287583, 5593966.742668407969177 ], [ 650440.611978363711387, 5593801.960991966538131 ], [ 650621.090013529639691, 5593809.253292444162071 ] ] ] } },
{ "type": "Feature", "properties": { "h3_index": "89ce8c0c477ffff", "pop_h3": 0.0, "eod_zona": 49 }, "geometry": { "type": "Polygon", "coordinates": [ [ [ 647130.559848460019566, 5590960.375863311812282 ], [ 647202.069394920952618, 5591132.531654336489737 ], [ 647093.000695092137903, 5591297.358169380575418 ], [ 646912.419491591514088, 5591290.032282572239637 ], [ 646840.905946384416893, 5591117.875671800225973 ], [ 646949.977603548788466, 5590953.045767558738589 ], [ 647130.559848460019566, 5590960.375863311812282 ] ] ] } },
{ "type": "Feature", "properties": { "h3_index": "89ce8c0c69bffff", "pop_h3": 0.0, "eod_zona": 4 }, "geometry": { "type": "Polygon", "coordinates": [ [ [ 649082.753279719967395, 5590531.912031961604953 ], [ 649154.234015322756022, 5590704.052145101130009 ], [ 649045.182882356457412, 5590868.858743312768638 ], [ 648864.648057367885485, 5590861.528616107068956 ], [ 648793.163325305096805, 5590689.387682718224823 ], [ 648902.217414821614511, 5590524.577696761116385 ], [ 649082.753279719967395, 5590531.912031961604953 ] ] ] } },
{ "type": "Feature", "properties": { "h3_index": "89ce8c0f537ffff", "pop_h3": 0.0, "eod_zona": 62 }, "geometry": { "type": "Polygon", "coordinates": [ [ [ 648627.190717037185095, 5587297.446929587051272 ], [ 648698.688000421505421, 5587469.644112935289741 ], [ 648589.623009688802995, 5587634.466912577860057 ], [ 648409.057776600122452, 5587627.095912508666515 ], [ 648337.556498516118154, 5587454.897903395816684 ], [ 648446.624448347487487, 5587290.071720094420016 ], [ 648627.190717037185095, 5587297.446929587051272 ] ] ] } },
{ "type": "Feature", "properties": { "h3_index": "89ce8c0e3d3ffff", "pop_h3": 0.0, "eod_zona": 57 }, "geometry": { "type": "Polygon", "coordinates": [ [ [ 646095.276882494799793, 5588040.546182127669454 ], [ 646166.810955339344218, 5588212.760717588476837 ], [ 646057.72369928099215, 5588377.608714424073696 ], [ 645877.099410520400852, 5588370.245561564341187 ], [ 645805.561339884297922, 5588198.030201301909983 ], [ 645914.651555930031464, 5588033.178818677552044 ], [ 646095.276882494799793, 5588040.546182127669454 ] ] ] } },
{ "type": "Feature", "properties": { "h3_index": "89ce8c0e047ffff", "pop_h3": 0.0, "eod_zona": 49 }, "geometry": { "type": "Polygon", "coordinates": [ [ [ 646207.937722024391405, 5587029.324296124279499 ], [ 646279.473028201377019, 5587201.553718326613307 ], [ 646170.383894188329577, 5587366.403971230611205 ], [ 645989.75649348506704, 5587359.028186304494739 ], [ 645918.217190328170545, 5587186.797937603667378 ], [ 646027.309284985531121, 5587021.944300305098295 ], [ 646207.937722024391405, 5587029.324296124279499 ] ] ] } },
{ "type": "Feature", "properties": { "h3_index": "89ce8c0d67bffff", "pop_h3": 0.0, "eod_zona": 33 }, "geometry": { "type": "Polygon", "coordinates": [ [ [ 654988.798101497581229, 5593647.456713069230318 ], [ 655060.178578307968564, 5593819.478644226677716 ], [ 654951.193515641149133, 5593984.20959750842303 ], [ 654770.825025257421657, 5593976.922008818015456 ], [ 654699.440555877517909, 5593804.89926335029304 ], [ 654808.428569580544718, 5593640.164920856244862 ], [ 654988.798101497581229, 5593647.456713069230318 ] ] ] } },
{ "type": "Feature", "properties": { "h3_index": "89ce8c0e66bffff", "pop_h3": 0.0, "eod_zona": 62 }, "geometry": { "type": "Polygon", "coordinates": [ [ [ 648160.608039516024292, 5586601.238352292217314 ], [ 648232.114552211016417, 5586773.452066744677722 ], [ 648123.043020989862271, 5586938.282383322715759 ], [ 647942.462017347454093, 5586930.902368368580937 ], [ 647870.95150995568838, 5586758.687826920300722 ], [ 647980.026001030229963, 5586593.854127397760749 ], [ 648160.608039516024292, 5586601.238352292217314 ] ] ] } },
{ "type": "Feature", "properties": { "h3_index": "89ce8c0d4b3ffff", "pop_h3": 625.01335110175216, "eod_zona": 34 }, "geometry": { "type": "Polygon", "coordinates": [ [ [ 652004.554659756016918, 5591158.213850040920079 ], [ 652075.988529256777838, 5591330.310176780447364 ], [ 651966.967415908817202, 5591495.082554186694324 ], [ 651786.509478722349741, 5591487.761992095969617 ], [ 651715.071615310036577, 5591315.664846503175795 ], [ 651824.095683126826771, 5591150.889081835746765 ], [ 652004.554659756016918, 5591158.213850040920079 ] ] ] } },
{ "type": "Feature", "properties": { "h3_index": "89ce8c042cfffff", "pop_h3": 48.627632713286658, "eod_zona": 53 }, "geometry": { "type": "Polygon", "coordinates": [ [ [ 636925.020805326523259, 5584786.348710809834301 ], [ 636996.705458579584956, 5584958.721262769773602 ], [ 636887.520167529466562, 5585123.681016135960817 ], [ 636706.647255919873714, 5585116.271603107452393 ], [ 636634.958597781136632, 5584943.898219779133797 ], [ 636744.146856268402189, 5584778.935080827213824 ], [ 636925.020805326523259, 5584786.348710809834301 ] ] ] } },
{ "type": "Feature", "properties": { "h3_index": "89ce8c0e077ffff", "pop_h3": 0.0, "eod_zona": 57 }, "geometry": { "type": "Polygon", "coordinates": [ [ [ 645628.487991506583057, 5587344.276020674966276 ], [ 645700.031292046536691, 5587516.507095640525222 ], [ 645590.937488917610608, 5587681.36261594388634 ], [ 645410.297424629679881, 5587673.990446332842112 ], [ 645338.750126305269077, 5587501.758545336313546 ], [ 645447.846890178741887, 5587336.899639959447086 ], [ 645628.487991506583057, 5587344.276020674966276 ] ] ] } },
{ "type": "Feature", "properties": { "h3_index": "89ce8c05e13ffff", "pop_h3": 5.6518383877303595, "eod_zona": 23 }, "geometry": { "type": "Polygon", "coordinates": [ [ [ 637887.603182741324417, 5588383.316822593100369 ], [ 637959.262598449131474, 5588555.620677098631859 ], [ 637850.097247986821458, 5588720.557488966733217 ], [ 637669.269517607055604, 5588713.193836251273751 ], [ 637597.606095507391728, 5588540.889156578108668 ], [ 637706.774410308105871, 5588375.94895476475358 ], [ 637887.603182741324417, 5588383.316822593100369 ] ] ] } },
{ "type": "Feature", "properties": { "h3_index": "89ce8c725abffff", "pop_h3": 0.0, "eod_zona": 33 }, "geometry": { "type": "Polygon", "coordinates": [ [ [ 655743.990679404698312, 5594185.36615134216845 ], [ 655815.357907950412482, 5594357.370727154426277 ], [ 655706.381696783821099, 5594522.091512065380812 ], [ 655526.035306970705278, 5594514.811110722832382 ], [ 655454.664086259668693, 5594342.805721590295434 ], [ 655563.643247657455504, 5594178.081547097302973 ], [ 655743.990679404698312, 5594185.36615134216845 ] ] ] } },
{ "type": "Feature", "properties": { "h3_index": "89ce8c0513bffff", "pop_h3": 6.9397083386426459, "eod_zona": 23 }, "geometry": { "type": "Polygon", "coordinates": [ [ [ 637785.130931654945016, 5586854.582683991640806 ], [ 637856.796361470711417, 5587026.912204958498478 ], [ 637747.625488826888613, 5587191.855418138206005 ], [ 637566.786221017013304, 5587184.472498282790184 ], [ 637495.116785765509121, 5587012.142149549908936 ], [ 637604.290623889537528, 5586847.195548414252698 ], [ 637785.130931654945016, 5586854.582683991640806 ] ] ] } },
{ "type": "Feature", "properties": { "h3_index": "89ce8c0f1c3ffff", "pop_h3": 102.27283494949296, "eod_zona": 18 }, "geometry": { "type": "Polygon", "coordinates": [ [ [ 649849.778920422075316, 5588532.189137413166463 ], [ 649921.253743760520592, 5588704.352430358529091 ], [ 649812.20416538673453, 5588869.157555911689997 ], [ 649631.676806270261295, 5588861.802773241885006 ], [ 649560.197988630039617, 5588689.638656759634614 ], [ 649669.250524539034814, 5588524.830146457068622 ], [ 649849.778920422075316, 5588532.189137413166463 ] ] ] } },
{ "type": "Feature", "properties": { "h3_index": "89ce8c0e2c3ffff", "pop_h3": 0.0, "eod_zona": 62 }, "geometry": { "type": "Polygon", "coordinates": [ [ [ 648085.478211403242312, 5587275.320705500431359 ], [ 648156.983897840138525, 5587447.524500904604793 ], [ 648047.913611077121459, 5587612.353317078202963 ], [ 647867.334678587387316, 5587604.981721702963114 ], [ 647795.824996910989285, 5587432.777100434526801 ], [ 647904.898243090952747, 5587267.944900384172797 ], [ 648085.478211403242312, 5587275.320705500431359 ] ] ] } },
{ "type": "Feature", "properties": { "h3_index": "89ce8c0f143ffff", "pop_h3": 185.03750705088419, "eod_zona": 14 }, "geometry": { "type": "Polygon", "coordinates": [ [ [ 650026.622562050935812, 5589385.621797705069184 ], [ 650098.092143262154423, 5589557.769378438591957 ], [ 649989.046764751547016, 5589722.569607595913112 ], [ 649808.528848327230662, 5589715.225641799159348 ], [ 649737.055272408062592, 5589543.077238989062607 ], [ 649846.103607750730589, 5589378.273624029941857 ], [ 650026.622562050935812, 5589385.621797705069184 ] ] ] } },
{ "type": "Feature", "properties": { "h3_index": "89ce8c0f5a7ffff", "pop_h3": 0.0, "eod_zona": 62 }, "geometry": { "type": "Polygon", "coordinates": [ [ [ 648412.689223331864923, 5586780.833888602443039 ], [ 648484.191328378976323, 5586953.041817278601229 ], [ 648375.122756739845499, 5587117.868750786408782 ], [ 648194.54912059858907, 5587110.491138664074242 ], [ 648123.043020989862271, 5586938.282383322715759 ], [ 648232.114552211016417, 5586773.452066744677722 ], [ 648412.689223331864923, 5586780.833888602443039 ] ] ] } },
{ "type": "Feature", "properties": { "h3_index": "89ce8c0c64fffff", "pop_h3": 10.958004802249743, "eod_zona": 3 }, "geometry": { "type": "Polygon", "coordinates": [ [ [ 649726.021960328682326, 5592081.043974403291941 ], [ 649797.488209298462607, 5592253.15181649569422 ], [ 649688.447817377396859, 5592417.945962695404887 ], [ 649507.938221524120308, 5592410.635656291618943 ], [ 649436.467975682578981, 5592238.526996640488505 ], [ 649545.511322695296258, 5592073.729460929520428 ], [ 649726.021960328682326, 5592081.043974403291941 ] ] ] } },
{ "type": "Feature", "properties": { "h3_index": "89ce8c0f04bffff", "pop_h3": 759.43600622782856, "eod_zona": 21 }, "geometry": { "type": "Polygon", "coordinates": [ [ [ 652305.259823207277805, 5588463.058178239502013 ], [ 652376.697042877436616, 5588635.194214052520692 ], [ 652267.670979557442479, 5588799.972652491182089 ], [ 652087.204740492627025, 5588792.618438643403351 ], [ 652015.763529073446989, 5588620.481579458341002 ], [ 652124.792548599420115, 5588455.699757467024028 ], [ 652305.259823207277805, 5588463.058178239502013 ] ] ] } },
{ "type": "Feature", "properties": { "h3_index": "89ce8c0f3dbffff", "pop_h3": 339.62430112242924, "eod_zona": 13 }, "geometry": { "type": "Polygon", "coordinates": [ [ [ 651903.002556922729127, 5589631.218210860155523 ], [ 651974.442513454472646, 5589803.340183601714671 ], [ 651865.415966542437673, 5589968.118984301574528 ], [ 651684.946507619693875, 5589960.779197518713772 ], [ 651613.502558124368079, 5589788.65640333108604 ], [ 651722.532060644123703, 5589623.874217350035906 ], [ 651903.002556922729127, 5589631.218210860155523 ] ] ] } },
{ "type": "Feature", "properties": { "h3_index": "89ce8c0d507ffff", "pop_h3": 0.0, "eod_zona": 36 }, "geometry": { "type": "Polygon", "coordinates": [ [ [ 650444.316646830178797, 5592956.153738052584231 ], [ 650515.769236285705119, 5593128.239243838004768 ], [ 650406.738332520006225, 5593293.022454852238297 ], [ 650226.251885355799459, 5593285.72355040628463 ], [ 650154.795299163321033, 5593113.637228624895215 ], [ 650263.829156998544931, 5592948.850627261213958 ], [ 650444.316646830178797, 5592956.153738052584231 ] ] ] } },
{ "type": "Feature", "properties": { "h3_index": "89ce8c08923ffff", "pop_h3": 0.0, "eod_zona": 32 }, "geometry": { "type": "Polygon", "coordinates": [ [ [ 654169.706309169065207, 5591246.09568874258548 ], [ 654241.106556243728846, 5591418.165600086562335 ], [ 654132.106597724603489, 5591582.913927652873099 ], [ 653951.703439065953717, 5591575.595730254426599 ], [ 653880.299200233072042, 5591403.52500044927001 ], [ 653989.302111944998614, 5591238.773286481387913 ], [ 654169.706309169065207, 5591246.09568874258548 ] ] ] } },
{ "type": "Feature", "properties": { "h3_index": "89ce8c0f6cbffff", "pop_h3": 248.49100003859189, "eod_zona": 48 }, "geometry": { "type": "Polygon", "coordinates": [ [ [ 654154.852869268273935, 5586507.895452222786844 ], [ 654226.267406731611118, 5586680.041410126723349 ], [ 654117.253549044951797, 5586844.806317868642509 ], [ 653936.822197468136437, 5586837.428647804073989 ], [ 653865.403671483043581, 5586665.281863442622125 ], [ 653974.420485727372579, 5586500.513575579971075 ], [ 654154.852869268273935, 5586507.895452222786844 ] ] ] } },
{ "type": "Feature", "properties": { "h3_index": "89ce8c0e2a7ffff", "pop_h3": 0.0, "eod_zona": 49 }, "geometry": { "type": "Polygon", "coordinates": [ [ [ 646384.983760167728178, 5587883.0666034957394 ], [ 646456.513835624558851, 5588055.280313923023641 ], [ 646347.428913115640171, 5588220.125678255222738 ], [ 646166.810955339344218, 5588212.760717588476837 ], [ 646095.276882494799793, 5588040.546182127669454 ], [ 646204.36476494173985, 5587875.697432345710695 ], [ 646384.983760167728178, 5587883.0666034957394 ] ] ] } },
{ "type": "Feature", "properties": { "h3_index": "89ce8c0c4d3ffff", "pop_h3": 21.686538275064105, "eod_zona": 49 }, "geometry": { "type": "Polygon", "coordinates": [ [ [ 647860.093759669922292, 5589297.430654905736446 ], [ 647931.596965349512175, 5589469.604673423804343 ], [ 647822.53042169008404, 5589634.428966249339283 ], [ 647641.957714371848851, 5589627.082627194933593 ], [ 647570.450511834234931, 5589454.907786201685667 ], [ 647679.520013601751998, 5589290.080106715671718 ], [ 647860.093759669922292, 5589297.430654905736446 ] ] ] } },
{ "type": "Feature", "properties": { "h3_index": "89ce8c0f30fffff", "pop_h3": 576.90578801736126, "eod_zona": 7 }, "geometry": { "type": "Polygon", "coordinates": [ [ [ 650959.313532600412145, 5590777.362612056545913 ], [ 651030.764633849728853, 5590949.477116650901735 ], [ 650921.732322460156865, 5591114.262282438576221 ], [ 650741.245954625424929, 5591106.936330828815699 ], [ 650669.790858660358936, 5590934.821006614714861 ], [ 650778.826125374645926, 5590770.032453603111207 ], [ 650959.313532600412145, 5590777.362612056545913 ] ] ] } },
{ "type": "Feature", "properties": { "h3_index": "89ce8c0f467ffff", "pop_h3": 1111.1884041873561, "eod_zona": 20 }, "geometry": { "type": "Polygon", "coordinates": [ [ [ 651410.303851082222536, 5586734.120420379564166 ], [ 651481.759959693765268, 5586906.294466426596045 ], [ 651372.720217769849114, 5587071.088690431788564 ], [ 651192.221409431891516, 5587063.712250026874244 ], [ 651120.761309347697534, 5586891.537377585656941 ], [ 651229.804009201470762, 5586726.739771922118962 ], [ 651410.303851082222536, 5586734.120420379564166 ] ] ] } },
{ "type": "Feature", "properties": { "h3_index": "89ce8c0d637ffff", "pop_h3": 0.0, "eod_zona": 33 }, "geometry": { "type": "Polygon", "coordinates": [ [ [ 653654.71382114989683, 5593424.369126621633768 ], [ 653726.115530625451356, 5593596.41004419606179 ], [ 653617.11694941110909, 5593761.156409498304129 ], [ 653436.713706910610199, 5593753.865246718749404 ], [ 653365.308003653073683, 5593581.823514303192496 ], [ 653474.309536809218116, 5593417.073759485036135 ], [ 653654.71382114989683, 5593424.369126621633768 ] ] ] } },
{ "type": "Feature", "properties": { "h3_index": "89ce8c0f0c3ffff", "pop_h3": 93.082561348110588, "eod_zona": 43 }, "geometry": { "type": "Polygon", "coordinates": [ [ [ 651876.602711241692305, 5587430.166760390624404 ], [ 651948.049585768021643, 5587602.324282063171268 ], [ 651839.016375456005335, 5587767.110991668887436 ], [ 651658.533333565923385, 5587759.743561948649585 ], [ 651587.082467564963736, 5587587.585215107537806 ], [ 651696.118635059217922, 5587422.795123131014407 ], [ 651876.602711241692305, 5587430.166760390624404 ] ] ] } },
{ "type": "Feature", "properties": { "h3_index": "89ce8c0c2c3ffff", "pop_h3": 0.0, "eod_zona": 1 }, "geometry": { "type": "Polygon", "coordinates": [ [ [ 649323.751176002435386, 5593249.226079141721129 ], [ 649395.220171700697392, 5593421.319821572862566 ], [ 649286.179328578407876, 5593586.114295545034111 ], [ 649105.666535400087014, 5593578.818418300710618 ], [ 649034.193541620159522, 5593406.723860237747431 ], [ 649143.237339229439385, 5593241.925995025783777 ], [ 649323.751176002435386, 5593249.226079141721129 ] ] ] } },
{ "type": "Feature", "properties": { "h3_index": "89ce8c0d09bffff", "pop_h3": 841.70614392734956, "eod_zona": 37 }, "geometry": { "type": "Polygon", "coordinates": [ [ [ 652609.810469707124867, 5593043.77572807110846 ], [ 652681.229418534552678, 5593215.834820189513266 ], [ 652572.219649084028788, 5593380.59397688973695 ], [ 652391.787978138308972, 5593373.297430934384465 ], [ 652320.365034725167789, 5593201.237523209303617 ], [ 652429.377756970701739, 5593036.474977023899555 ], [ 652609.810469707124867, 5593043.77572807110846 ] ] ] } },
{ "type": "Feature", "properties": { "h3_index": "89ce8c01a27ffff", "pop_h3": 0.0, "eod_zona": 61 }, "geometry": { "type": "Polygon", "coordinates": [ [ [ 650879.867384171579033, 5584173.320134223438799 ], [ 650951.339208853198215, 5584345.541252424940467 ], [ 650842.286895034485497, 5584510.350091990083456 ], [ 650661.759796617785469, 5584502.941191822290421 ], [ 650590.2839816857595, 5584330.719242841936648 ], [ 650699.339255548780784, 5584165.907024784013629 ], [ 650879.867384171579033, 5584173.320134223438799 ] ] ] } },
{ "type": "Feature", "properties": { "h3_index": "89ce8c0d48fffff", "pop_h3": 699.30487146406222, "eod_zona": 35 }, "geometry": { "type": "Polygon", "coordinates": [ [ [ 652545.904199126642197, 5591180.18697146140039 ], [ 652617.329662341740914, 5591352.276693589054048 ], [ 652508.313837395748124, 5591517.043057885020971 ], [ 652327.86959521798417, 5591509.723087074235082 ], [ 652256.440138632548042, 5591337.632546189241111 ], [ 652365.458917725016363, 5591172.862794850021601 ], [ 652545.904199126642197, 5591180.18697146140039 ] ] ] } },
{ "type": "Feature", "properties": { "h3_index": "89ce8c0c4c7ffff", "pop_h3": 7.9145948917413529, "eod_zona": 49 }, "geometry": { "type": "Polygon", "coordinates": [ [ [ 647532.888838092680089, 5589791.909550027921796 ], [ 647604.395627148915082, 5589964.079424763098359 ], [ 647495.327376762405038, 5590128.905590016394854 ], [ 647314.749379507265985, 5590121.565267977304757 ], [ 647243.238592917332426, 5589949.394571563228965 ], [ 647352.309801245341077, 5589784.565018842928112 ], [ 647532.888838092680089, 5589791.909550027921796 ] ] ] } },
{ "type": "Feature", "properties": { "h3_index": "89ce8c0f633ffff", "pop_h3": 631.79906957232674, "eod_zona": 65 }, "geometry": { "type": "Polygon", "coordinates": [ [ [ 652707.520118834683672, 5587294.871883245185018 ], [ 652778.95460292766802, 5587467.021971118636429 ], [ 652669.929031158681028, 5587631.800036141648889 ], [ 652489.466018618550152, 5587624.431395081803203 ], [ 652418.027543990523554, 5587452.28048191126436 ], [ 652527.05607256887015, 5587287.49903507065028 ], [ 652707.520118834683672, 5587294.871883245185018 ] ] ] } },
{ "type": "Feature", "properties": { "h3_index": "89ce8c0c6c3ffff", "pop_h3": 116.40126366188493, "eod_zona": 4 }, "geometry": { "type": "Polygon", "coordinates": [ [ [ 649586.759963843971491, 5590890.847940625622869 ], [ 649658.231875384808518, 5591062.976478422060609 ], [ 649549.186654709628783, 5591227.776300762780011 ], [ 649368.666566613712348, 5591220.450973280705512 ], [ 649297.19065887958277, 5591048.321615900844336 ], [ 649406.238835566327907, 5590883.518405564129353 ], [ 649586.759963843971491, 5590890.847940625622869 ] ] ] } },
{ "type": "Feature", "properties": { "h3_index": "89ce8c05e2fffff", "pop_h3": 0.0, "eod_zona": 58 }, "geometry": { "type": "Polygon", "coordinates": [ [ [ 637195.093367816880345, 5589710.191508119925857 ], [ 637266.75959187396802, 5589882.482096371240914 ], [ 637157.591519999667071, 5590047.421905319206417 ], [ 636976.75426041870378, 5590040.074518015608191 ], [ 636905.084028352517635, 5589867.783106759190559 ], [ 637014.255064004100859, 5589702.839905790053308 ], [ 637195.093367816880345, 5589710.191508119925857 ] ] ] } },
{ "type": "Feature", "properties": { "h3_index": "89ce8c0d4cfffff", "pop_h3": 29.851329964321479, "eod_zona": 32 }, "geometry": { "type": "Polygon", "coordinates": [ [ [ 653339.05393033917062, 5591381.562622948549688 ], [ 653410.466574637102894, 5591553.639955937862396 ], [ 653301.458991861902177, 5591718.396920600906014 ], [ 653121.035811356734484, 5591711.079939203336835 ], [ 653049.619174360763282, 5591539.001787886023521 ], [ 653158.629710697219707, 5591374.24143626820296 ], [ 653339.05393033917062, 5591381.562622948549688 ] ] ] } },
{ "type": "Feature", "properties": { "h3_index": "89ce8c0f183ffff", "pop_h3": 62.261424997664996, "eod_zona": 18 }, "geometry": { "type": "Polygon", "coordinates": [ [ [ 649056.150303431553766, 5588330.576296015642583 ], [ 649127.637940465589054, 5588502.751984919421375 ], [ 649018.58011064468883, 5588667.566510900855064 ], [ 648838.031685795867816, 5588660.208732796832919 ], [ 648766.54005378857255, 5588488.032219923101366 ], [ 648875.600841734092683, 5588323.214309100992978 ], [ 649056.150303431553766, 5588330.576296015642583 ] ] ] } },
{ "type": "Feature", "properties": { "h3_index": "89ce8c0d443ffff", "pop_h3": 502.79686240720463, "eod_zona": 33 }, "geometry": { "type": "Polygon", "coordinates": [ [ [ 653553.287029067636468, 5591897.78387001901865 ], [ 653624.694838978815824, 5592069.850450828671455 ], [ 653515.690827955491841, 5592234.603265700861812 ], [ 653335.276054070214741, 5592227.292887281626463 ], [ 653263.864251323277131, 5592055.225489039905369 ], [ 653372.871215425548144, 5591890.469286625273526 ], [ 653553.287029067636468, 5591897.78387001901865 ] ] ] } },
{ "type": "Feature", "properties": { "h3_index": "89ce8c0e20bffff", "pop_h3": 0.0, "eod_zona": 49 }, "geometry": { "type": "Polygon", "coordinates": [ [ [ 647720.699324489687569, 5588106.843527456745505 ], [ 647792.208180116140284, 5588279.038225254975259 ], [ 647683.13680431956891, 5588443.868169173598289 ], [ 647502.553613989730366, 5588436.506800416857004 ], [ 647431.040762181626633, 5588264.311278118751943 ], [ 647540.115097012137994, 5588099.47794905398041 ], [ 647720.699324489687569, 5588106.843527456745505 ] ] ] } },
{ "type": "Feature", "properties": { "h3_index": "89ce8c0e387ffff", "pop_h3": 0.0, "eod_zona": 57 }, "geometry": { "type": "Polygon", "coordinates": [ [ [ 644973.909466724726371, 5588333.426823005080223 ], [ 645045.459943268680945, 5588505.649621605873108 ], [ 644936.362729871296324, 5588670.508902043104172 ], [ 644755.712079648976214, 5588663.14877054374665 ], [ 644684.157603967818432, 5588490.925147508271039 ], [ 644793.257777776219882, 5588326.062480386346579 ], [ 644973.909466724726371, 5588333.426823005080223 ] ] ] } },
{ "type": "Feature", "properties": { "h3_index": "89ce8c0f22bffff", "pop_h3": 148.24809238579411, "eod_zona": 30 }, "geometry": { "type": "Polygon", "coordinates": [ [ [ 652658.676480889786035, 5590169.584356817416847 ], [ 652730.103202900150791, 5590341.688975079916418 ], [ 652621.085521198110655, 5590506.457619186490774 ], [ 652440.638162813265808, 5590499.125030665658414 ], [ 652369.207448246190324, 5590327.019591955468059 ], [ 652478.228084749192931, 5590162.247562192380428 ], [ 652658.676480889786035, 5590169.584356817416847 ] ] ] } },
{ "type": "Feature", "properties": { "h3_index": "89ce8c0f2c7ffff", "pop_h3": 964.34938616671423, "eod_zona": 25 }, "geometry": { "type": "Polygon", "coordinates": [ [ [ 653350.372537058428861, 5588844.093779129907489 ], [ 653421.792534826090559, 5589016.211641157977283 ], [ 653312.77767760225106, 5589180.977299486286938 ], [ 653132.339867390808649, 5589173.628479346632957 ], [ 653060.915878677973524, 5589001.509794711135328 ], [ 653169.933691252605058, 5588836.74075279943645 ], [ 653350.372537058428861, 5588844.093779129907489 ] ] ] } },
{ "type": "Feature", "properties": { "h3_index": "89ce8c05c6bffff", "pop_h3": 37.490008482336002, "eod_zona": 58 }, "geometry": { "type": "Polygon", "coordinates": [ [ [ 636512.526959776878357, 5588496.689831285737455 ], [ 636584.207212641835213, 5588669.007752820849419 ], [ 636475.028963083401322, 5588833.959250506013632 ], [ 636294.167495768982917, 5588826.596217346377671 ], [ 636222.483235038584098, 5588654.277470674365759 ], [ 636331.664449618314393, 5588489.322582276538014 ], [ 636512.526959776878357, 5588496.689831285737455 ] ] ] } },
{ "type": "Feature", "properties": { "h3_index": "89ce8c0f4b3ffff", "pop_h3": 0.0, "eod_zona": 55 }, "geometry": { "type": "Polygon", "coordinates": [ [ [ 650767.126516861841083, 5585184.392922531813383 ], [ 650838.597095471573994, 5585356.599183580838144 ], [ 650729.546628474025056, 5585521.405791817232966 ], [ 650549.022623598575592, 5585514.009518871083856 ], [ 650477.548053927486762, 5585341.80242873635143 ], [ 650586.601480321027339, 5585176.992440612986684 ], [ 650767.126516861841083, 5585184.392922531813383 ] ] ] } },
{ "type": "Feature", "properties": { "h3_index": "89ce8c05213ffff", "pop_h3": 0.0, "eod_zona": 51 }, "geometry": { "type": "Polygon", "coordinates": [ [ [ 641946.653256956255063, 5586177.770872442051768 ], [ 642018.256625642185099, 5586350.063150125555694 ], [ 641909.123869599192403, 5586514.963062495924532 ], [ 641728.384781366679817, 5586507.574082338251173 ], [ 641656.77741194574628, 5586335.280976225621998 ], [ 641765.913131623528898, 5586170.37767867743969 ], [ 641946.653256956255063, 5586177.770872442051768 ] ] ] } },
{ "type": "Feature", "properties": { "h3_index": "89ce8c0f62fffff", "pop_h3": 702.08659483941108, "eod_zona": 22 }, "geometry": { "type": "Polygon", "coordinates": [ [ [ 652632.338140462641604, 5587968.722480121068656 ], [ 652703.771787456586026, 5588140.862651707604527 ], [ 652594.747447071946226, 5588305.639213443733752 ], [ 652414.286503448500298, 5588298.278986315242946 ], [ 652342.848865379230119, 5588126.13799056224525 ], [ 652451.876162136904895, 5587961.358046079985797 ], [ 652632.338140462641604, 5587968.722480121068656 ] ] ] } },
{ "type": "Feature", "properties": { "h3_index": "89ce8c0d41bffff", "pop_h3": 90.676199825717603, "eod_zona": 35 }, "geometry": { "type": "Polygon", "coordinates": [ [ [ 653049.619174360763282, 5591539.001787886023521 ], [ 653121.035811356734484, 5591711.079939203336835 ], [ 653012.025893909391016, 5591875.839529033750296 ], [ 652831.596385978511535, 5591868.524354819208384 ], [ 652760.175755876465701, 5591696.445385407656431 ], [ 652869.188626938615926, 5591531.682408282533288 ], [ 653049.619174360763282, 5591539.001787886023521 ] ] ] } },
{ "type": "Feature", "properties": { "h3_index": "89ce8c0c697ffff", "pop_h3": 0.0, "eod_zona": 2 }, "geometry": { "type": "Polygon", "coordinates": [ [ [ 648541.131987898377702, 5590509.9084338452667 ], [ 648612.621131797437556, 5590682.055155351758003 ], [ 648503.564710489823483, 5590846.867769498378038 ], [ 648323.016188540263101, 5590839.537050081416965 ], [ 648251.523047645343468, 5590667.389508227817714 ], [ 648360.582425822271034, 5590502.573506116867065 ], [ 648541.131987898377702, 5590509.9084338452667 ] ] ] } },
{ "type": "Feature", "properties": { "h3_index": "89ce8c0f0d7ffff", "pop_h3": 638.17632577526808, "eod_zona": 43 }, "geometry": { "type": "Polygon", "coordinates": [ [ [ 651624.667351793730631, 5587250.631817942485213 ], [ 651696.118635059217922, 5587422.795123131014407 ], [ 651587.082467564963736, 5587587.585215107537806 ], [ 651406.592059489921667, 5587580.215384119190276 ], [ 651335.136784614995122, 5587408.05125343427062 ], [ 651444.175909556215629, 5587243.25777920987457 ], [ 651624.667351793730631, 5587250.631817942485213 ] ] ] } },
{ "type": "Feature", "properties": { "h3_index": "89ce8c0c673ffff", "pop_h3": 275.60061359543755, "eod_zona": 2 }, "geometry": { "type": "Polygon", "coordinates": [ [ [ 649184.476351665565744, 5592059.099842987023294 ], [ 649255.951011055032723, 5592231.214291295036674 ], [ 649146.905334269395098, 5592396.014452805742621 ], [ 648966.382042812183499, 5592388.703555706888437 ], [ 648894.903386018355377, 5592216.588289740495384 ], [ 649003.952018212177791, 5592051.784738507121801 ], [ 649184.476351665565744, 5592059.099842987023294 ] ] ] } },
{ "type": "Feature", "properties": { "h3_index": "89ce8c0d55bffff", "pop_h3": 0.0, "eod_zona": 36 }, "geometry": { "type": "Polygon", "coordinates": [ [ [ 651816.620458045741543, 5592842.500062341801822 ], [ 651888.052231024717912, 5593014.571544245816767 ], [ 651779.034224573988467, 5593179.340103571303189 ], [ 651598.581491897231899, 5593172.040570546872914 ], [ 651527.145723662339151, 5592999.96827261056751 ], [ 651636.166683490620926, 5592835.196323705837131 ], [ 651816.620458045741543, 5592842.500062341801822 ] ] ] } },
{ "type": "Feature", "properties": { "h3_index": "89ce8c01a67ffff", "pop_h3": 0.0, "eod_zona": 61 }, "geometry": { "type": "Polygon", "coordinates": [ [ [ 651673.394861426088028, 5584375.182879090309143 ], [ 651744.85388552909717, 5584547.391603001393378 ], [ 651635.80983608670067, 5584712.191049660556018 ], [ 651455.303803217830136, 5584704.7851507877931 ], [ 651383.840789537876844, 5584532.575596530921757 ], [ 651492.887798433424905, 5584367.772771466523409 ], [ 651673.394861426088028, 5584375.182879090309143 ] ] ] } },
{ "type": "Feature", "properties": { "h3_index": "89ce8c0f067ffff", "pop_h3": 635.23990537958821, "eod_zona": 15 }, "geometry": { "type": "Polygon", "coordinates": [ [ [ 651147.222632452961989, 5589092.778401640243828 ], [ 651218.675821544602513, 5589264.917729545384645 ], [ 651109.640407004742883, 5589429.706685717217624 ], [ 650929.148847095784731, 5589422.359698871150613 ], [ 650857.691664638812654, 5589250.219548524357378 ], [ 650966.730035588610917, 5589085.427207444794476 ], [ 651147.222632452961989, 5589092.778401640243828 ] ] ] } },
{ "type": "Feature", "properties": { "h3_index": "89ce8c0f287ffff", "pop_h3": 697.08012032886143, "eod_zona": 21 }, "geometry": { "type": "Polygon", "coordinates": [ [ [ 652557.156951311742887, 5588642.550234363414347 ], [ 652628.58976087870542, 5588814.680486375465989 ], [ 652519.566653501242399, 5588979.455541137605906 ], [ 652339.107780743157491, 5588972.103727543726563 ], [ 652267.670979557442479, 5588799.972652491182089 ], [ 652376.697042877436616, 5588635.194214052520692 ], [ 652557.156951311742887, 5588642.550234363414347 ] ] ] } },
{ "type": "Feature", "properties": { "h3_index": "89ce8c0d08fffff", "pop_h3": 78.727520414626042, "eod_zona": 37 }, "geometry": { "type": "Polygon", "coordinates": [ [ [ 652282.775877647683956, 5593538.059210737235844 ], [ 652354.198400806635618, 5593710.114146524108946 ], [ 652245.186922476394102, 5593874.875159020535648 ], [ 652064.749968484742567, 5593867.58462599478662 ], [ 651993.32345006801188, 5593695.5288753984496 ], [ 652102.337881027022377, 5593530.764472614973783 ], [ 652282.775877647683956, 5593538.059210737235844 ] ] ] } },
{ "type": "Feature", "properties": { "h3_index": "89ce8c0f57bffff", "pop_h3": 412.52330379853294, "eod_zona": 63 }, "geometry": { "type": "Polygon", "coordinates": [ [ [ 649962.504415831528604, 5587521.249594974331558 ], [ 650033.980485846172087, 5587693.427770670503378 ], [ 649924.929045967408456, 5587858.2351551996544 ], [ 649744.398578014224768, 5587850.867747369222343 ], [ 649672.918514510034584, 5587678.68874644394964 ], [ 649781.972912577330135, 5587513.877978558652103 ], [ 649962.504415831528604, 5587521.249594974331558 ] ] ] } },
{ "type": "Feature", "properties": { "h3_index": "89ce8c0f483ffff", "pop_h3": 0.0, "eod_zona": 61 }, "geometry": { "type": "Polygon", "coordinates": [ [ [ 651346.257408682024106, 5584869.587232990190387 ], [ 651417.720006380812265, 5585041.791835171170533 ], [ 651308.674226610339247, 5585206.593173588626087 ], [ 651128.162889980943874, 5585199.193289013579488 ], [ 651056.696302027208731, 5585026.98785728123039 ], [ 651165.745041085407138, 5584862.183139654807746 ], [ 651346.257408682024106, 5584869.587232990190387 ] ] ] } },
{ "type": "Feature", "properties": { "h3_index": "89ce8c0f203ffff", "pop_h3": 938.15093806178436, "eod_zona": 27 }, "geometry": { "type": "Polygon", "coordinates": [ [ [ 653023.322671087924391, 5589338.396766385063529 ], [ 653094.746240260777995, 5589510.510489489883184 ], [ 652985.729660634882748, 5589675.278020732104778 ], [ 652805.286556774983183, 5589667.935213237069547 ], [ 652733.85899598360993, 5589495.820668321102858 ], [ 652842.878530797082931, 5589331.049752689898014 ], [ 653023.322671087924391, 5589338.396766385063529 ] ] ] } },
{ "type": "Feature", "properties": { "h3_index": "89ce8c0e1cfffff", "pop_h3": 0.0, "eod_zona": 57 }, "geometry": { "type": "Polygon", "coordinates": [ [ [ 644254.797022438724525, 5587457.508128645829856 ], [ 644326.361133970553055, 5587629.753259737975895 ], [ 644217.254409404937178, 5587794.62345230858773 ], [ 644036.580612004734576, 5587787.251899607479572 ], [ 643965.012501209042966, 5587615.005942517891526 ], [ 644074.122187206754461, 5587450.132364104501903 ], [ 644254.797022438724525, 5587457.508128645829856 ] ] ] } },
{ "type": "Feature", "properties": { "h3_index": "89ce8c0d593ffff", "pop_h3": 440.48360600071919, "eod_zona": 39 }, "geometry": { "type": "Polygon", "coordinates": [ [ [ 650594.631966209504753, 5591608.62151132337749 ], [ 650666.086226997664198, 5591780.726899340748787 ], [ 650557.052827689098194, 5591945.513168454170227 ], [ 650376.562212780001573, 5591938.197438016533852 ], [ 650305.103956331731752, 5591766.09123174007982 ], [ 650414.140310580609366, 5591601.301574135199189 ], [ 650594.631966209504753, 5591608.62151132337749 ] ] ] } },
{ "type": "Feature", "properties": { "h3_index": "89ce8c0f357ffff", "pop_h3": 363.85283737645534, "eod_zona": 10 }, "geometry": { "type": "Polygon", "coordinates": [ [ [ 651538.332892441307195, 5590462.459126910194755 ], [ 651609.776005475898273, 5590634.571991571225226 ], [ 651500.748362324899063, 5590799.351903301663697 ], [ 651320.274651045678183, 5590792.022336897440255 ], [ 651248.827544107567519, 5590619.908652153797448 ], [ 651357.858142482116818, 5590455.125353873707354 ], [ 651538.332892441307195, 5590462.459126910194755 ] ] ] } },
{ "type": "Feature", "properties": { "h3_index": "89ce8c0d663ffff", "pop_h3": 0.0, "eod_zona": 33 }, "geometry": { "type": "Polygon", "coordinates": [ [ [ 654699.440555877517909, 5593804.89926335029304 ], [ 654770.825025257421657, 5593976.922008818015456 ], [ 654661.83763013780117, 5594141.655583525076509 ], [ 654481.462814681231976, 5594134.369802285917103 ], [ 654410.07435232703574, 5593962.34624273236841 ], [ 654519.064698533387855, 5593797.609278480522335 ], [ 654699.440555877517909, 5593804.89926335029304 ] ] ] } },
{ "type": "Feature", "properties": { "h3_index": "89ce8c0c4cfffff", "pop_h3": 76.739216399132559, "eod_zona": 49 }, "geometry": { "type": "Polygon", "coordinates": [ [ [ 647784.967295229085721, 5589971.421554781496525 ], [ 647856.469673327286728, 5590143.585641097277403 ], [ 647747.404380611144006, 5590308.408418760634959 ], [ 647566.833752257749438, 5590301.070497676730156 ], [ 647495.327376762405038, 5590128.905590016394854 ], [ 647604.395627148915082, 5589964.079424763098359 ], [ 647784.967295229085721, 5589971.421554781496525 ] ] ] } },
{ "type": "Feature", "properties": { "h3_index": "89ce8c05073ffff", "pop_h3": 0.0, "eod_zona": 51 }, "geometry": { "type": "Polygon", "coordinates": [ [ [ 640357.347969447961077, 5585773.989133571274579 ], [ 640428.976964689092711, 5585946.306232642382383 ], [ 640319.827688847435638, 5586111.224960478954017 ], [ 640139.046453078277409, 5586103.829974575899541 ], [ 640067.413455765228719, 5585931.512046206742525 ], [ 640176.565696419565938, 5585766.589933014474809 ], [ 640357.347969447961077, 5585773.989133571274579 ] ] ] } },
{ "type": "Feature", "properties": { "h3_index": "89ce8c0f07bffff", "pop_h3": 439.14530587783804, "eod_zona": 16 }, "geometry": { "type": "Polygon", "coordinates": [ [ [ 651726.258565409108996, 5588777.909417103044689 ], [ 651797.703768980456516, 5588950.047099427320063 ], [ 651688.673028909950517, 5589114.830796969123185 ], [ 651508.194129087612964, 5589107.480196394957602 ], [ 651436.744932955130935, 5588935.341691164299846 ], [ 651545.778629337437451, 5588770.554609391838312 ], [ 651726.258565409108996, 5588777.909417103044689 ] ] ] } },
{ "type": "Feature", "properties": { "h3_index": "89ce8c0d537ffff", "pop_h3": 0.0, "eod_zona": 36 }, "geometry": { "type": "Polygon", "coordinates": [ [ [ 649865.265296404249966, 5593271.125151731073856 ], [ 649936.725879736244678, 5593443.212289283052087 ], [ 649827.690318638109602, 5593608.000748143531382 ], [ 649647.191220168489963, 5593600.705460458062589 ], [ 649575.72663929592818, 5593428.617507372051477 ], [ 649684.765154561609961, 5593263.825657485984266 ], [ 649865.265296404249966, 5593271.125151731073856 ] ] ] } },
{ "type": "Feature", "properties": { "h3_index": "89ce8c0f117ffff", "pop_h3": 10.120449464638812, "eod_zona": 4 }, "geometry": { "type": "Polygon", "coordinates": [ [ [ 648981.010125480941497, 5589004.551008814014494 ], [ 649052.496932937065139, 5589176.716771676205099 ], [ 648943.440348264528438, 5589341.529788005165756 ], [ 648762.893998575513251, 5589334.180427215062082 ], [ 648691.403195607941598, 5589162.013841512612998 ], [ 648800.462737967376597, 5588997.197439416311681 ], [ 648981.010125480941497, 5589004.551008814014494 ] ] ] } },
{ "type": "Feature", "properties": { "h3_index": "89ce8c0c603ffff", "pop_h3": 237.69438360469201, "eod_zona": 2 }, "geometry": { "type": "Polygon", "coordinates": [ [ [ 648970.042714920011349, 5591542.734979805536568 ], [ 649041.522203486063518, 5591714.860187103971839 ], [ 648932.47294549155049, 5591879.664501463063061 ], [ 648751.941243163775653, 5591872.346997642889619 ], [ 648680.457757329219021, 5591700.22097179107368 ], [ 648789.509971218183637, 5591535.413268291391432 ], [ 648970.042714920011349, 5591542.734979805536568 ] ] ] } },
{ "type": "Feature", "properties": { "h3_index": "89ce8c04257ffff", "pop_h3": 71.144920455558946, "eod_zona": 54 }, "geometry": { "type": "Polygon", "coordinates": [ [ [ 636887.520167529466562, 5585123.681016135960817 ], [ 636959.204421172384173, 5585296.048605817370117 ], [ 636850.019768229452893, 5585461.00761329010129 ], [ 636669.14789455558639, 5585453.602417112328112 ], [ 636597.459635760402307, 5585281.233996633440256 ], [ 636706.647255919873714, 5585116.271603107452393 ], [ 636887.520167529466562, 5585123.681016135960817 ] ] ] } },
{ "type": "Feature", "properties": { "h3_index": "89ce8c0c6d3ffff", "pop_h3": 41.33909351878264, "eod_zona": 4 }, "geometry": { "type": "Polygon", "coordinates": [ [ [ 649624.333480502711609, 5590553.913852639496326 ], [ 649695.805808261269704, 5590726.047357918694615 ], [ 649586.759963843971491, 5590890.847940625622869 ], [ 649406.238835566327907, 5590883.518405564129353 ], [ 649334.762511885957792, 5590711.384080133400857 ], [ 649443.811312533449382, 5590546.58010989241302 ], [ 649624.333480502711609, 5590553.913852639496326 ] ] ] } },
{ "type": "Feature", "properties": { "h3_index": "89ce8c0d017ffff", "pop_h3": 94.021419645014973, "eod_zona": 37 }, "geometry": { "type": "Polygon", "coordinates": [ [ [ 652245.186922476394102, 5593874.875159020535648 ], [ 652316.609025299199857, 5594046.925122054293752 ], [ 652207.598169533186592, 5594211.685366326011717 ], [ 652027.162258660187945, 5594204.399038290604949 ], [ 651955.736160308355466, 5594032.348261018283665 ], [ 652064.749968484742567, 5593867.58462599478662 ], [ 652245.186922476394102, 5593874.875159020535648 ] ] ] } },
{ "type": "Feature", "properties": { "h3_index": "89ce8c0d553ffff", "pop_h3": 0.0, "eod_zona": 36 }, "geometry": { "type": "Polygon", "coordinates": [ [ [ 651564.730496058706194, 5592663.119054598733783 ], [ 651636.166683490620926, 5592835.196323705837131 ], [ 651527.145723662339151, 5592999.96827261056751 ], [ 651346.685622879536822, 5592992.666341832838953 ], [ 651275.245440054917708, 5592820.588256359100342 ], [ 651384.269353534444235, 5592655.81291800364852 ], [ 651564.730496058706194, 5592663.119054598733783 ] ] ] } },
{ "type": "Feature", "properties": { "h3_index": "89ce8c0d64fffff", "pop_h3": 0.0, "eod_zona": 33 }, "geometry": { "type": "Polygon", "coordinates": [ [ [ 655278.146988447755575, 5593490.018591899424791 ], [ 655349.523473092122003, 5593662.039708509109914 ], [ 655240.540743449819274, 5593826.768040248192847 ], [ 655060.178578307968564, 5593819.478644226677716 ], [ 654988.798101497581229, 5593647.456713069230318 ], [ 655097.783782123588026, 5593482.724992458708584 ], [ 655278.146988447755575, 5593490.018591899424791 ] ] ] } },
{ "type": "Feature", "properties": { "h3_index": "89ce8c051c3ffff", "pop_h3": 0.0, "eod_zona": 50 }, "geometry": { "type": "Polygon", "coordinates": [ [ [ 638730.143060735659674, 5585707.389154123142362 ], [ 638801.797280785045587, 5585879.72611774597317 ], [ 638692.632118087494746, 5586044.662916700355709 ], [ 638511.809769703773782, 5586037.266138015314937 ], [ 638440.15154597372748, 5585864.928344798274338 ], [ 638549.319674442522228, 5585699.98815983813256 ], [ 638730.143060735659674, 5585707.389154123142362 ] ] ] } },
{ "type": "Feature", "properties": { "h3_index": "89ce8c0d057ffff", "pop_h3": 89.813268574255218, "eod_zona": 37 }, "geometry": { "type": "Polygon", "coordinates": [ [ [ 653038.299982877681032, 5594076.076488732360303 ], [ 653109.709259008057415, 5594248.114063058048487 ], [ 653000.706636950955726, 5594412.86490395385772 ], [ 652820.291787067544647, 5594405.581561159342527 ], [ 652748.878516082884744, 5594233.543173018842936 ], [ 652857.884089965140447, 5594068.788941469043493 ], [ 653038.299982877681032, 5594076.076488732360303 ] ] ] } },
{ "type": "Feature", "properties": { "h3_index": "89ce8c0c44bffff", "pop_h3": 0.0, "eod_zona": 2 }, "geometry": { "type": "Polygon", "coordinates": [ [ [ 648251.523047645343468, 5590667.389508227817714 ], [ 648323.016188540263101, 5590839.537050081416965 ], [ 648213.957436009193771, 5591004.352292300201952 ], [ 648033.402585791773163, 5590997.023380944505334 ], [ 647961.905447495169938, 5590824.87501897662878 ], [ 648070.967156945145689, 5590660.056388453580439 ], [ 648251.523047645343468, 5590667.389508227817714 ] ] ] } },
{ "type": "Feature", "properties": { "h3_index": "89ce8c0f073ffff", "pop_h3": 532.27705145585071, "eod_zona": 16 }, "geometry": { "type": "Polygon", "coordinates": [ [ [ 651474.329015616560355, 5588598.411142527125776 ], [ 651545.778629337437451, 5588770.554609391838312 ], [ 651436.744932955130935, 5588935.341691164299846 ], [ 651256.258666404290125, 5588927.988690153695643 ], [ 651184.805059990263544, 5588755.844400051049888 ], [ 651293.841712951660156, 5588591.05393417365849 ], [ 651474.329015616560355, 5588598.411142527125776 ] ] ] } },
{ "type": "Feature", "properties": { "h3_index": "89ce8c01b37ffff", "pop_h3": 0.0, "eod_zona": 59 }, "geometry": { "type": "Polygon", "coordinates": [ [ [ 648890.170468716882169, 5584938.147258011624217 ], [ 648961.670646918937564, 5585110.379141489975154 ], [ 648852.601313567720354, 5585275.207176445052028 ], [ 648672.028841518098488, 5585267.80670830514282 ], [ 648600.524670511484146, 5585095.573995106853545 ], [ 648709.596964484080672, 5584930.742579746060073 ], [ 648890.170468716882169, 5584938.147258011624217 ] ] ] } },
{ "type": "Feature", "properties": { "h3_index": "89ce8c05527ffff", "pop_h3": 155.46307954703352, "eod_zona": 52 }, "geometry": { "type": "Polygon", "coordinates": [ [ [ 637467.615240340819582, 5584808.588402701541781 ], [ 637539.291484885383397, 5584980.954330084845424 ], [ 637430.111490641487762, 5585145.908057795837522 ], [ 637249.252284863614477, 5585138.499243473634124 ], [ 637177.572035972261801, 5584966.132484823465347 ], [ 637286.754997335025109, 5584801.175371738150716 ], [ 637467.615240340819582, 5584808.588402701541781 ] ] ] } },
{ "type": "Feature", "properties": { "h3_index": "89ce8c0f61bffff", "pop_h3": 99.315041211069271, "eod_zona": 48 }, "geometry": { "type": "Polygon", "coordinates": [ [ [ 653575.945796809974127, 5586822.672712158411741 ], [ 653647.368311714730226, 5586994.820322746410966 ], [ 653538.349766680272296, 5587159.590493753552437 ], [ 653357.905750215169974, 5587152.216434947215021 ], [ 653286.47924598492682, 5586980.067998365499079 ], [ 653395.500747674144804, 5586815.294446555897593 ], [ 653575.945796809974127, 5586822.672712158411741 ] ] ] } },
{ "type": "Feature", "properties": { "h3_index": "89ce8c0c46fffff", "pop_h3": 0.0, "eod_zona": 49 }, "geometry": { "type": "Polygon", "coordinates": [ [ [ 647345.083662022370845, 5591476.832476779818535 ], [ 647416.588382437592372, 5591648.977507921867073 ], [ 647307.523267595330253, 5591813.799871455878019 ], [ 647126.950475616031326, 5591806.480593610554934 ], [ 647055.441756319487467, 5591634.334743618033826 ], [ 647164.509828012320213, 5591469.508990299887955 ], [ 647345.083662022370845, 5591476.832476779818535 ] ] ] } },
{ "type": "Feature", "properties": { "h3_index": "89ce8c0d5cbffff", "pop_h3": 3.1846195880484007, "eod_zona": 36 }, "geometry": { "type": "Polygon", "coordinates": [ [ [ 651602.315471743466333, 5592326.264101241715252 ], [ 651673.752078294055536, 5592498.346340700052679 ], [ 651564.730496058706194, 5592663.119054598733783 ], [ 651384.269353534444235, 5592655.81291800364852 ], [ 651312.828751861234196, 5592483.729861613363028 ], [ 651421.853287963429466, 5592318.953758727759123 ], [ 651602.315471743466333, 5592326.264101241715252 ] ] ] } },
{ "type": "Feature", "properties": { "h3_index": "89ce8c0c6a7ffff", "pop_h3": 0.0, "eod_zona": 49 }, "geometry": { "type": "Polygon", "coordinates": [ [ [ 647886.777769964071922, 5591498.801752756349742 ], [ 647958.274079311988316, 5591670.940175442956388 ], [ 647849.214249877957627, 5591835.75652214884758 ], [ 647668.655154699343257, 5591828.437835717573762 ], [ 647597.154847008991055, 5591656.298594278283417 ], [ 647706.217632971820422, 5591491.478858003392816 ], [ 647886.777769964071922, 5591498.801752756349742 ] ] ] } },
{ "type": "Feature", "properties": { "h3_index": "89ce8c0f5c3ffff", "pop_h3": 463.74964826153933, "eod_zona": 45 }, "geometry": { "type": "Polygon", "coordinates": [ [ [ 650112.807935032295063, 5586173.250267336145043 ], [ 650184.285666126874276, 5586345.448275179602206 ], [ 650075.231749917147681, 5586510.258658769540489 ], [ 649894.697143682860769, 5586502.874415987171233 ], [ 649823.215420180349611, 5586330.675580649636686 ], [ 649932.272295450093225, 5586165.861815564334393 ], [ 650112.807935032295063, 5586173.250267336145043 ] ] ] } },
{ "type": "Feature", "properties": { "h3_index": "89ce8c0f06fffff", "pop_h3": 831.47361061114998, "eod_zona": 16 }, "geometry": { "type": "Polygon", "coordinates": [ [ [ 651399.161051494884305, 5589272.266523311845958 ], [ 651470.609829950612038, 5589444.400066087953746 ], [ 651361.577371556311846, 5589609.185637225396931 ], [ 651181.093178690993227, 5589601.84105060249567 ], [ 651109.640407004742883, 5589429.706685717217624 ], [ 651218.675821544602513, 5589264.917729545384645 ], [ 651399.161051494884305, 5589272.266523311845958 ] ] ] } },
{ "type": "Feature", "properties": { "h3_index": "89ce8c0d52bffff", "pop_h3": 0.0, "eod_zona": 36 }, "geometry": { "type": "Polygon", "coordinates": [ [ [ 650369.160225066239946, 5593629.885432218201458 ], [ 650440.611978363711387, 5593801.960991966538131 ], [ 650331.582324797287583, 5593966.742668407969177 ], [ 650151.097964430693537, 5593959.452176348306239 ], [ 650079.64221386006102, 5593787.37580172996968 ], [ 650188.674821056658402, 5593622.590734015218914 ], [ 650369.160225066239946, 5593629.885432218201458 ] ] ] } },
{ "type": "Feature", "properties": { "h3_index": "89ce8c0d643ffff", "pop_h3": 0.0, "eod_zona": 33 }, "geometry": { "type": "Polygon", "coordinates": [ [ [ 655315.753427162650041, 5593153.263406850397587 ], [ 655387.130335429450497, 5593325.289493286982179 ], [ 655278.146988447755575, 5593490.018591899424791 ], [ 655097.783782123588026, 5593482.724992458708584 ], [ 655026.402881958754733, 5593310.69809091091156 ], [ 655135.389180144760758, 5593145.965603891760111 ], [ 655315.753427162650041, 5593153.263406850397587 ] ] ] } },
{ "type": "Feature", "properties": { "h3_index": "89ce8c0502bffff", "pop_h3": 19.216001193605909, "eod_zona": 50 }, "geometry": { "type": "Polygon", "coordinates": [ [ [ 639777.470277634682134, 5586089.039405263960361 ], [ 639849.107277427334338, 5586261.358162695541978 ], [ 639739.953340239590034, 5586426.28216555621475 ], [ 639559.159438477014191, 5586418.890797002241015 ], [ 639487.518435802776366, 5586246.571210739202797 ], [ 639596.675337905879132, 5586081.643821839243174 ], [ 639777.470277634682134, 5586089.039405263960361 ] ] ] } },
{ "type": "Feature", "properties": { "h3_index": "89ce8c0d58fffff", "pop_h3": 0.0, "eod_zona": 36 }, "geometry": { "type": "Polygon", "coordinates": [ [ [ 650519.473894737311639, 5592282.399093112908304 ], [ 650590.927320026559755, 5592454.494541652500629 ], [ 650481.895167678128928, 5592619.279283559881151 ], [ 650301.406635663472116, 5592611.971966320648789 ], [ 650229.949214181629941, 5592439.875700651668012 ], [ 650338.98432103486266, 5592275.087569325231016 ], [ 650519.473894737311639, 5592282.399093112908304 ] ] ] } },
{ "type": "Feature", "properties": { "h3_index": "89ce8c0d4b7ffff", "pop_h3": 300.70765213766003, "eod_zona": 34 }, "geometry": { "type": "Polygon", "coordinates": [ [ [ 651715.071615310036577, 5591315.664846503175795 ], [ 651786.509478722349741, 5591487.761992095969617 ], [ 651677.486031693406403, 5591652.536995452828705 ], [ 651497.021766865043901, 5591645.218240795657039 ], [ 651425.579909142921679, 5591473.120276581496 ], [ 651534.606310691218823, 5591308.34188562259078 ], [ 651715.071615310036577, 5591315.664846503175795 ] ] ] } },
{ "type": "Feature", "properties": { "h3_index": "89ce8c0f29bffff", "pop_h3": 812.89821308497221, "eod_zona": 21 }, "geometry": { "type": "Polygon", "coordinates": [ [ [ 653136.102883974323049, 5588327.71870634984225 ], [ 653207.527711522066966, 5588499.847311585210264 ], [ 653098.509283081511967, 5588664.617107450030744 ], [ 652918.0630713874707, 5588657.261681054718792 ], [ 652846.634253029711545, 5588485.132252313196659 ], [ 652955.655637309188023, 5588320.359073451720178 ], [ 653136.102883974323049, 5588327.71870634984225 ] ] ] } },
{ "type": "Feature", "properties": { "h3_index": "89ce8c053afffff", "pop_h3": 0.0, "eod_zona": 23 }, "geometry": { "type": "Polygon", "coordinates": [ [ [ 639047.504971106769517, 5587753.071936587803066 ], [ 639119.148365302127786, 5587925.372488087043166 ], [ 639009.992316033341922, 5588090.298759610392153 ], [ 638829.189908560947515, 5588082.927868193015456 ], [ 638757.542509593768045, 5587910.62649059202522 ], [ 638866.701522998278961, 5587745.696830487810075 ], [ 639047.504971106769517, 5587753.071936587803066 ] ] ] } },
{ "type": "Feature", "properties": { "h3_index": "89ce8c0f22fffff", "pop_h3": 0.73433837415021352, "eod_zona": 34 }, "geometry": { "type": "Polygon", "coordinates": [ [ [ 652369.207448246190324, 5590327.019591955468059 ], [ 652440.638162813265808, 5590499.125030665658414 ], [ 652331.618145044194534, 5590663.896301874890924 ], [ 652151.164457977982238, 5590656.565520346164703 ], [ 652079.729750441969372, 5590484.459261417388916 ], [ 652188.752723067533225, 5590319.684604210779071 ], [ 652369.207448246190324, 5590327.019591955468059 ] ] ] } },
{ "type": "Feature", "properties": { "h3_index": "89ce8c0f343ffff", "pop_h3": 35.872691758629259, "eod_zona": 10 }, "geometry": { "type": "Polygon", "coordinates": [ [ [ 651790.243388222181238, 5590641.903365202248096 ], [ 651861.68208912643604, 5590814.010444113984704 ], [ 651752.657400929601863, 5590978.78696917463094 ], [ 651572.191057002171874, 5590971.459801968187094 ], [ 651500.748362324899063, 5590799.351903301663697 ], [ 651609.776005475898273, 5590634.571991571225226 ], [ 651790.243388222181238, 5590641.903365202248096 ] ] ] } },
{ "type": "Feature", "properties": { "h3_index": "89ce8c0e23bffff", "pop_h3": 0.0, "eod_zona": 49 }, "geometry": { "type": "Polygon", "coordinates": [ [ [ 647141.373534160782583, 5588421.783468287438154 ], [ 647212.890382551355287, 5588593.979814855381846 ], [ 647103.814338241587393, 5588758.815022095106542 ], [ 646923.218486540950835, 5588751.457268566824496 ], [ 646851.697641161736101, 5588579.260097962804139 ], [ 646960.776644602417946, 5588414.421504901722074 ], [ 647141.373534160782583, 5588421.783468287438154 ] ] ] } },
{ "type": "Feature", "properties": { "h3_index": "89ce8c05e87ffff", "pop_h3": 60.069995684772493, "eod_zona": 58 }, "geometry": { "type": "Polygon", "coordinates": [ [ [ 637382.606209803838283, 5588023.953587162308395 ], [ 637454.274441493325867, 5588196.269031891599298 ], [ 637345.103162089595571, 5588361.212623520754278 ], [ 637164.260686251916923, 5588353.84416008926928 ], [ 637092.5884479067754, 5588181.527889525517821 ], [ 637201.762692185002379, 5588016.580908203497529 ], [ 637382.606209803838283, 5588023.953587162308395 ] ] ] } },
{ "type": "Feature", "properties": { "h3_index": "89ce8c0f693ffff", "pop_h3": 0.0, "eod_zona": 46 }, "geometry": { "type": "Polygon", "coordinates": [ [ [ 653147.376918721711263, 5585789.711893410421908 ], [ 653218.809086971334182, 5585961.880976217798889 ], [ 653109.783401460037567, 5586126.659403695724905 ], [ 652929.322590203606524, 5586119.272127971053123 ], [ 652857.886432903585956, 5585947.102217378094792 ], [ 652966.915076038683765, 5585782.320410276763141 ], [ 653147.376918721711263, 5585789.711893410421908 ] ] ] } },
{ "type": "Feature", "properties": { "h3_index": "89ce8c0d28fffff", "pop_h3": 0.0, "eod_zona": 37 }, "geometry": { "type": "Polygon", "coordinates": [ [ [ 654045.500484031857923, 5594793.318289884366095 ], [ 654116.892094421433285, 5594965.332716665230691 ], [ 654007.901276983437128, 5595130.069993696175516 ], [ 653827.515898528741673, 5595122.796235074289143 ], [ 653756.120293820975348, 5594950.780995804816484 ], [ 653865.114062013686635, 5594786.040327623486519 ], [ 654045.500484031857923, 5594793.318289884366095 ] ] ] } },
{ "type": "Feature", "properties": { "h3_index": "89ce8c0f077ffff", "pop_h3": 593.96397380829922, "eod_zona": 15 }, "geometry": { "type": "Polygon", "coordinates": [ [ [ 651184.805059990263544, 5588755.844400051049888 ], [ 651256.258666404290125, 5588927.988690153695643 ], [ 651147.222632452961989, 5589092.778401640243828 ], [ 650966.730035588610917, 5589085.427207444794476 ], [ 650895.27243608282879, 5588913.282094332389534 ], [ 651004.311426662490703, 5588748.488998403772712 ], [ 651184.805059990263544, 5588755.844400051049888 ] ] ] } },
{ "type": "Feature", "properties": { "h3_index": "89ce8c0f2d7ffff", "pop_h3": 636.0028447279891, "eod_zona": 24 }, "geometry": { "type": "Polygon", "coordinates": [ [ [ 653387.967592431930825, 5588507.204544210806489 ], [ 653459.38800992933102, 5588679.327366384677589 ], [ 653350.372537058428861, 5588844.093779129907489 ], [ 653169.933691252605058, 5588836.74075279943645 ], [ 653098.509283081511967, 5588664.617107450030744 ], [ 653207.527711522066966, 5588499.847311585210264 ], [ 653387.967592431930825, 5588507.204544210806489 ] ] ] } },
{ "type": "Feature", "properties": { "h3_index": "89ce8c0e147ffff", "pop_h3": 0.0, "eod_zona": 57 }, "geometry": { "type": "Polygon", "coordinates": [ [ [ 644179.712016541627236, 5588131.733059774152935 ], [ 644251.275310056167655, 5588303.968262569047511 ], [ 644142.169844167423435, 5588468.83694929536432 ], [ 643961.498123898403719, 5588461.47381997667253 ], [ 643889.930830577854067, 5588289.23779231403023 ], [ 643999.039257461670786, 5588124.365718815475702 ], [ 644179.712016541627236, 5588131.733059774152935 ] ] ] } },
{ "type": "Feature", "properties": { "h3_index": "89ce8c0d44fffff", "pop_h3": 159.56775586272087, "eod_zona": 33 }, "geometry": { "type": "Polygon", "coordinates": [ [ [ 653515.690827955491841, 5592234.603265700861812 ], [ 653587.098216697340831, 5592406.664878472685814 ], [ 653478.094824531697668, 5592571.41692971251905 ], [ 653297.681090892874636, 5592564.110756161622703 ], [ 653226.26970904506743, 5592392.04832652490586 ], [ 653335.276054070214741, 5592227.292887281626463 ], [ 653515.690827955491841, 5592234.603265700861812 ] ] ] } },
{ "type": "Feature", "properties": { "h3_index": "89ce8c0f06bffff", "pop_h3": 535.25917463904693, "eod_zona": 16 }, "geometry": { "type": "Polygon", "coordinates": [ [ [ 651688.673028909950517, 5589114.830796969123185 ], [ 651760.117814537603408, 5589286.963517404161394 ], [ 651651.087693041772582, 5589451.746459625661373 ], [ 651470.609829950612038, 5589444.400066087953746 ], [ 651399.161051494884305, 5589272.266523311845958 ], [ 651508.194129087612964, 5589107.480196394957602 ], [ 651688.673028909950517, 5589114.830796969123185 ] ] ] } },
{ "type": "Feature", "properties": { "h3_index": "89ce8c05ea3ffff", "pop_h3": 56.685629101709921, "eod_zona": 58 }, "geometry": { "type": "Polygon", "coordinates": [ [ [ 637055.087082886951976, 5588518.790387189947069 ], [ 637126.758920144289732, 5588691.101687539368868 ], [ 637017.585958100971766, 5588856.047159493900836 ], [ 636836.738194223609753, 5588848.684721571393311 ], [ 636765.062349634827115, 5588676.372596186585724 ], [ 636874.238276385818608, 5588511.423733733594418 ], [ 637055.087082886951976, 5588518.790387189947069 ] ] ] } },
{ "type": "Feature", "properties": { "h3_index": "89ce8c0d0bbffff", "pop_h3": 71.841774356895144, "eod_zona": 37 }, "geometry": { "type": "Polygon", "coordinates": [ [ [ 651993.32345006801188, 5593695.5288753984496 ], [ 652064.749968484742567, 5593867.58462599478662 ], [ 651955.736160308355466, 5594032.348261018283665 ], [ 651775.292881167144515, 5594025.059536047279835 ], [ 651703.862367086810991, 5593853.00297087803483 ], [ 651812.879127941909246, 5593688.235945231281221 ], [ 651993.32345006801188, 5593695.5288753984496 ] ] ] } },
{ "type": "Feature", "properties": { "h3_index": "89ce8c0d433ffff", "pop_h3": 562.27853518033976, "eod_zona": 35 }, "geometry": { "type": "Polygon", "coordinates": [ [ [ 652181.262934370199218, 5592011.345878183841705 ], [ 652252.691551890457049, 5592183.426483084447682 ], [ 652143.674633853137493, 5592348.193947710096836 ], [ 651963.226144661661237, 5592340.884195725433528 ], [ 651891.793532826704904, 5592168.802773430012167 ], [ 652000.813404629938304, 5592004.031920492649078 ], [ 652181.262934370199218, 5592011.345878183841705 ] ] ] } },
{ "type": "Feature", "properties": { "h3_index": "89ce8c0e237ffff", "pop_h3": 0.0, "eod_zona": 49 }, "geometry": { "type": "Polygon", "coordinates": [ [ [ 646599.569166061468422, 5588399.696983443573117 ], [ 646671.094420816283673, 5588571.899942256510258 ], [ 646562.013083930127323, 5588736.741167142055929 ], [ 646381.403532967087813, 5588729.382819228805602 ], [ 646309.874280688120052, 5588557.179036280140281 ], [ 646418.958577025914565, 5588392.334425355307758 ], [ 646599.569166061468422, 5588399.696983443573117 ] ] ] } },
{ "type": "Feature", "properties": { "h3_index": "89ce8c0556fffff", "pop_h3": 129.36073278212524, "eod_zona": 51 }, "geometry": { "type": "Polygon", "coordinates": [ [ [ 638515.170786524307914, 5585190.356753410771489 ], [ 638586.829813492833637, 5585362.704471814446151 ], [ 638477.661049049347639, 5585527.645403614267707 ], [ 638296.830291502410546, 5585520.242002394981682 ], [ 638225.167260988149792, 5585347.893453491851687 ], [ 638334.338991693453863, 5585182.949136283248663 ], [ 638515.170786524307914, 5585190.356753410771489 ] ] ] } },
{ "type": "Feature", "properties": { "h3_index": "89ce8c0d633ffff", "pop_h3": 13.995127114366124, "eod_zona": 33 }, "geometry": { "type": "Polygon", "coordinates": [ [ [ 653944.11098075134214, 5593266.919169078581035 ], [ 654015.508696849807166, 5593438.959271577186882 ], [ 653906.512447667773813, 5593603.703014557249844 ], [ 653726.115530625451356, 5593596.41004419606179 ], [ 653654.71382114989683, 5593424.369126621633768 ], [ 653763.713022222742438, 5593259.621994463726878 ], [ 653944.11098075134214, 5593266.919169078581035 ] ] ] } },
{ "type": "Feature", "properties": { "h3_index": "89ce8c0f647ffff", "pop_h3": 98.604485727620784, "eod_zona": 48 }, "geometry": { "type": "Polygon", "coordinates": [ [ [ 653790.208513566991314, 5587339.104806205257773 ], [ 653861.626200291910209, 5587511.241678794845939 ], [ 653752.611225048778579, 5587676.007718603126705 ], [ 653572.175607040640898, 5587668.640267186798155 ], [ 653500.753930854494683, 5587496.50256949942559 ], [ 653609.771862266468816, 5587331.733148301020265 ], [ 653790.208513566991314, 5587339.104806205257773 ] ] ] } },
{ "type": "Feature", "properties": { "h3_index": "89ce8c0a96fffff", "pop_h3": 0.0, "eod_zona": 46 }, "geometry": { "type": "Polygon", "coordinates": [ [ [ 653688.735049790120684, 5585811.885149701498449 ], [ 653760.158822157885879, 5585984.047623481601477 ], [ 653651.138438688125461, 5586148.820038387551904 ], [ 653470.691325674997643, 5586141.433358896523714 ], [ 653399.263564793975092, 5585969.270057429559529 ], [ 653508.286905568325892, 5585804.494263115338981 ], [ 653688.735049790120684, 5585811.885149701498449 ] ] ] } },
{ "type": "Feature", "properties": { "h3_index": "89ce8c0d0c7ffff", "pop_h3": 622.91592549450559, "eod_zona": 37 }, "geometry": { "type": "Polygon", "coordinates": [ [ [ 652824.062480566324666, 5593559.942246434278786 ], [ 652895.476593545405194, 5593731.990580282174051 ], [ 652786.47039794025477, 5593896.74558006413281 ], [ 652606.047137174173258, 5593889.455636047758162 ], [ 652534.629029473755509, 5593717.40648749191314 ], [ 652643.638177387765609, 5593552.648097638040781 ], [ 652824.062480566324666, 5593559.942246434278786 ] ] ] } },
{ "type": "Feature", "properties": { "h3_index": "89ce8c0f163ffff", "pop_h3": 0.0, "eod_zona": 4 }, "geometry": { "type": "Polygon", "coordinates": [ [ [ 649409.906841860152781, 5590037.491828945465386 ], [ 649481.383997190510854, 5590209.636088011786342 ], [ 649372.334572985884733, 5590374.440817235037684 ], [ 649191.80503686517477, 5590367.104674312286079 ], [ 649120.323885747115128, 5590194.95959420222789 ], [ 649229.376266668201424, 5590030.151478033512831 ], [ 649409.906841860152781, 5590037.491828945465386 ] ] ] } },
{ "type": "Feature", "properties": { "h3_index": "89ce8c0f383ffff", "pop_h3": 383.96314922526801, "eod_zona": 12 }, "geometry": { "type": "Polygon", "coordinates": [ [ [ 650820.111096181441098, 5589587.151284181512892 ], [ 650891.567861504037865, 5589759.286470943130553 ], [ 650782.530731032718904, 5589924.077299559488893 ], [ 650602.03387912386097, 5589916.736327105201781 ], [ 650530.57311976631172, 5589744.60031870007515 ], [ 650639.613206480746157, 5589579.806104370392859 ], [ 650820.111096181441098, 5589587.151284181512892 ] ] ] } },
{ "type": "Feature", "properties": { "h3_index": "89ce8c0f047ffff", "pop_h3": 979.32944967695801, "eod_zona": 43 }, "geometry": { "type": "Polygon", "coordinates": [ [ [ 651763.844302216311917, 5588440.9823217689991 ], [ 651835.289923648815602, 5588613.124965162947774 ], [ 651726.258565409108996, 5588777.909417103044689 ], [ 651545.778629337437451, 5588770.554609391838312 ], [ 651474.329015616560355, 5588598.411142527125776 ], [ 651583.363330382853746, 5588433.623306821100414 ], [ 651763.844302216311917, 5588440.9823217689991 ] ] ] } },
{ "type": "Feature", "properties": { "h3_index": "89ce8c0c41bffff", "pop_h3": 48.530202836107762, "eod_zona": 49 }, "geometry": { "type": "Polygon", "coordinates": [ [ [ 647495.327376762405038, 5590128.905590016394854 ], [ 647566.833752257749438, 5590301.070497676730156 ], [ 647457.766128167044371, 5590465.895904431119561 ], [ 647277.189170991070569, 5590458.559791431762278 ], [ 647205.678797694155946, 5590286.394062660634518 ], [ 647314.749379507265985, 5590121.565267977304757 ], [ 647495.327376762405038, 5590128.905590016394854 ] ] ] } },
{ "type": "Feature", "properties": { "h3_index": "89ce8c0f2cbffff", "pop_h3": 981.5221850524706, "eod_zona": 26 }, "geometry": { "type": "Polygon", "coordinates": [ [ [ 653891.661681916913949, 5588866.15167080797255 ], [ 653963.073278654366732, 5589038.262927085161209 ], [ 653854.06371611636132, 5589203.02257321216166 ], [ 653673.639601937495172, 5589195.674346408806741 ], [ 653602.224014792940579, 5589023.562267623841763 ], [ 653711.236532361945137, 5588858.799238127656281 ], [ 653891.661681916913949, 5588866.15167080797255 ] ] ] } },
{ "type": "Feature", "properties": { "h3_index": "89ce8c01a23ffff", "pop_h3": 0.0, "eod_zona": 61 }, "geometry": { "type": "Polygon", "coordinates": [ [ [ 651169.442105958703905, 5584015.925467612221837 ], [ 651240.909940795390867, 5584188.145754800178111 ], [ 651131.859972174745053, 5584352.951958143152297 ], [ 650951.339208853198215, 5584345.541252424940467 ], [ 650879.867384171579033, 5584173.320134223438799 ], [ 650988.920312785194255, 5584008.510552727617323 ], [ 651169.442105958703905, 5584015.925467612221837 ] ] ] } },
{ "type": "Feature", "properties": { "h3_index": "89ce8c0f0cbffff", "pop_h3": 376.98450531340478, "eod_zona": 43 }, "geometry": { "type": "Polygon", "coordinates": [ [ [ 652128.526295950403437, 5587609.69351805280894 ], [ 652199.968761517084204, 5587781.845256289467216 ], [ 652090.938508116523735, 5587946.628583396784961 ], [ 651910.462832365883514, 5587939.263554737903178 ], [ 651839.016375456005335, 5587767.110991668887436 ], [ 651948.049585768021643, 5587602.324282063171268 ], [ 652128.526295950403437, 5587609.69351805280894 ] ] ] } },
{ "type": "Feature", "properties": { "h3_index": "89ce8c058cfffff", "pop_h3": 23.48694795199722, "eod_zona": 58 }, "geometry": { "type": "Polygon", "coordinates": [ [ [ 636400.033696097671054, 5589508.480904964730144 ], [ 636471.712747073615901, 5589680.783909988589585 ], [ 636362.536426446051337, 5589845.733136706985533 ], [ 636181.678090604138561, 5589838.38275049161166 ], [ 636109.995030948077329, 5589666.078922030515969 ], [ 636219.174315941054374, 5589501.126303201541305 ], [ 636400.033696097671054, 5589508.480904964730144 ] ] ] } },
{ "type": "Feature", "properties": { "h3_index": "89ce8c0e18fffff", "pop_h3": 0.0, "eod_zona": 57 }, "geometry": { "type": "Polygon", "coordinates": [ [ [ 643460.493352215737104, 5587255.746341942809522 ], [ 643532.070278812665492, 5587428.003878731280565 ], [ 643422.955298933782615, 5587592.883477389812469 ], [ 643242.260430564056151, 5587585.508925168775022 ], [ 643170.679504032246768, 5587413.250561949796975 ], [ 643279.797445932519622, 5587248.367577361874282 ], [ 643460.493352215737104, 5587255.746341942809522 ] ] ] } },
{ "type": "Feature", "properties": { "h3_index": "89ce8c0893bffff", "pop_h3": 0.0, "eod_zona": 32 }, "geometry": { "type": "Polygon", "coordinates": [ [ [ 654459.104753621388227, 5591088.670809282921255 ], [ 654530.501009340863675, 5591260.739901938475668 ], [ 654421.503387157688849, 5591425.48560431972146 ], [ 654241.106556243728846, 5591418.165600086562335 ], [ 654169.706309169065207, 5591246.09568874258548 ], [ 654278.706884493702091, 5591081.346600297838449 ], [ 654459.104753621388227, 5591088.670809282921255 ] ] ] } },
{ "type": "Feature", "properties": { "h3_index": "89ce8c0d183ffff", "pop_h3": 0.0, "eod_zona": 36 }, "geometry": { "type": "Polygon", "coordinates": [ [ [ 650294.004632032010704, 5594303.594161679968238 ], [ 650365.455548838479444, 5594475.659772115759552 ], [ 650256.427147093578242, 5594640.439910298213363 ], [ 650075.944875473272987, 5594633.157830220647156 ], [ 650004.489960853010416, 5594461.09140604455024 ], [ 650113.521315795602277, 5594296.307875663973391 ], [ 650294.004632032010704, 5594303.594161679968238 ] ] ] } },
{ "type": "Feature", "properties": { "h3_index": "89ce8c0d0b3ffff", "pop_h3": 50.102249308292464, "eod_zona": 37 }, "geometry": { "type": "Polygon", "coordinates": [ [ [ 651741.448194148368202, 5593516.174406995996833 ], [ 651812.879127941909246, 5593688.235945231281221 ], [ 651703.862367086810991, 5593853.00297087803483 ], [ 651523.411719621391967, 5593845.711848770268261 ], [ 651451.976790032698773, 5593673.649495632387698 ], [ 651560.996503833099268, 5593508.879079483449459 ], [ 651741.448194148368202, 5593516.174406995996833 ] ] ] } },
{ "type": "Feature", "properties": { "h3_index": "89ce8c0e22fffff", "pop_h3": 0.0, "eod_zona": 49 }, "geometry": { "type": "Polygon", "coordinates": [ [ [ 646814.140108836931176, 5588916.295107291080058 ], [ 646885.660541876917705, 5589088.487313230521977 ], [ 646776.582790316431783, 5589253.324396691285074 ], [ 646595.981646877364255, 5589245.972660817205906 ], [ 646524.457216173643246, 5589073.779631637968123 ], [ 646633.537926699966192, 5588908.939161548390985 ], [ 646814.140108836931176, 5588916.295107291080058 ] ] ] } },
{ "type": "Feature", "properties": { "h3_index": "89ce8c0c68fffff", "pop_h3": 78.821754047042347, "eod_zona": 2 }, "geometry": { "type": "Polygon", "coordinates": [ [ [ 648755.594592657638714, 5591026.337842168286443 ], [ 648827.078909394214861, 5591198.473807197995484 ], [ 648718.026069890707731, 5591363.282272440381348 ], [ 648537.485957401338965, 5591355.958161178976297 ], [ 648465.997643531300128, 5591183.821376695297658 ], [ 648575.053439414827153, 5591019.009522905573249 ], [ 648755.594592657638714, 5591026.337842168286443 ] ] ] } },
{ "type": "Feature", "properties": { "h3_index": "89ce8c0d677ffff", "pop_h3": 0.0, "eod_zona": 33 }, "geometry": { "type": "Polygon", "coordinates": [ [ [ 654447.675813364097849, 5593625.580747408792377 ], [ 654519.064698533387855, 5593797.609278480522335 ], [ 654410.07435232703574, 5593962.34624273236841 ], [ 654229.692169728456065, 5593955.058065318502486 ], [ 654158.299291449948214, 5593783.028719835914671 ], [ 654267.292589010321535, 5593618.288366157561541 ], [ 654447.675813364097849, 5593625.580747408792377 ] ] ] } },
{ "type": "Feature", "properties": { "h3_index": "89ce8c0a977ffff", "pop_h3": 0.0, "eod_zona": 46 }, "geometry": { "type": "Polygon", "coordinates": [ [ [ 653474.454080720897764, 5585295.376261078752577 ], [ 653545.882678960915655, 5585467.549468358978629 ], [ 653436.85872596828267, 5585632.326008329167962 ], [ 653256.403217071318068, 5585624.93271981459111 ], [ 653184.970630455296487, 5585452.758683949708939 ], [ 653293.997541239252314, 5585287.978765160776675 ], [ 653474.454080720897764, 5585295.376261078752577 ] ] ] } },
{ "type": "Feature", "properties": { "h3_index": "89ce8c0c4dbffff", "pop_h3": 101.20363254284638, "eod_zona": 49 }, "geometry": { "type": "Polygon", "coordinates": [ [ [ 648112.163342971121892, 5589476.952820234932005 ], [ 648183.662138177198358, 5589649.121050919406116 ], [ 648074.598552356706932, 5589813.941956960596144 ], [ 647894.033213620074093, 5589806.598019075579941 ], [ 647822.53042169008404, 5589634.428966249339283 ], [ 647931.596965349512175, 5589469.604673423804343 ], [ 648112.163342971121892, 5589476.952820234932005 ] ] ] } },
{ "type": "Feature", "properties": { "h3_index": "89ce8c0c66bffff", "pop_h3": 26.727503803676203, "eod_zona": 1 }, "geometry": { "type": "Polygon", "coordinates": [ [ [ 649398.895499875769019, 5592575.432427948340774 ], [ 649470.365329083520919, 5592747.536116014234722 ], [ 649361.323233208153397, 5592912.332122697494924 ], [ 649180.808353331754915, 5592905.027831606566906 ], [ 649109.334526580059901, 5592732.923326781019568 ], [ 649218.379577378975227, 5592568.123929780907929 ], [ 649398.895499875769019, 5592575.432427948340774 ] ] ] } },
{ "type": "Feature", "properties": { "h3_index": "89ce8c08907ffff", "pop_h3": 0.0, "eod_zona": 32 }, "geometry": { "type": "Polygon", "coordinates": [ [ [ 654496.706314454320818, 5590751.850289123132825 ], [ 654568.102991986786947, 5590923.924346483312547 ], [ 654459.104753621388227, 5591088.670809282921255 ], [ 654278.706884493702091, 5591081.346600297838449 ], [ 654207.30621587682981, 5590909.271723681129515 ], [ 654316.307407601270825, 5590744.521875280886889 ], [ 654496.706314454320818, 5590751.850289123132825 ] ] ] } },
{ "type": "Feature", "properties": { "h3_index": "89ce8c052cfffff", "pop_h3": 0.0, "eod_zona": 51 }, "geometry": { "type": "Polygon", "coordinates": [ [ [ 642488.846226913970895, 5586199.949259255081415 ], [ 642560.441188942175359, 5586372.234918273054063 ], [ 642451.313728697481565, 5586537.128809112124145 ], [ 642270.588343238458037, 5586529.740425875410438 ], [ 642198.989381014835089, 5586357.45393852610141 ], [ 642308.1198045744095, 5586192.55666272342205 ], [ 642488.846226913970895, 5586199.949259255081415 ] ] ] } },
{ "type": "Feature", "properties": { "h3_index": "89ce8c0f0cfffff", "pop_h3": 974.88778612990814, "eod_zona": 43 }, "geometry": { "type": "Polygon", "coordinates": [ [ [ 651839.016375456005335, 5587767.110991668887436 ], [ 651910.462832365883514, 5587939.263554737903178 ], [ 651801.430239005363546, 5588104.0495127113536 ], [ 651620.94823189964518, 5588096.686290425248444 ], [ 651549.49778324412182, 5587924.532902755774558 ], [ 651658.533333565923385, 5587759.743561948649585 ], [ 651839.016375456005335, 5587767.110991668887436 ] ] ] } },
{ "type": "Feature", "properties": { "h3_index": "89ce8c0f697ffff", "pop_h3": 0.0, "eod_zona": 46 }, "geometry": { "type": "Polygon", "coordinates": [ [ [ 652857.886432903585956, 5585947.102217378094792 ], [ 652929.322590203606524, 5586119.272127971053123 ], [ 652820.294560530222952, 5586284.053188499994576 ], [ 652639.827416006824933, 5586276.667718375101686 ], [ 652568.387269249767996, 5586104.496980228461325 ], [ 652677.418256602366455, 5585939.71253973711282 ], [ 652857.886432903585956, 5585947.102217378094792 ] ] ] } },
{ "type": "Feature", "properties": { "h3_index": "89ce8c0f16fffff", "pop_h3": 14.183074536341174, "eod_zona": 4 }, "geometry": { "type": "Polygon", "coordinates": [ [ [ 649372.334572985884733, 5590374.440817235037684 ], [ 649443.811312533449382, 5590546.58010989241302 ], [ 649334.762511885957792, 5590711.384080133400857 ], [ 649154.234015322756022, 5590704.052145101130009 ], [ 649082.753279719967395, 5590531.912031961604953 ], [ 649191.80503686517477, 5590367.104674312286079 ], [ 649372.334572985884733, 5590374.440817235037684 ] ] ] } },
{ "type": "Feature", "properties": { "h3_index": "89ce8c0d19bffff", "pop_h3": 0.0, "eod_zona": 36 }, "geometry": { "type": "Polygon", "coordinates": [ [ [ 650583.51065127865877, 5594146.101348450407386 ], [ 650654.957570677506737, 5594318.166144911199808 ], [ 650545.931495964410715, 5594482.943660825490952 ], [ 650365.455548838479444, 5594475.659772115759552 ], [ 650294.004632032010704, 5594303.594161679968238 ], [ 650403.033659890992567, 5594138.813253907486796 ], [ 650583.51065127865877, 5594146.101348450407386 ] ] ] } },
{ "type": "Feature", "properties": { "h3_index": "89ce8c0d527ffff", "pop_h3": 0.0, "eod_zona": 36 }, "geometry": { "type": "Polygon", "coordinates": [ [ [ 649827.690318638109602, 5593608.000748143531382 ], [ 649899.150484468555078, 5593780.082911957986653 ], [ 649790.115549513720907, 5593944.870603076182306 ], [ 649609.617494906997308, 5593937.579521846957505 ], [ 649538.153331265319139, 5593765.496543064713478 ], [ 649647.191220168489963, 5593600.705460458062589 ], [ 649827.690318638109602, 5593608.000748143531382 ] ] ] } },
{ "type": "Feature", "properties": { "h3_index": "89ce8c0d287ffff", "pop_h3": 0.0, "eod_zona": 37 }, "geometry": { "type": "Polygon", "coordinates": [ [ [ 653793.718034864868969, 5594614.020114069804549 ], [ 653865.114062013686635, 5594786.040327623486519 ], [ 653756.120293820975348, 5594950.780995804816484 ], [ 653575.727547587361187, 5594943.504841440357268 ], [ 653504.327525985660031, 5594771.48381507024169 ], [ 653613.324245199444704, 5594606.739755859598517 ], [ 653793.718034864868969, 5594614.020114069804549 ] ] ] } },
{ "type": "Feature", "properties": { "h3_index": "89ce8c0e61bffff", "pop_h3": 0.0, "eod_zona": 62 }, "geometry": { "type": "Polygon", "coordinates": [ [ [ 648021.207047589239664, 5585410.440796271897852 ], [ 648092.719205417437479, 5585582.675168212503195 ], [ 647983.642850042553619, 5585747.51111002266407 ], [ 647803.051376195042394, 5585740.116061296314001 ], [ 647731.5352243516827, 5585567.880860335193574 ], [ 647840.614540498354472, 5585403.041537097655237 ], [ 648021.207047589239664, 5585410.440796271897852 ] ] ] } },
{ "type": "Feature", "properties": { "h3_index": "89ce8c0c0cbffff", "pop_h3": 0.0, "eod_zona": 49 }, "geometry": { "type": "Polygon", "coordinates": [ [ [ 647811.650942677515559, 5592172.705557554960251 ], [ 647883.146422741818242, 5592344.834037675522268 ], [ 647774.087848682305776, 5592509.64885722938925 ], [ 647593.530838591163047, 5592502.338587137870491 ], [ 647522.031359642627649, 5592330.209289396181703 ], [ 647631.092889796942472, 5592165.391079343855381 ], [ 647811.650942677515559, 5592172.705557554960251 ] ] ] } },
{ "type": "Feature", "properties": { "h3_index": "89ce8c0f64bffff", "pop_h3": 526.66902160690393, "eod_zona": 24 }, "geometry": { "type": "Polygon", "coordinates": [ [ [ 654331.491073199780658, 5587361.218589843250811 ], [ 654402.900361919077113, 5587533.348855551332235 ], [ 654293.890685239108279, 5587698.10888340510428 ], [ 654113.468764119315892, 5587690.742026705294847 ], [ 654042.055486475932412, 5587518.610935998149216 ], [ 654151.068119004950859, 5587353.84752696659416 ], [ 654331.491073199780658, 5587361.218589843250811 ] ] ] } },
{ "type": "Feature", "properties": { "h3_index": "89ce8c05077ffff", "pop_h3": 0.0, "eod_zona": 51 }, "geometry": { "type": "Polygon", "coordinates": [ [ [ 640067.413455765228719, 5585931.512046206742525 ], [ 640139.046453078277409, 5586103.829974575899541 ], [ 640029.894846278475598, 5586268.751339983195066 ], [ 639849.107277427334338, 5586261.358162695541978 ], [ 639777.470277634682134, 5586089.039405263960361 ], [ 639886.624849300365895, 5585924.114654159173369 ], [ 640067.413455765228719, 5585931.512046206742525 ] ] ] } },
{ "type": "Feature", "properties": { "h3_index": "89ce8c0f0afffff", "pop_h3": 280.3672834249262, "eod_zona": 42 }, "geometry": { "type": "Polygon", "coordinates": [ [ [ 650428.914780738996342, 5588217.303412097506225 ], [ 650500.381616684724577, 5588389.465057272464037 ], [ 650391.33671204035636, 5588554.264921717345715 ], [ 650210.822014145087451, 5588546.906525033526123 ], [ 650139.351184705505148, 5588374.744055856019258 ], [ 650248.399046784616075, 5588209.940807341597974 ], [ 650428.914780738996342, 5588217.303412097506225 ] ] ] } },
{ "type": "Feature", "properties": { "h3_index": "89ce8c0f5cfffff", "pop_h3": 518.46365028609432, "eod_zona": 45 }, "geometry": { "type": "Polygon", "coordinates": [ [ [ 650075.231749917147681, 5586510.258658769540489 ], [ 650146.709065864095464, 5586682.451709809713066 ], [ 650037.655768129974604, 5586847.26134501863271 ], [ 649857.122195733361878, 5586839.881311123259366 ], [ 649785.640887106419541, 5586667.687433156184852 ], [ 649894.697143682860769, 5586502.874415987171233 ], [ 650075.231749917147681, 5586510.258658769540489 ] ] ] } },
{ "type": "Feature", "properties": { "h3_index": "89ce8c0e677ffff", "pop_h3": 0.0, "eod_zona": 62 }, "geometry": { "type": "Polygon", "coordinates": [ [ [ 647656.410347674041986, 5586242.022712728008628 ], [ 647727.92567500739824, 5586414.247998960316181 ], [ 647618.848223812063225, 5586579.085081301629543 ], [ 647438.252485023695044, 5586571.700260085053742 ], [ 647366.733162728720345, 5586399.474146192893386 ], [ 647475.813574314466678, 5586234.63368115760386 ], [ 647656.410347674041986, 5586242.022712728008628 ] ] ] } },
{ "type": "Feature", "properties": { "h3_index": "89ce8c05567ffff", "pop_h3": 50.070917313048518, "eod_zona": 52 }, "geometry": { "type": "Polygon", "coordinates": [ [ [ 638262.675559954717755, 5585010.595625460147858 ], [ 638334.338991693453863, 5585182.949136283248663 ], [ 638225.167260988149792, 5585347.893453491851687 ], [ 638044.329132145969197, 5585340.487645138055086 ], [ 637972.661696730880067, 5585168.133303484879434 ], [ 638081.836393965641037, 5585003.185600989498198 ], [ 638262.675559954717755, 5585010.595625460147858 ] ] ] } },
{ "type": "Feature", "properties": { "h3_index": "89ce8c0c28fffff", "pop_h3": 0.0, "eod_zona": 1 }, "geometry": { "type": "Polygon", "coordinates": [ [ [ 648492.619358867988922, 5593384.82844378426671 ], [ 648564.100766006158665, 5593556.929607333615422 ], [ 648455.052314303582534, 5593721.732721036300063 ], [ 648274.519500739290379, 5593714.438062959350646 ], [ 648203.034094581496902, 5593542.336083909496665 ], [ 648312.085501137189567, 5593377.529578411020339 ], [ 648492.619358867988922, 5593384.82844378426671 ] ] ] } },
{ "type": "Feature", "properties": { "h3_index": "89ce8c05edbffff", "pop_h3": 12.688561147871388, "eod_zona": 23 }, "geometry": { "type": "Polygon", "coordinates": [ [ [ 638757.542509593768045, 5587910.62649059202522 ], [ 638829.189908560947515, 5588082.927868193015456 ], [ 638720.031533132772893, 5588247.856774979270995 ], [ 638539.222794675268233, 5588240.487693065777421 ], [ 638467.57139052846469, 5588068.185489595867693 ], [ 638576.732730146264657, 5587903.253193887881935 ], [ 638757.542509593768045, 5587910.62649059202522 ] ] ] } },
{ "type": "Feature", "properties": { "h3_index": "89ce8c01b57ffff", "pop_h3": 0.0, "eod_zona": 60 }, "geometry": { "type": "Polygon", "coordinates": [ [ [ 650300.691899242345244, 5584488.122793460264802 ], [ 650372.171704826294445, 5584660.345572989434004 ], [ 650263.11470232787542, 5584825.159684644080698 ], [ 650082.574934224016033, 5584817.754395920783281 ], [ 650011.091137581970543, 5584645.530786074697971 ], [ 650120.151100229937583, 5584480.713295247405767 ], [ 650300.691899242345244, 5584488.122793460264802 ] ] ] } },
{ "type": "Feature", "properties": { "h3_index": "89ce8c05ec7ffff", "pop_h3": 0.0, "eod_zona": 23 }, "geometry": { "type": "Polygon", "coordinates": [ [ [ 638177.591614663018845, 5588225.748933600261807 ], [ 638249.247024389915168, 5588398.05196270160377 ], [ 638140.083998361602426, 5588562.986139660701156 ], [ 637959.262598449131474, 5588555.620677098631859 ], [ 637887.603182741324417, 5588383.316822593100369 ], [ 637996.769173054257408, 5588218.379256032407284 ], [ 638177.591614663018845, 5588225.748933600261807 ] ] ] } },
{ "type": "Feature", "properties": { "h3_index": "89ce8c0d48bffff", "pop_h3": 101.83056711565567, "eod_zona": 35 }, "geometry": { "type": "Polygon", "coordinates": [ [ [ 652835.359596647205763, 5591022.745830013416708 ], [ 652906.781066893832758, 5591194.834733149968088 ], [ 652797.76757672498934, 5591359.598471598699689 ], [ 652617.329662341740914, 5591352.276693589054048 ], [ 652545.904199126642197, 5591180.18697146140039 ], [ 652654.920643394812942, 5591015.419846308417618 ], [ 652835.359596647205763, 5591022.745830013416708 ] ] ] } },
{ "type": "Feature", "properties": { "h3_index": "89ce8c0d007ffff", "pop_h3": 59.255135448662166, "eod_zona": 37 }, "geometry": { "type": "Polygon", "coordinates": [ [ [ 652207.598169533186592, 5594211.685366326011717 ], [ 652279.019851939752698, 5594383.730355785228312 ], [ 652170.009619140066206, 5594548.489830911159515 ], [ 651989.574751872452907, 5594541.207707769237459 ], [ 651918.149073670967482, 5594369.161904632113874 ], [ 652027.162258660187945, 5594204.399038290604949 ], [ 652207.598169533186592, 5594211.685366326011717 ] ] ] } },
{ "type": "Feature", "properties": { "h3_index": "89ce8c0c43bffff", "pop_h3": 0.0, "eod_zona": 49 }, "geometry": { "type": "Polygon", "coordinates": [ [ [ 646878.463645155425183, 5590780.884186936542392 ], [ 646949.977603548788466, 5590953.045767558738589 ], [ 646840.905946384416893, 5591117.875671800225973 ], [ 646660.31737334583886, 5591110.547384465113282 ], [ 646588.799416070105508, 5590938.384983761236072 ], [ 646697.874030842329375, 5590773.551690449938178 ], [ 646878.463645155425183, 5590780.884186936542392 ] ] ] } },
{ "type": "Feature", "properties": { "h3_index": "89ce8c0e667ffff", "pop_h3": 0.0, "eod_zona": 62 }, "geometry": { "type": "Polygon", "coordinates": [ [ [ 647618.848223812063225, 5586579.085081301629543 ], [ 647690.363138765329495, 5586751.305408934131265 ], [ 647581.286310032242909, 5586916.141742466017604 ], [ 647400.69160630449187, 5586908.761131501756608 ], [ 647329.172696119640023, 5586736.53997677564621 ], [ 647438.252485023695044, 5586571.700260085053742 ], [ 647618.848223812063225, 5586579.085081301629543 ] ] ] } },
{ "type": "Feature", "properties": { "h3_index": "89ce8c0f59bffff", "pop_h3": 0.0, "eod_zona": 59 }, "geometry": { "type": "Polygon", "coordinates": [ [ [ 649608.760605896473862, 5585814.057593039236963 ], [ 649680.247151175048202, 5585986.267169038765132 ], [ 649571.18731657625176, 5586151.084315495565534 ], [ 649390.637977232923731, 5586143.695267179049551 ], [ 649319.147439278312959, 5585971.484863026998937 ], [ 649428.210233472287655, 5585806.66433532256633 ], [ 649608.760605896473862, 5585814.057593039236963 ] ] ] } },
{ "type": "Feature", "properties": { "h3_index": "89ce8c0f6d7ffff", "pop_h3": 19.924211341790773, "eod_zona": 48 }, "geometry": { "type": "Polygon", "coordinates": [ [ [ 653651.138438688125461, 5586148.820038387551904 ], [ 653722.56179198413156, 5586320.977558593265712 ], [ 653613.542020921246149, 5586485.749226451851428 ], [ 653433.095939602702856, 5586478.366753959096968 ], [ 653361.668597523588687, 5586306.208406630903482 ], [ 653470.691325674997643, 5586141.433358896523714 ], [ 653651.138438688125461, 5586148.820038387551904 ] ] ] } },
{ "type": "Feature", "properties": { "h3_index": "89ce8c0d4d7ffff", "pop_h3": 3.9094817727346127, "eod_zona": 32 }, "geometry": { "type": "Polygon", "coordinates": [ [ [ 653124.806330458028242, 5590865.309121846221387 ], [ 653196.223808139213361, 5591037.397205761633813 ], [ 653087.212653317954391, 5591202.158318242058158 ], [ 652906.781066893832758, 5591194.834733149968088 ], [ 652835.359596647205763, 5591022.745830013416708 ], [ 652944.373705518431962, 5590857.98133116401732 ], [ 653124.806330458028242, 5590865.309121846221387 ] ] ] } },
{ "type": "Feature", "properties": { "h3_index": "89ce8c0f45bffff", "pop_h3": 0.0, "eod_zona": 46 }, "geometry": { "type": "Polygon", "coordinates": [ [ [ 652605.977692020125687, 5585767.536847398616374 ], [ 652677.418256602366455, 5585939.71253973711282 ], [ 652568.387269249767996, 5586104.496980228461325 ], [ 652387.912759498343803, 5586097.109108192846179 ], [ 652316.468205328797922, 5585924.932587970048189 ], [ 652425.50215062731877, 5585760.144767642952502 ], [ 652605.977692020125687, 5585767.536847398616374 ] ] ] } },
{ "type": "Feature", "properties": { "h3_index": "89ce8c0f257ffff", "pop_h3": 1148.3897397264022, "eod_zona": 28 }, "geometry": { "type": "Polygon", "coordinates": [ [ [ 653564.627699800767004, 5589360.436621025204659 ], [ 653636.042866786243394, 5589532.543738587759435 ], [ 653527.031580484239385, 5589697.305257403291762 ], [ 653346.602172460290603, 5589689.963042808696628 ], [ 653275.183014393900521, 5589517.855103534646332 ], [ 653384.197255562059581, 5589353.090200544334948 ], [ 653564.627699800767004, 5589360.436621025204659 ] ] ] } },
{ "type": "Feature", "properties": { "h3_index": "89ce8c0425bffff", "pop_h3": 164.64020708247068, "eod_zona": 52 }, "geometry": { "type": "Polygon", "coordinates": [ [ [ 637430.111490641487762, 5585145.908057795837522 ], [ 637501.787334946217015, 5585318.26902321074158 ], [ 637392.607977964682505, 5585483.222005021758378 ], [ 637211.749809907982126, 5585475.817407237365842 ], [ 637140.069960982189514, 5585303.455611124634743 ], [ 637249.252284863614477, 5585138.499243473634124 ], [ 637430.111490641487762, 5585145.908057795837522 ] ] ] } },
{ "type": "Feature", "properties": { "h3_index": "89ce8c0a907ffff", "pop_h3": 0.0, "eod_zona": 46 }, "geometry": { "type": "Polygon", "coordinates": [ [ [ 653260.158636044943705, 5584778.835174479521811 ], [ 653331.592059151967987, 5584951.019113998860121 ], [ 653222.564536337507889, 5585115.799777057953179 ], [ 653042.100632268935442, 5585108.399878804571927 ], [ 652970.663220922695473, 5584936.215109805576503 ], [ 653079.69370201556012, 5584771.431068518199027 ], [ 653260.158636044943705, 5584778.835174479521811 ] ] ] } },
{ "type": "Feature", "properties": { "h3_index": "89ce8c0424bffff", "pop_h3": 205.40910822745113, "eod_zona": 52 }, "geometry": { "type": "Polygon", "coordinates": [ [ [ 637392.607977964682505, 5585483.222005021758378 ], [ 637464.283421945292503, 5585655.578007638454437 ], [ 637355.104702631477267, 5585820.530242625623941 ], [ 637174.2475727845449, 5585813.129861277528107 ], [ 637102.568123913370073, 5585640.773028529249132 ], [ 637211.749809907982126, 5585475.817407237365842 ], [ 637392.607977964682505, 5585483.222005021758378 ] ] ] } },
{ "type": "Feature", "properties": { "h3_index": "89ce8c05ea7ffff", "pop_h3": 49.430650258073122, "eod_zona": 58 }, "geometry": { "type": "Polygon", "coordinates": [ [ [ 636765.062349634827115, 5588676.372596186585724 ], [ 636836.738194223609753, 5588848.684721571393311 ], [ 636727.562909420230426, 5589013.632828419096768 ], [ 636546.708815405494533, 5589006.272200695239007 ], [ 636475.028963083401322, 5588833.959250506013632 ], [ 636584.207212641835213, 5588669.007752820849419 ], [ 636765.062349634827115, 5588676.372596186585724 ] ] ] } },
{ "type": "Feature", "properties": { "h3_index": "89ce8c05027ffff", "pop_h3": 115.51304275231249, "eod_zona": 50 }, "geometry": { "type": "Polygon", "coordinates": [ [ [ 639235.07175429223571, 5586066.852057411335409 ], [ 639306.717162978020497, 5586239.177436050958931 ], [ 639197.557931015500799, 5586404.107462626881897 ], [ 639016.750325265340507, 5586396.715496791526675 ], [ 638945.100913160364144, 5586224.38928921893239 ], [ 639054.263110354659148, 5586059.455876391381025 ], [ 639235.07175429223571, 5586066.852057411335409 ] ] ] } },
{ "type": "Feature", "properties": { "h3_index": "89ce8c0d193ffff", "pop_h3": 0.0, "eod_zona": 36 }, "geometry": { "type": "Polygon", "coordinates": [ [ [ 650331.582324797287583, 5593966.742668407969177 ], [ 650403.033659890992567, 5594138.813253907486796 ], [ 650294.004632032010704, 5594303.594161679968238 ], [ 650113.521315795602277, 5594296.307875663973391 ], [ 650042.065983158303425, 5594124.236475856974721 ], [ 650151.097964430693537, 5593959.452176348306239 ], [ 650331.582324797287583, 5593966.742668407969177 ] ] ] } },
{ "type": "Feature", "properties": { "h3_index": "89ce8c0d6cbffff", "pop_h3": 0.0, "eod_zona": 33 }, "geometry": { "type": "Polygon", "coordinates": [ [ [ 655390.96688443981111, 5592479.735833615995944 ], [ 655462.344639711431228, 5592651.771857249550521 ], [ 655353.360059267259203, 5592816.502486842684448 ], [ 655172.99477204028517, 5592809.20048026368022 ], [ 655101.613025409867987, 5592637.163640392944217 ], [ 655210.600557491648942, 5592472.429623316042125 ], [ 655390.96688443981111, 5592479.735833615995944 ] ] ] } },
{ "type": "Feature", "properties": { "h3_index": "89ce8c0f007ffff", "pop_h3": 145.36472320262408, "eod_zona": 42 }, "geometry": { "type": "Polygon", "coordinates": [ [ [ 650970.434586633113213, 5588239.390037319622934 ], [ 651041.893019995186478, 5588411.545073493383825 ], [ 650932.853410188108683, 5588576.338923349045217 ], [ 650752.352410034975037, 5588568.981120866723359 ], [ 650680.889983715140261, 5588396.825260791927576 ], [ 650789.932550634723157, 5588232.028027079999447 ], [ 650970.434586633113213, 5588239.390037319622934 ] ] ] } },
{ "type": "Feature", "properties": { "h3_index": "89ce8c0f3cbffff", "pop_h3": 217.48909091697601, "eod_zona": 13 }, "geometry": { "type": "Polygon", "coordinates": [ [ [ 651865.415966542437673, 5589968.118984301574528 ], [ 651936.855504613718949, 5590140.235993255861104 ], [ 651827.829576866934076, 5590305.014036329463124 ], [ 651647.361155788064934, 5590297.678456173278391 ], [ 651575.917624484514818, 5590125.560626339167356 ], [ 651684.946507619693875, 5589960.779197518713772 ], [ 651865.415966542437673, 5589968.118984301574528 ] ] ] } },
{ "type": "Feature", "properties": { "h3_index": "89ce8c0f3d7ffff", "pop_h3": 270.4055816401268, "eod_zona": 13 }, "geometry": { "type": "Polygon", "coordinates": [ [ [ 651361.577371556311846, 5589609.185637225396931 ], [ 651433.025732256937772, 5589781.314216726459563 ], [ 651323.993893463164568, 5589946.099031168036163 ], [ 651143.510738174198195, 5589938.758651583455503 ], [ 651072.058383974363096, 5589766.629250539466739 ], [ 651181.093178690993227, 5589601.84105060249567 ], [ 651361.577371556311846, 5589609.185637225396931 ] ] ] } },
{ "type": "Feature", "properties": { "h3_index": "89ce8c0c0d3ffff", "pop_h3": 0.0, "eod_zona": 49 }, "geometry": { "type": "Polygon", "coordinates": [ [ [ 647597.154847008991055, 5591656.298594278283417 ], [ 647668.655154699343257, 5591828.437835717573762 ], [ 647559.592996437917463, 5591993.256809343583882 ], [ 647379.027574032894336, 5591985.939931414090097 ], [ 647307.523267595330253, 5591813.799871455878019 ], [ 647416.588382437592372, 5591648.977507921867073 ], [ 647597.154847008991055, 5591656.298594278283417 ] ] ] } },
{ "type": "Feature", "properties": { "h3_index": "89ce8c0e187ffff", "pop_h3": 0.0, "eod_zona": 57 }, "geometry": { "type": "Polygon", "coordinates": [ [ [ 643208.216111767455004, 5587076.104250608943403 ], [ 643279.797445932519622, 5587248.367577361874282 ], [ 643170.679504032246768, 5587413.250561949796975 ], [ 642989.977265803026967, 5587405.873605573549867 ], [ 642918.39193156955298, 5587233.609452059492469 ], [ 643027.512835762347095, 5587068.723081664182246 ], [ 643208.216111767455004, 5587076.104250608943403 ] ] ] } },
{ "type": "Feature", "properties": { "h3_index": "89ce8c0d197ffff", "pop_h3": 0.0, "eod_zona": 36 }, "geometry": { "type": "Polygon", "coordinates": [ [ [ 650042.065983158303425, 5594124.236475856974721 ], [ 650113.521315795602277, 5594296.307875663973391 ], [ 650004.489960853010416, 5594461.09140604455024 ], [ 649824.000319939805195, 5594453.80692866910249 ], [ 649752.540989357978106, 5594281.734714789316058 ], [ 649861.575297762872651, 5594116.947792333550751 ], [ 650042.065983158303425, 5594124.236475856974721 ] ] ] } },
{ "type": "Feature", "properties": { "h3_index": "89ce8c05107ffff", "pop_h3": 64.285623135901488, "eod_zona": 23 }, "geometry": { "type": "Polygon", "coordinates": [ [ [ 637822.636611642315984, 5586517.304233528673649 ], [ 637894.302442744374275, 5586689.638720281422138 ], [ 637785.130931654945016, 5586854.582683991640806 ], [ 637604.290623889537528, 5586847.195548414252698 ], [ 637532.620787621592171, 5586674.860233329236507 ], [ 637641.795264411717653, 5586509.912882128730416 ], [ 637822.636611642315984, 5586517.304233528673649 ] ] ] } },
{ "type": "Feature", "properties": { "h3_index": "89ce8c0d60fffff", "pop_h3": 0.0, "eod_zona": 33 }, "geometry": { "type": "Polygon", "coordinates": [ [ [ 654485.277470465516672, 5593288.809514060616493 ], [ 654556.666778369573876, 5593460.843015830032527 ], [ 654447.675813364097849, 5593625.580747408792377 ], [ 654267.292589010321535, 5593618.288366157561541 ], [ 654195.899288265267387, 5593446.254049411043525 ], [ 654304.893204843741842, 5593281.512928870506585 ], [ 654485.277470465516672, 5593288.809514060616493 ] ] ] } },
{ "type": "Feature", "properties": { "h3_index": "89ce8c0f0b7ffff", "pop_h3": 93.88786758722668, "eod_zona": 63 }, "geometry": { "type": "Polygon", "coordinates": [ [ [ 650214.504622211796232, 5587700.796985242515802 ], [ 650285.976283392054029, 5587872.969375942833722 ], [ 650176.927801433717832, 5588037.773376991041005 ], [ 649996.404700504499488, 5588030.408370798453689 ], [ 649924.929045967408456, 5587858.2351551996544 ], [ 650033.980485846172087, 5587693.427770670503378 ], [ 650214.504622211796232, 5587700.796985242515802 ] ] ] } },
{ "type": "Feature", "properties": { "h3_index": "89ce8c0d5cfffff", "pop_h3": 3.8642747685350733, "eod_zona": 36 }, "geometry": { "type": "Polygon", "coordinates": [ [ [ 651312.828751861234196, 5592483.729861613363028 ], [ 651384.269353534444235, 5592655.81291800364852 ], [ 651275.245440054917708, 5592820.588256359100342 ], [ 651094.777971116709523, 5592813.283927630633116 ], [ 651023.333373920759186, 5592641.200054543092847 ], [ 651132.360241314512677, 5592476.421326859854162 ], [ 651312.828751861234196, 5592483.729861613363028 ] ] ] } },
{ "type": "Feature", "properties": { "h3_index": "89ce8c72583ffff", "pop_h3": 0.0, "eod_zona": 33 }, "geometry": { "type": "Polygon", "coordinates": [ [ [ 656108.530473321210593, 5593354.469941064715385 ], [ 656179.894559373729862, 5593526.483643687330186 ], [ 656070.919448110507801, 5593691.203343668952584 ], [ 655890.577300307108089, 5593683.912729323841631 ], [ 655819.20922302978579, 5593511.898212023079395 ], [ 655928.187284909188747, 5593347.175123722292483 ], [ 656108.530473321210593, 5593354.469941064715385 ] ] ] } },
{ "type": "Feature", "properties": { "h3_index": "89ce8c0f42bffff", "pop_h3": 99.267882060138874, "eod_zona": 55 }, "geometry": { "type": "Polygon", "coordinates": [ [ [ 651158.343492644838989, 5586554.559942467138171 ], [ 651229.804009201470762, 5586726.739771922118962 ], [ 651120.761309347697534, 5586891.537377585656941 ], [ 650940.255134857492521, 5586884.158535308204591 ], [ 650868.790626691072248, 5586711.977879128418863 ], [ 650977.836284749908373, 5586547.176891931332648 ], [ 651158.343492644838989, 5586554.559942467138171 ] ] ] } },
{ "type": "Feature", "properties": { "h3_index": "89ce8c051cbffff", "pop_h3": 87.209580070522662, "eod_zona": 50 }, "geometry": { "type": "Polygon", "coordinates": [ [ [ 638982.613295877468772, 5585887.124705296941102 ], [ 639054.263110354659148, 5586059.455876391381025 ], [ 638945.100913160364144, 5586224.38928921893239 ], [ 638764.285936115775257, 5586216.994917062111199 ], [ 638692.632118087494746, 5586044.662916700355709 ], [ 638801.797280785045587, 5585879.72611774597317 ], [ 638982.613295877468772, 5585887.124705296941102 ] ] ] } },
{ "type": "Feature", "properties": { "h3_index": "89ce8c0c20bffff", "pop_h3": 0.0, "eod_zona": 1 }, "geometry": { "type": "Polygon", "coordinates": [ [ [ 648959.053399366093799, 5594080.501429432071745 ], [ 649030.525559842470102, 5594252.586037455126643 ], [ 648921.483645058702677, 5594417.381598078645766 ], [ 648740.966615824494511, 5594410.095943159423769 ], [ 648669.490456323488615, 5594238.010520867072046 ], [ 648778.535325210425071, 5594073.211567739024758 ], [ 648959.053399366093799, 5594080.501429432071745 ] ] ] } },
{ "type": "Feature", "properties": { "h3_index": "89ce8c05033ffff", "pop_h3": 0.89124574842657367, "eod_zona": 51 }, "geometry": { "type": "Polygon", "coordinates": [ [ [ 639562.549660441349261, 5585572.061623817309737 ], [ 639634.191469028708525, 5585744.39113568328321 ], [ 639525.033932231133804, 5585909.319272359833121 ], [ 639344.23162157414481, 5585901.921282596886158 ], [ 639272.585810242686421, 5585729.590941002592444 ], [ 639381.746312442119233, 5585564.659418875351548 ], [ 639562.549660441349261, 5585572.061623817309737 ] ] ] } },
{ "type": "Feature", "properties": { "h3_index": "89ce8c0c213ffff", "pop_h3": 0.0, "eod_zona": 1 }, "geometry": { "type": "Polygon", "coordinates": [ [ [ 648744.627254141843878, 5593564.226074203848839 ], [ 648816.104246402275749, 5593736.321447665803134 ], [ 648707.058749286690727, 5593901.12116944976151 ], [ 648526.533305453136563, 5593893.828909666277468 ], [ 648455.052314303582534, 5593721.732721036300063 ], [ 648564.100766006158665, 5593556.929607333615422 ], [ 648744.627254141843878, 5593564.226074203848839 ] ] ] } },
{ "type": "Feature", "properties": { "h3_index": "89ce8c0e217ffff", "pop_h3": 0.0, "eod_zona": 49 }, "geometry": { "type": "Polygon", "coordinates": [ [ [ 647216.492563436506316, 5587747.703210944309831 ], [ 647288.010236791451462, 5587919.909483241848648 ], [ 647178.932942664599977, 5588084.746197323314846 ], [ 646998.335015739779919, 5588077.380023976787925 ], [ 646926.813345934380777, 5587905.17292651347816 ], [ 647035.893599631264806, 5587740.332827537320554 ], [ 647216.492563436506316, 5587747.703210944309831 ] ] ] } },
{ "type": "Feature", "properties": { "h3_index": "89ce8c0f527ffff", "pop_h3": 0.0, "eod_zona": 62 }, "geometry": { "type": "Polygon", "coordinates": [ [ [ 648589.623009688802995, 5587634.466912577860057 ], [ 648661.119879196863621, 5587806.65913547296077 ], [ 648552.055510459467769, 5587971.481183522380888 ], [ 648371.491313461214304, 5587964.114392780698836 ], [ 648299.990448983036913, 5587791.92134468164295 ], [ 648409.057776600122452, 5587627.095912508666515 ], [ 648589.623009688802995, 5587634.466912577860057 ] ] ] } },
{ "type": "Feature", "properties": { "h3_index": "89ce8c05a93ffff", "pop_h3": 0.0, "eod_zona": 58 }, "geometry": { "type": "Polygon", "coordinates": [ [ [ 637447.590522391023114, 5589889.831294074654579 ], [ 637519.252336794743314, 5590062.116085889749229 ], [ 637410.087228425079957, 5590227.052502693608403 ], [ 637229.257342278026044, 5590219.707519806921482 ], [ 637157.591519999667071, 5590047.421905319206417 ], [ 637266.75959187396802, 5589882.482096371240914 ], [ 637447.590522391023114, 5589889.831294074654579 ] ] ] } },
{ "type": "Feature", "properties": { "h3_index": "89ce8c0d05bffff", "pop_h3": 0.0, "eod_zona": 37 }, "geometry": { "type": "Polygon", "coordinates": [ [ [ 653579.520276087685488, 5594097.93795302323997 ], [ 653650.921141790458933, 5594269.968926632776856 ], [ 653541.923801505123265, 5594434.713755459524691 ], [ 653361.52264414052479, 5594427.43100109603256 ], [ 653290.117784122237936, 5594255.399213773198426 ], [ 653399.118075910722837, 5594090.650994502939284 ], [ 653579.520276087685488, 5594097.93795302323997 ] ] ] } },
{ "type": "Feature", "properties": { "h3_index": "89ce8c0f253ffff", "pop_h3": 786.62696633510666, "eod_zona": 26 }, "geometry": { "type": "Polygon", "coordinates": [ [ [ 653854.06371611636132, 5589203.02257321216166 ], [ 653925.474892423604615, 5589375.128868830390275 ], [ 653816.465945100411773, 5589539.887759610079229 ], [ 653636.042866786243394, 5589532.543738587759435 ], [ 653564.627699800767004, 5589360.436621025204659 ], [ 653673.639601937495172, 5589195.674346408806741 ], [ 653854.06371611636132, 5589203.02257321216166 ] ] ] } },
{ "type": "Feature", "properties": { "h3_index": "89ce8c0f443ffff", "pop_h3": 0.0, "eod_zona": 61 }, "geometry": { "type": "Polygon", "coordinates": [ [ [ 652316.468205328797922, 5585924.932587970048189 ], [ 652387.912759498343803, 5586097.109108192846179 ], [ 652278.87942850321997, 5586261.896181956864893 ], [ 652098.398585465387441, 5586254.51011564489454 ], [ 652026.950041305506602, 5586082.332767765037715 ], [ 652135.986330298823304, 5585917.542313828133047 ], [ 652316.468205328797922, 5585924.932587970048189 ] ] ] } },
{ "type": "Feature", "properties": { "h3_index": "89ce8c0f54bffff", "pop_h3": 74.217861224501902, "eod_zona": 64 }, "geometry": { "type": "Polygon", "coordinates": [ [ [ 650541.650206424761564, 5587206.384608577005565 ], [ 650613.118290666956455, 5587378.561133108101785 ], [ 650504.071528254658915, 5587543.363253782503307 ], [ 650323.553723641904071, 5587535.992232579737902 ], [ 650252.08164671715349, 5587363.814882352948189 ], [ 650361.131367214024067, 5587199.009379000402987 ], [ 650541.650206424761564, 5587206.384608577005565 ] ] ] } },
{ "type": "Feature", "properties": { "h3_index": "89ce8c0d587ffff", "pop_h3": 4.1087883198175295, "eod_zona": 3 }, "geometry": { "type": "Polygon", "coordinates": [ [ [ 650267.526482026325539, 5592102.986332943663001 ], [ 650338.98432103486266, 5592275.087569325231016 ], [ 650229.949214181629941, 5592439.875700651668012 ], [ 650049.453313676756807, 5592432.56598486751318 ], [ 649977.991478340351023, 5592260.463931025005877 ], [ 650087.029539965791628, 5592095.67241040430963 ], [ 650267.526482026325539, 5592102.986332943663001 ] ] ] } },
{ "type": "Feature", "properties": { "h3_index": "89ce8c0e20fffff", "pop_h3": 0.0, "eod_zona": 49 }, "geometry": { "type": "Polygon", "coordinates": [ [ [ 647431.040762181626633, 5588264.311278118751943 ], [ 647502.553613989730366, 5588436.506800416857004 ], [ 647393.479903651401401, 5588601.339376055635512 ], [ 647212.890382551355287, 5588593.979814855381846 ], [ 647141.373534160782583, 5588421.783468287438154 ], [ 647250.450203581131063, 5588256.947507167235017 ], [ 647431.040762181626633, 5588264.311278118751943 ] ] ] } },
{ "type": "Feature", "properties": { "h3_index": "89ce8c0f317ffff", "pop_h3": 645.82139142258052, "eod_zona": 12 }, "geometry": { "type": "Polygon", "coordinates": [ [ [ 650744.950569512788206, 5590260.997592921368778 ], [ 650816.406500321230851, 5590433.122850053012371 ], [ 650707.370611948426813, 5590597.912162519060075 ], [ 650526.875837091123685, 5590590.57960447575897 ], [ 650455.415911706164479, 5590418.453526829369366 ], [ 650564.454755885293707, 5590253.660827722400427 ], [ 650744.950569512788206, 5590260.997592921368778 ] ] ] } },
{ "type": "Feature", "properties": { "h3_index": "89ce8c0f1d7ffff", "pop_h3": 102.78902374278265, "eod_zona": 18 }, "geometry": { "type": "Polygon", "coordinates": [ [ [ 649597.771291527198628, 5588352.661067667417228 ], [ 649669.250524539034814, 5588524.830146457068622 ], [ 649560.197988630039617, 5588689.638656759634614 ], [ 649379.663262034882791, 5588682.281472875736654 ], [ 649308.180034586926922, 5588510.111570218577981 ], [ 649417.235528300050646, 5588345.299675289541483 ], [ 649597.771291527198628, 5588352.661067667417228 ] ] ] } },
{ "type": "Feature", "properties": { "h3_index": "89ce8c0c65bffff", "pop_h3": 1.093741389119256, "eod_zona": 38 }, "geometry": { "type": "Polygon", "coordinates": [ [ [ 650053.143303604098037, 5591586.661108405329287 ], [ 650124.605973198311403, 5591758.773102343082428 ], [ 650015.567287455894984, 5591923.565386102534831 ], [ 649835.06297698977869, 5591916.249064609408379 ], [ 649763.596311199944466, 5591744.136252316646278 ], [ 649872.637952197808772, 5591579.340579848736525 ], [ 650053.143303604098037, 5591586.661108405329287 ] ] ] } },
{ "type": "Feature", "properties": { "h3_index": "89ce8c0f2b3ffff", "pop_h3": 820.76528831665598, "eod_zona": 17 }, "geometry": { "type": "Polygon", "coordinates": [ [ [ 652267.670979557442479, 5588799.972652491182089 ], [ 652339.107780743157491, 5588972.103727543726563 ], [ 652230.082334753358737, 5589136.881411577574909 ], [ 652049.617131716338918, 5589129.53140455391258 ], [ 651978.176338513381779, 5588957.399506695568562 ], [ 652087.204740492627025, 5588792.618438643403351 ], [ 652267.670979557442479, 5588799.972652491182089 ] ] ] } },
{ "type": "Feature", "properties": { "h3_index": "89ce8c0f2a7ffff", "pop_h3": 784.1852057196237, "eod_zona": 16 }, "geometry": { "type": "Polygon", "coordinates": [ [ [ 651940.589347686385736, 5589294.311717743985355 ], [ 652012.029722595936619, 5589466.438653454184532 ], [ 651903.002556922729127, 5589631.218210860155523 ], [ 651722.532060644123703, 5589623.874217350035906 ], [ 651651.087693041772582, 5589451.746459625661373 ], [ 651760.117814537603408, 5589286.963517404161394 ], [ 651940.589347686385736, 5589294.311717743985355 ] ] ] } },
{ "type": "Feature", "properties": { "h3_index": "89ce8c0e04fffff", "pop_h3": 0.0, "eod_zona": 49 }, "geometry": { "type": "Polygon", "coordinates": [ [ [ 646460.094096860848367, 5587208.931310742162168 ], [ 646531.624995163176209, 5587381.154945354908705 ], [ 646422.538821524009109, 5587546.00181374233216 ], [ 646241.918789337389171, 5587538.628432010300457 ], [ 646170.383894188329577, 5587366.403971230611205 ], [ 646279.473028201377019, 5587201.553718326613307 ], [ 646460.094096860848367, 5587208.931310742162168 ] ] ] } },
{ "type": "Feature", "properties": { "h3_index": "89ce8c0f497ffff", "pop_h3": 0.0, "eod_zona": 61 }, "geometry": { "type": "Polygon", "coordinates": [ [ [ 651094.278037423500791, 5584689.972755281254649 ], [ 651165.745041085407138, 5584862.183139654807746 ], [ 651056.696302027208731, 5585026.98785728123039 ], [ 650876.177599873975851, 5585019.585569597780704 ], [ 650804.706605823710561, 5584847.374355343170464 ], [ 650913.758304441696964, 5584682.566258631646633 ], [ 651094.278037423500791, 5584689.972755281254649 ] ] ] } },
{ "type": "Feature", "properties": { "h3_index": "89ce8c04253ffff", "pop_h3": 173.62583345047412, "eod_zona": 52 }, "geometry": { "type": "Polygon", "coordinates": [ [ [ 637177.572035972261801, 5584966.132484823465347 ], [ 637249.252284863614477, 5585138.499243473634124 ], [ 637140.069960982189514, 5585303.455611124634743 ], [ 636959.204421172384173, 5585296.048605817370117 ], [ 636887.520167529466562, 5585123.681016135960817 ], [ 636996.705458579584956, 5584958.721262769773602 ], [ 637177.572035972261801, 5584966.132484823465347 ] ] ] } },
{ "type": "Feature", "properties": { "h3_index": "89ce8c0f1a3ffff", "pop_h3": 24.287887392459726, "eod_zona": 49 }, "geometry": { "type": "Polygon", "coordinates": [ [ [ 648439.354264713940211, 5588982.4897066578269 ], [ 648510.849477891344577, 5589154.662079528905451 ], [ 648401.78760119038634, 5589319.481111988425255 ], [ 648221.22755343595054, 5589312.131157534196973 ], [ 648149.728344211122021, 5589139.957961723208427 ], [ 648258.793178919237107, 5588975.135543283075094 ], [ 648439.354264713940211, 5588982.4897066578269 ] ] ] } },
{ "type": "Feature", "properties": { "h3_index": "89ce8c0f653ffff", "pop_h3": 99.06609554813042, "eod_zona": 48 }, "geometry": { "type": "Polygon", "coordinates": [ [ [ 654117.253549044951797, 5586844.806317868642509 ], [ 654188.667666650959291, 5587016.947320862673223 ], [ 654079.654421339277178, 5587181.711479707621038 ], [ 653899.224102214095183, 5587174.338016125373542 ], [ 653827.805995819158852, 5587002.19618723820895 ], [ 653936.822197468136437, 5586837.428647804073989 ], [ 654117.253549044951797, 5586844.806317868642509 ] ] ] } },
{ "type": "Feature", "properties": { "h3_index": "89ce8c0e113ffff", "pop_h3": 0.0, "eod_zona": 57 }, "geometry": { "type": "Polygon", "coordinates": [ [ [ 643712.758815421257168, 5587435.380239155143499 ], [ 643784.331334226997569, 5587607.631986057385802 ], [ 643675.219316102098674, 5587772.508198657073081 ], [ 643494.531817542389035, 5587765.136050390079618 ], [ 643422.955298933782615, 5587592.883477389812469 ], [ 643532.070278812665492, 5587428.003878731280565 ], [ 643712.758815421257168, 5587435.380239155143499 ] ] ] } },
{ "type": "Feature", "properties": { "h3_index": "89ce8c0f5afffff", "pop_h3": 7.6077726999261515, "eod_zona": 62 }, "geometry": { "type": "Polygon", "coordinates": [ [ [ 648664.758632182376459, 5586960.421236297115684 ], [ 648736.256329361116514, 5587132.623379276134074 ], [ 648627.190717037185095, 5587297.446929587051272 ], [ 648446.624448347487487, 5587290.071720094420016 ], [ 648375.122756739845499, 5587117.868750786408782 ], [ 648484.191328378976323, 5586953.041817278601229 ], [ 648664.758632182376459, 5586960.421236297115684 ] ] ] } },
{ "type": "Feature", "properties": { "h3_index": "89ce8c0c6d7ffff", "pop_h3": 221.36197450899078, "eod_zona": 4 }, "geometry": { "type": "Polygon", "coordinates": [ [ [ 649334.762511885957792, 5590711.384080133400857 ], [ 649406.238835566327907, 5590883.518405564129353 ], [ 649297.19065887958277, 5591048.321615900844336 ], [ 649116.663202363532037, 5591040.993888658471406 ], [ 649045.182882356457412, 5590868.858743312768638 ], [ 649154.234015322756022, 5590704.052145101130009 ], [ 649334.762511885957792, 5590711.384080133400857 ] ] ] } },
{ "type": "Feature", "properties": { "h3_index": "89ce8c0c217ffff", "pop_h3": 0.0, "eod_zona": 1 }, "geometry": { "type": "Polygon", "coordinates": [ [ [ 648455.052314303582534, 5593721.732721036300063 ], [ 648526.533305453136563, 5593893.828909666277468 ], [ 648417.485482198186219, 5594058.631255176849663 ], [ 648236.953713289112784, 5594051.340804293751717 ], [ 648165.468722850317135, 5593879.243800727650523 ], [ 648274.519500739290379, 5593714.438062959350646 ], [ 648455.052314303582534, 5593721.732721036300063 ] ] ] } },
{ "type": "Feature", "properties": { "h3_index": "89ce8c05253ffff", "pop_h3": 0.0, "eod_zona": 51 }, "geometry": { "type": "Polygon", "coordinates": [ [ [ 642741.160241553210653, 5586379.625109635293484 ], [ 642812.750797031214461, 5586551.904978722333908 ], [ 642703.626299835625105, 5586716.795484470203519 ], [ 642522.90828424168285, 5586709.409506196156144 ], [ 642451.313728697481565, 5586537.128809112124145 ], [ 642560.441188942175359, 5586372.234918273054063 ], [ 642741.160241553210653, 5586379.625109635293484 ] ] ] } },
{ "type": "Feature", "properties": { "h3_index": "89ce8c0424fffff", "pop_h3": 148.54775642150094, "eod_zona": 52 }, "geometry": { "type": "Polygon", "coordinates": [ [ [ 637102.568123913370073, 5585640.773028529249132 ], [ 637174.2475727845449, 5585813.129861277528107 ], [ 637065.066525083268061, 5585978.084735287353396 ], [ 636884.203061910229735, 5585970.686163171194494 ], [ 636812.519607745110989, 5585798.328500524163246 ], [ 636921.703622175264172, 5585633.370239867828786 ], [ 637102.568123913370073, 5585640.773028529249132 ] ] ] } },
{ "type": "Feature", "properties": { "h3_index": "89ce8c0e277ffff", "pop_h3": 0.0, "eod_zona": 49 }, "geometry": { "type": "Polygon", "coordinates": [ [ [ 647393.479903651401401, 5588601.339376055635512 ], [ 647464.992342580808327, 5588773.529934818856418 ], [ 647355.919257136178203, 5588938.361756112426519 ], [ 647175.33077402645722, 5588931.006404563784599 ], [ 647103.814338241587393, 5588758.815022095106542 ], [ 647212.890382551355287, 5588593.979814855381846 ], [ 647393.479903651401401, 5588601.339376055635512 ] ] ] } },
{ "type": "Feature", "properties": { "h3_index": "89ce8c0f46fffff", "pop_h3": 1328.5228690376157, "eod_zona": 22 }, "geometry": { "type": "Polygon", "coordinates": [ [ [ 651662.252435604576021, 5586913.672713004052639 ], [ 651733.704136048676446, 5587085.840975719504058 ], [ 651624.667351793730631, 5587250.631817942485213 ], [ 651444.175909556215629, 5587243.25777920987457 ], [ 651372.720217769849114, 5587071.088690431788564 ], [ 651481.759959693765268, 5586906.294466426596045 ], [ 651662.252435604576021, 5586913.672713004052639 ] ] ] } },
{ "type": "Feature", "properties": { "h3_index": "89ce8c0d533ffff", "pop_h3": 0.0, "eod_zona": 36 }, "geometry": { "type": "Polygon", "coordinates": [ [ [ 650154.795299163321033, 5593113.637228624895215 ], [ 650226.251885355799459, 5593285.72355040628463 ], [ 650117.218652635347098, 5593450.509385405108333 ], [ 649936.725879736244678, 5593443.212289283052087 ], [ 649865.265296404249966, 5593271.125151731073856 ], [ 649974.301483241841197, 5593106.335926046594977 ], [ 650154.795299163321033, 5593113.637228624895215 ] ] ] } },
{ "type": "Feature", "properties": { "h3_index": "89ce8c0d0a3ffff", "pop_h3": 47.008559069617185, "eod_zona": 37 }, "geometry": { "type": "Polygon", "coordinates": [ [ [ 651703.862367086810991, 5593853.00297087803483 ], [ 651775.292881167144515, 5594025.059536047279835 ], [ 651666.276743716793135, 5594189.825793473049998 ], [ 651485.827139587141573, 5594182.53887667413801 ], [ 651414.392629444715567, 5594010.481497163884342 ], [ 651523.411719621391967, 5593845.711848770268261 ], [ 651703.862367086810991, 5593853.00297087803483 ] ] ] } },
{ "type": "Feature", "properties": { "h3_index": "89ce8c0f543ffff", "pop_h3": 750.37980533576285, "eod_zona": 45 }, "geometry": { "type": "Polygon", "coordinates": [ [ [ 650289.658874625456519, 5587026.827070065774024 ], [ 650361.131367214024067, 5587199.009379000402987 ], [ 650252.08164671715349, 5587363.814882352948189 ], [ 650071.556475401041098, 5587356.441459299065173 ], [ 650000.079989993129857, 5587184.258324333466589 ], [ 650109.132668848265894, 5587019.449438431300223 ], [ 650289.658874625456519, 5587026.827070065774024 ] ] ] } },
{ "type": "Feature", "properties": { "h3_index": "89ce8c08b27ffff", "pop_h3": 0.0, "eod_zona": 33 }, "geometry": { "type": "Polygon", "coordinates": [ [ [ 655642.70360047032591, 5592659.075670729391277 ], [ 655714.076941057108343, 5592831.105910266749561 ], [ 655605.095311979181133, 5592995.833152255043387 ], [ 655424.737391076865606, 5592988.533542287535965 ], [ 655353.360059267259203, 5592816.502486842684448 ], [ 655462.344639711431228, 5592651.771857249550521 ], [ 655642.70360047032591, 5592659.075670729391277 ] ] ] } },
{ "type": "Feature", "properties": { "h3_index": "89ce8c0d01bffff", "pop_h3": 96.120042839342787, "eod_zona": 37 }, "geometry": { "type": "Polygon", "coordinates": [ [ [ 652786.47039794025477, 5593896.74558006413281 ], [ 652857.884089965140447, 5594068.788941469043493 ], [ 652748.878516082884744, 5594233.543173018842936 ], [ 652568.456298215663992, 5594226.257433683611453 ], [ 652497.038611202617176, 5594054.213258136995137 ], [ 652606.047137174173258, 5593889.455636047758162 ], [ 652786.47039794025477, 5593896.74558006413281 ] ] ] } },
{ "type": "Feature", "properties": { "h3_index": "89ce8c0d413ffff", "pop_h3": 196.10109065486665, "eod_zona": 35 }, "geometry": { "type": "Polygon", "coordinates": [ [ [ 652797.76757672498934, 5591359.598471598699689 ], [ 652869.188626938615926, 5591531.682408282533288 ], [ 652760.175755876465701, 5591696.445385407656431 ], [ 652579.738880848628469, 5591689.127812993712723 ], [ 652508.313837395748124, 5591517.043057885020971 ], [ 652617.329662341740914, 5591352.276693589054048 ], [ 652797.76757672498934, 5591359.598471598699689 ] ] ] } },
{ "type": "Feature", "properties": { "h3_index": "89ce8c0e653ffff", "pop_h3": 0.0, "eod_zona": 59 }, "geometry": { "type": "Polygon", "coordinates": [ [ [ 648562.957166921114549, 5585432.637378996238112 ], [ 648634.460924901999533, 5585604.865136935375631 ], [ 648525.389870086917654, 5585769.695062036626041 ], [ 648344.81209696107544, 5585762.300610383972526 ], [ 648273.304345498559996, 5585590.072023523040116 ], [ 648382.378360770992003, 5585425.238717213273048 ], [ 648562.957166921114549, 5585432.637378996238112 ] ] ] } },
{ "type": "Feature", "properties": { "h3_index": "89ce8c0f423ffff", "pop_h3": 143.0048408253532, "eod_zona": 45 }, "geometry": { "type": "Polygon", "coordinates": [ [ [ 650906.371360461926088, 5586374.991278998553753 ], [ 650977.836284749908373, 5586547.176891931332648 ], [ 650868.790626691072248, 5586711.977879128418863 ], [ 650688.277086001005955, 5586704.596634777262807 ], [ 650616.808169972500764, 5586532.41019478533417 ], [ 650725.856786504155025, 5586367.605826178565621 ], [ 650906.371360461926088, 5586374.991278998553753 ] ] ] } },
{ "type": "Feature", "properties": { "h3_index": "89ce8c0c24bffff", "pop_h3": 0.0, "eod_zona": 36 }, "geometry": { "type": "Polygon", "coordinates": [ [ [ 649752.540989357978106, 5594281.734714789316058 ], [ 649824.000319939805195, 5594453.80692866910249 ], [ 649714.966638489393517, 5594618.593081540428102 ], [ 649534.470673068775795, 5594611.310412921011448 ], [ 649463.007344133919105, 5594439.237385199405253 ], [ 649572.043979098438285, 5594274.447839915752411 ], [ 649752.540989357978106, 5594281.734714789316058 ] ] ] } },
{ "type": "Feature", "properties": { "h3_index": "89ce8c0c4bbffff", "pop_h3": 0.0, "eod_zona": 49 }, "geometry": { "type": "Polygon", "coordinates": [ [ [ 646701.468795980792493, 5589927.365808740258217 ], [ 646772.987991512403823, 5590099.543115757405758 ], [ 646663.912120808730833, 5590264.377927896566689 ], [ 646483.314096394460648, 5590257.038821012713015 ], [ 646411.790902387816459, 5590084.860692448914051 ], [ 646520.869731402024627, 5589920.022492291405797 ], [ 646701.468795980792493, 5589927.365808740258217 ] ] ] } },
{ "type": "Feature", "properties": { "h3_index": "89ce8c0d28bffff", "pop_h3": 0.0, "eod_zona": 37 }, "geometry": { "type": "Polygon", "coordinates": [ [ [ 654334.872019744710997, 5594635.860012353397906 ], [ 654406.259636219940148, 5594807.873626413755119 ], [ 654297.271148845902644, 5594972.608283176086843 ], [ 654116.892094421433285, 5594965.332716665230691 ], [ 654045.500484031857923, 5594793.318289884366095 ], [ 654154.491922110784799, 5594628.580242311581969 ], [ 654334.872019744710997, 5594635.860012353397906 ] ] ] } },
{ "type": "Feature", "properties": { "h3_index": "89ce8c0d487ffff", "pop_h3": 434.06698032245299, "eod_zona": 34 }, "geometry": { "type": "Polygon", "coordinates": [ [ [ 652294.029041732428595, 5591000.767287201248109 ], [ 652365.458917725016363, 5591172.862794850021601 ], [ 652256.440138632548042, 5591337.632546189241111 ], [ 652075.988529256777838, 5591330.310176780447364 ], [ 652004.554659756016918, 5591158.213850040920079 ], [ 652113.576393266906962, 5590993.440711782313883 ], [ 652294.029041732428595, 5591000.767287201248109 ] ] ] } },
{ "type": "Feature", "properties": { "h3_index": "89ce8c0a973ffff", "pop_h3": 0.0, "eod_zona": 46 }, "geometry": { "type": "Polygon", "coordinates": [ [ [ 653763.928850701660849, 5585137.99827744718641 ], [ 653835.353460966842249, 5585310.170655911788344 ], [ 653726.331853901850991, 5585474.94456213992089 ], [ 653545.882678960915655, 5585467.549468358978629 ], [ 653474.454080720897764, 5585295.376261078752577 ], [ 653583.478645525756292, 5585130.59897637180984 ], [ 653763.928850701660849, 5585137.99827744718641 ] ] ] } },
{ "type": "Feature", "properties": { "h3_index": "89ce8c0f6c3ffff", "pop_h3": 99.97295524694664, "eod_zona": 48 }, "geometry": { "type": "Polygon", "coordinates": [ [ [ 653903.001540237455629, 5586328.361836559139192 ], [ 653974.420485727372579, 5586500.513575579971075 ], [ 653865.403671483043581, 5586665.281863442622125 ], [ 653684.96495506237261, 5586657.901792260818183 ], [ 653613.542020921246149, 5586485.749226451851428 ], [ 653722.56179198413156, 5586320.977558593265712 ], [ 653903.001540237455629, 5586328.361836559139192 ] ] ] } },
{ "type": "Feature", "properties": { "h3_index": "89ce8c0c49bffff", "pop_h3": 0.0, "eod_zona": 49 }, "geometry": { "type": "Polygon", "coordinates": [ [ [ 647318.35882295970805, 5589275.378416546620429 ], [ 647389.870435886201449, 5589447.559045778587461 ], [ 647280.798601446324028, 5589612.389355610124767 ], [ 647100.212195784552023, 5589605.042423064820468 ], [ 647028.696585464524105, 5589432.860971256159246 ], [ 647137.771378330187872, 5589268.027274549007416 ], [ 647318.35882295970805, 5589275.378416546620429 ] ] ] } },
{ "type": "Feature", "properties": { "h3_index": "89ce8c0a963ffff", "pop_h3": 0.0, "eod_zona": 46 }, "geometry": { "type": "Polygon", "coordinates": [ [ [ 653726.331853901850991, 5585474.94456213992089 ], [ 653797.756045259884559, 5585647.111988672986627 ], [ 653688.735049790120684, 5585811.885149701498449 ], [ 653508.286905568325892, 5585804.494263115338981 ], [ 653436.85872596828267, 5585632.326008329167962 ], [ 653545.882678960915655, 5585467.549468358978629 ], [ 653726.331853901850991, 5585474.94456213992089 ] ] ] } },
{ "type": "Feature", "properties": { "h3_index": "89ce8c0f393ffff", "pop_h3": 363.06333388164597, "eod_zona": 15 }, "geometry": { "type": "Polygon", "coordinates": [ [ [ 650857.691664638812654, 5589250.219548524357378 ], [ 650929.148847095784731, 5589422.359698871150613 ], [ 650820.111096181441098, 5589587.151284181512892 ], [ 650639.613206480746157, 5589579.806104370392859 ], [ 650568.152030256809667, 5589407.665131815709174 ], [ 650677.192737631965429, 5589242.870161256752908 ], [ 650857.691664638812654, 5589250.219548524357378 ] ] ] } },
{ "type": "Feature", "properties": { "h3_index": "89ce8c0f1abffff", "pop_h3": 0.0, "eod_zona": 4 }, "geometry": { "type": "Polygon", "coordinates": [ [ [ 648691.403195607941598, 5589162.013841512612998 ], [ 648762.893998575513251, 5589334.180427215062082 ], [ 648653.835079614073038, 5589498.996073566377163 ], [ 648473.282400076393969, 5589491.648520299233496 ], [ 648401.78760119038634, 5589319.481111988425255 ], [ 648510.849477891344577, 5589154.662079528905451 ], [ 648691.403195607941598, 5589162.013841512612998 ] ] ] } },
{ "type": "Feature", "properties": { "h3_index": "89ce8c0d54bffff", "pop_h3": 0.040599401640090862, "eod_zona": 36 }, "geometry": { "type": "Polygon", "coordinates": [ [ [ 651779.034224573988467, 5593179.340103571303189 ], [ 651850.465578002622351, 5593351.406614050269127 ], [ 651741.448194148368202, 5593516.174406995996833 ], [ 651560.996503833099268, 5593508.879079483449459 ], [ 651489.561154881026596, 5593336.811753534711897 ], [ 651598.581491897231899, 5593172.040570546872914 ], [ 651779.034224573988467, 5593179.340103571303189 ] ] ] } },
{ "type": "Feature", "properties": { "h3_index": "89ce8c0f403ffff", "pop_h3": 0.0, "eod_zona": 61 }, "geometry": { "type": "Polygon", "coordinates": [ [ [ 651523.055948708555661, 5585723.181385353207588 ], [ 651594.513307307497598, 5585895.370298277586699 ], [ 651485.471716873813421, 5586060.166766096837819 ], [ 651304.969809378846548, 5586052.777701232582331 ], [ 651233.508460118086077, 5585880.587960221804678 ], [ 651342.553009139373899, 5585715.788112136535347 ], [ 651523.055948708555661, 5585723.181385353207588 ] ] ] } },
{ "type": "Feature", "properties": { "h3_index": "89ce8c0504fffff", "pop_h3": 0.0, "eod_zona": 51 }, "geometry": { "type": "Polygon", "coordinates": [ [ [ 640899.667380598024465, 5585796.185539693571627 ], [ 640971.28796846664045, 5585968.49601826723665 ], [ 640862.143988651456311, 5586133.408723269589245 ], [ 640681.376456606434658, 5586126.014334818348289 ], [ 640609.751867203740403, 5585953.703027047216892 ], [ 640718.898811510647647, 5585788.786936903372407 ], [ 640899.667380598024465, 5585796.185539693571627 ] ] ] } },
{ "type": "Feature", "properties": { "h3_index": "89ce8c05243ffff", "pop_h3": 0.0, "eod_zona": 51 }, "geometry": { "type": "Polygon", "coordinates": [ [ [ 642703.626299835625105, 5586716.795484470203519 ], [ 642775.216448474675417, 5586889.070391368120909 ], [ 642666.092581722070463, 5587053.960147444158792 ], [ 642485.375603633350693, 5587046.578382157720625 ], [ 642413.781454663141631, 5586874.302647829987109 ], [ 642522.90828424168285, 5586709.409506196156144 ], [ 642703.626299835625105, 5586716.795484470203519 ] ] ] } },
{ "type": "Feature", "properties": { "h3_index": "89ce8c0c21bffff", "pop_h3": 0.0, "eod_zona": 1 }, "geometry": { "type": "Polygon", "coordinates": [ [ [ 648996.623364994768053, 5593743.61551623698324 ], [ 649068.095942164072767, 5593915.705099690705538 ], [ 648959.053399366093799, 5594080.501429432071745 ], [ 648778.535325210425071, 5594073.211567739024758 ], [ 648707.058749286690727, 5593901.12116944976151 ], [ 648816.104246402275749, 5593736.321447665803134 ], [ 648996.623364994768053, 5593743.61551623698324 ] ] ] } },
{ "type": "Feature", "properties": { "h3_index": "89ce8c0d4a7ffff", "pop_h3": 93.511207935376049, "eod_zona": 35 }, "geometry": { "type": "Polygon", "coordinates": [ [ [ 651677.486031693406403, 5591652.536995452828705 ], [ 651748.923476232681423, 5591824.629173155874014 ], [ 651639.900650397408754, 5591989.403414281085134 ], [ 651459.437425849610008, 5591982.088865745812654 ], [ 651387.995986727648415, 5591809.995869982987642 ], [ 651497.021766865043901, 5591645.218240795657039 ], [ 651677.486031693406403, 5591652.536995452828705 ] ] ] } },
{ "type": "Feature", "properties": { "h3_index": "89ce8c0d5afffff", "pop_h3": 0.0, "eod_zona": 36 }, "geometry": { "type": "Polygon", "coordinates": [ [ [ 649902.840482492232695, 5592934.243815581314266 ], [ 649974.301483241841197, 5593106.335926046594977 ], [ 649865.265296404249966, 5593271.125151731073856 ], [ 649684.765154561609961, 5593263.825657485984266 ], [ 649613.300156539073214, 5593091.732730920426548 ], [ 649722.339297762257047, 5592926.940114676952362 ], [ 649902.840482492232695, 5592934.243815581314266 ] ] ] } },
{ "type": "Feature", "properties": { "h3_index": "89ce8c0e253ffff", "pop_h3": 0.0, "eod_zona": 62 }, "geometry": { "type": "Polygon", "coordinates": [ [ [ 648299.990448983036913, 5587791.92134468164295 ], [ 648371.491313461214304, 5587964.114392780698836 ], [ 648262.424608463654295, 5588128.93907290417701 ], [ 648081.854080187156796, 5588121.574089375324547 ], [ 648010.349220336647704, 5587949.380216309800744 ], [ 648119.418884264188819, 5587784.552151722833514 ], [ 648299.990448983036913, 5587791.92134468164295 ] ] ] } },
{ "type": "Feature", "properties": { "h3_index": "89ce8c0c653ffff", "pop_h3": 92.512772387140629, "eod_zona": 4 }, "geometry": { "type": "Polygon", "coordinates": [ [ [ 649801.170869673136622, 5591407.222798171453178 ], [ 649872.637952197808772, 5591579.340579848736525 ], [ 649763.596311199944466, 5591744.136252316646278 ], [ 649583.084632277139463, 5591736.817531669512391 ], [ 649511.613553423434496, 5591564.698931304737926 ], [ 649620.658149947412312, 5591399.899870253168046 ], [ 649801.170869673136622, 5591407.222798171453178 ] ] ] } },
{ "type": "Feature", "properties": { "h3_index": "89ce8c0e04bffff", "pop_h3": 0.0, "eod_zona": 49 }, "geometry": { "type": "Polygon", "coordinates": [ [ [ 646749.795631903456524, 5587051.463091498240829 ], [ 646821.32253376126755, 5587223.685899716801941 ], [ 646712.238695489242673, 5587388.530134567059577 ], [ 646531.624995163176209, 5587381.154945354908705 ], [ 646460.094096860848367, 5587208.931310742162168 ], [ 646569.18089545762632, 5587044.083691713400185 ], [ 646749.795631903456524, 5587051.463091498240829 ] ] ] } },
{ "type": "Feature", "properties": { "h3_index": "89ce8c0d2d3ffff", "pop_h3": 0.0, "eod_zona": 33 }, "geometry": { "type": "Polygon", "coordinates": [ [ [ 654913.589124714024365, 5594320.956742488779128 ], [ 654984.968754569534212, 5594492.96873040869832 ], [ 654875.98492904054001, 5594657.698146273382008 ], [ 654695.618523183045909, 5594650.418964329175651 ], [ 654624.234900220530108, 5594478.406163222156465 ], [ 654733.221676351153292, 5594313.67335722129792 ], [ 654913.589124714024365, 5594320.956742488779128 ] ] ] } },
{ "type": "Feature", "properties": { "h3_index": "89ce8c0f4b7ffff", "pop_h3": 0.0, "eod_zona": 60 }, "geometry": { "type": "Polygon", "coordinates": [ [ [ 650477.548053927486762, 5585341.80242873635143 ], [ 650549.022623598575592, 5585514.009518871083856 ], [ 650439.969813842792064, 5585678.818761838600039 ], [ 650259.439475098159164, 5585671.42429487966001 ], [ 650187.960913962335326, 5585499.216375892050564 ], [ 650297.016683162655681, 5585334.403752693906426 ], [ 650477.548053927486762, 5585341.80242873635143 ] ] ] } },
{ "type": "Feature", "properties": { "h3_index": "89ce8c0f313ffff", "pop_h3": 585.67562987583688, "eod_zona": 12 }, "geometry": { "type": "Polygon", "coordinates": [ [ [ 651034.476563679869287, 5590103.546094365417957 ], [ 651105.928500314475968, 5590275.670530747622252 ], [ 650996.89494644862134, 5590440.457215452566743 ], [ 650816.406500321230851, 5590433.122850053012371 ], [ 650744.950569512788206, 5590260.997592921368778 ], [ 650853.987079136772081, 5590096.207521918229759 ], [ 651034.476563679869287, 5590103.546094365417957 ] ] ] } },
{ "type": "Feature", "properties": { "h3_index": "89ce8c0d0cfffff", "pop_h3": 87.920867240190489, "eod_zona": 37 }, "geometry": { "type": "Polygon", "coordinates": [ [ [ 653075.893529004300945, 5593739.282332119531929 ], [ 653147.303226440795697, 5593911.324879144318402 ], [ 653038.299982877681032, 5594076.076488732360303 ], [ 652857.884089965140447, 5594068.788941469043493 ], [ 652786.47039794025477, 5593896.74558006413281 ], [ 652895.476593545405194, 5593731.990580282174051 ], [ 653075.893529004300945, 5593739.282332119531929 ] ] ] } },
{ "type": "Feature", "properties": { "h3_index": "89ce8c0f567ffff", "pop_h3": 76.962932023161443, "eod_zona": 18 }, "geometry": { "type": "Polygon", "coordinates": [ [ [ 649383.323943492141552, 5587836.132336754351854 ], [ 649454.808000891469419, 5588008.312162677757442 ], [ 649345.751885834732093, 5588173.124810590408742 ], [ 649165.20875521725975, 5588165.761016588658094 ], [ 649093.720703519298695, 5587993.580365899018943 ], [ 649202.779776863986626, 5587828.764333950355649 ], [ 649383.323943492141552, 5587836.132336754351854 ] ] ] } },
{ "type": "Feature", "properties": { "h3_index": "89ce8c052a7ffff", "pop_h3": 0.0, "eod_zona": 50 }, "geometry": { "type": "Polygon", "coordinates": [ [ [ 640824.620824970537797, 5586470.626196551136672 ], [ 640896.240603705518879, 5586642.926750235259533 ], [ 640787.097889877622947, 5586807.837957793846726 ], [ 640606.332433387869969, 5586800.451997720636427 ], [ 640534.708652572589926, 5586628.150615971535444 ], [ 640643.854330456699245, 5586463.236022338271141 ], [ 640824.620824970537797, 5586470.626196551136672 ] ] ] } },
{ "type": "Feature", "properties": { "h3_index": "89ce8c0d543ffff", "pop_h3": 0.0, "eod_zona": 36 }, "geometry": { "type": "Polygon", "coordinates": [ [ [ 651527.145723662339151, 5592999.96827261056751 ], [ 651598.581491897231899, 5593172.040570546872914 ], [ 651489.561154881026596, 5593336.811753534711897 ], [ 651309.102096326183528, 5593329.514028475619853 ], [ 651237.662332432111725, 5593157.440914736129344 ], [ 651346.685622879536822, 5592992.666341832838953 ], [ 651527.145723662339151, 5592999.96827261056751 ] ] ] } },
{ "type": "Feature", "properties": { "h3_index": "89ce8c0f677ffff", "pop_h3": 959.05233961930765, "eod_zona": 47 }, "geometry": { "type": "Polygon", "coordinates": [ [ [ 653211.290673940326087, 5587653.904769584536552 ], [ 653282.716339991427958, 5587826.043292138725519 ], [ 653173.696681036381051, 5587990.814593144692481 ], [ 652993.24839988455642, 5587983.450753647834063 ], [ 652921.81874356395565, 5587811.311406459659338 ], [ 653030.84135879157111, 5587646.53672338463366 ], [ 653211.290673940326087, 5587653.904769584536552 ] ] ] } },
{ "type": "Feature", "properties": { "h3_index": "89ce8c0c473ffff", "pop_h3": 0.0, "eod_zona": 49 }, "geometry": { "type": "Polygon", "coordinates": [ [ [ 647420.205092631513253, 5590802.880491524934769 ], [ 647491.710640751640312, 5590975.035462566651404 ], [ 647382.644270475488156, 5591139.859349557198584 ], [ 647202.069394920952618, 5591132.531654336489737 ], [ 647130.559848460019566, 5590960.375863311812282 ], [ 647239.629176022252068, 5590795.548587465658784 ], [ 647420.205092631513253, 5590802.880491524934769 ] ] ] } },
{ "type": "Feature", "properties": { "h3_index": "89ce8c08937ffff", "pop_h3": 0.16211069691768648, "eod_zona": 32 }, "geometry": { "type": "Polygon", "coordinates": [ [ [ 653917.897451837547123, 5591066.697590840980411 ], [ 653989.302111944998614, 5591238.773286481387913 ], [ 653880.299200233072042, 5591403.52500044927001 ], [ 653699.888675079680979, 5591396.204405031166971 ], [ 653628.480023080832325, 5591224.127890598960221 ], [ 653737.485888254712336, 5591059.37279035244137 ], [ 653917.897451837547123, 5591066.697590840980411 ] ] ] } },
{ "type": "Feature", "properties": { "h3_index": "89ce8c0e2d7ffff", "pop_h3": 0.0, "eod_zona": 62 }, "geometry": { "type": "Polygon", "coordinates": [ [ [ 647833.388148516765796, 5587095.7353186160326 ], [ 647904.898243090952747, 5587267.944900384172797 ], [ 647795.824996910989285, 5587432.777100434526801 ], [ 647615.238696601008996, 5587425.403102438896894 ], [ 647543.724606658448465, 5587253.19269447401166 ], [ 647652.800812522531487, 5587088.35711067635566 ], [ 647833.388148516765796, 5587095.7353186160326 ] ] ] } },
{ "type": "Feature", "properties": { "h3_index": "89ce8c0c48bffff", "pop_h3": 0.0, "eod_zona": 49 }, "geometry": { "type": "Polygon", "coordinates": [ [ [ 647280.798601446324028, 5589612.389355610124767 ], [ 647352.309801245341077, 5589784.565018842928112 ], [ 647243.238592917332426, 5589949.394571563228965 ], [ 647062.653226711554453, 5589942.051848367787898 ], [ 646991.138029246474616, 5589769.87536312174052 ], [ 647100.212195784552023, 5589605.042423064820468 ], [ 647280.798601446324028, 5589612.389355610124767 ] ] ] } },
{ "type": "Feature", "properties": { "h3_index": "89ce8c0f38fffff", "pop_h3": 559.23166222738928, "eod_zona": 12 }, "geometry": { "type": "Polygon", "coordinates": [ [ [ 650782.530731032718904, 5589924.077299559488893 ], [ 650853.987079136772081, 5590096.207521918229759 ], [ 650744.950569512788206, 5590260.997592921368778 ], [ 650564.454755885293707, 5590253.660827722400427 ], [ 650492.994413473294117, 5590081.529784285463393 ], [ 650602.03387912386097, 5589916.736327105201781 ], [ 650782.530731032718904, 5589924.077299559488893 ] ] ] } },
{ "type": "Feature", "properties": { "h3_index": "89ce8c0d56fffff", "pop_h3": 0.0, "eod_zona": 36 }, "geometry": { "type": "Polygon", "coordinates": [ [ [ 650873.008017857908271, 5593988.61296636518091 ], [ 650944.45094024844002, 5594160.676948618143797 ], [ 650835.427193142473698, 5594325.451842141337693 ], [ 650654.957570677506737, 5594318.166144911199808 ], [ 650583.51065127865877, 5594146.101348450407386 ], [ 650692.537351481849328, 5593981.323063407093287 ], [ 650873.008017857908271, 5593988.61296636518091 ] ] ] } },
{ "type": "Feature", "properties": { "h3_index": "89ce8c051dbffff", "pop_h3": 91.391624246250714, "eod_zona": 50 }, "geometry": { "type": "Polygon", "coordinates": [ [ [ 639020.125911843730137, 5585549.854410907253623 ], [ 639091.776128610246815, 5585722.190544698387384 ], [ 638982.613295877468772, 5585887.124705296941102 ], [ 638801.797280785045587, 5585879.72611774597317 ], [ 638730.143060735659674, 5585707.389154123142362 ], [ 638839.308859193813987, 5585542.451607861556113 ], [ 639020.125911843730137, 5585549.854410907253623 ] ] ] } },
{ "type": "Feature", "properties": { "h3_index": "89ce8c0a92fffff", "pop_h3": 0.0, "eod_zona": 46 }, "geometry": { "type": "Polygon", "coordinates": [ [ [ 652895.478500641416758, 5585610.145546058192849 ], [ 652966.915076038683765, 5585782.320410276763141 ], [ 652857.886432903585956, 5585947.102217378094792 ], [ 652677.418256602366455, 5585939.71253973711282 ], [ 652605.977692020125687, 5585767.536847398616374 ], [ 652715.009293051203713, 5585602.75166080147028 ], [ 652895.478500641416758, 5585610.145546058192849 ] ] ] } },
{ "type": "Feature", "properties": { "h3_index": "89ce8c08d2fffff", "pop_h3": 96.257905864355919, "eod_zona": 26 }, "geometry": { "type": "Polygon", "coordinates": [ [ [ 654395.308667028089985, 5589225.066067072562873 ], [ 654466.711442136554979, 5589397.165757752023637 ], [ 654357.707788859726861, 5589561.918636764399707 ], [ 654177.298406109912321, 5589554.575208691880107 ], [ 654105.891640862566419, 5589382.474696166813374 ], [ 654214.898248634301126, 5589217.718433535657823 ], [ 654395.308667028089985, 5589225.066067072562873 ] ] ] } },
{ "type": "Feature", "properties": { "h3_index": "89ce8c0c6bbffff", "pop_h3": 3.8320174494131369, "eod_zona": 2 }, "geometry": { "type": "Polygon", "coordinates": [ [ [ 648465.997643531300128, 5591183.821376695297658 ], [ 648537.485957401338965, 5591355.958161178976297 ], [ 648428.430787347722799, 5591520.769253694452345 ], [ 648247.884347125771455, 5591513.446950594894588 ], [ 648176.392035721219145, 5591341.309346893802285 ], [ 648285.450162201654166, 5591176.494865489192307 ], [ 648465.997643531300128, 5591183.821376695297658 ] ] ] } },
{ "type": "Feature", "properties": { "h3_index": "89ce8c0d6afffff", "pop_h3": 131.75352646501176, "eod_zona": 33 }, "geometry": { "type": "Polygon", "coordinates": [ [ [ 653692.310890981694683, 5593087.576106137596071 ], [ 653763.713022222742438, 5593259.621994463726878 ], [ 653654.71382114989683, 5593424.369126621633768 ], [ 653474.309536809218116, 5593417.073759485036135 ], [ 653402.903412058949471, 5593245.027055751532316 ], [ 653511.905565288616344, 5593080.2765345396474 ], [ 653692.310890981694683, 5593087.576106137596071 ] ] ] } },
{ "type": "Feature", "properties": { "h3_index": "89ce8c0f5a3ffff", "pop_h3": 8.228640493817613, "eod_zona": 62 }, "geometry": { "type": "Polygon", "coordinates": [ [ [ 648702.326754801906645, 5586623.389834453351796 ], [ 648773.824865691829473, 5586795.596936237998307 ], [ 648664.758632182376459, 5586960.421236297115684 ], [ 648484.191328378976323, 5586953.041817278601229 ], [ 648412.689223331864923, 5586780.833888602443039 ], [ 648521.758416373399086, 5586616.006205813027918 ], [ 648702.326754801906645, 5586623.389834453351796 ] ] ] } },
{ "type": "Feature", "properties": { "h3_index": "89ce8c0f60bffff", "pop_h3": 149.15036645904706, "eod_zona": 48 }, "geometry": { "type": "Polygon", "coordinates": [ [ [ 653538.349766680272296, 5587159.590493753552437 ], [ 653609.771862266468816, 5587331.733148301020265 ], [ 653500.753930854494683, 5587496.50256949942559 ], [ 653320.310947545571253, 5587489.13271738961339 ], [ 653248.884862363687716, 5587316.98923741094768 ], [ 653357.905750215169974, 5587152.216434947215021 ], [ 653538.349766680272296, 5587159.590493753552437 ] ] ] } },
{ "type": "Feature", "properties": { "h3_index": "89ce8c0e1c7ffff", "pop_h3": 0.0, "eod_zona": 57 }, "geometry": { "type": "Polygon", "coordinates": [ [ [ 644002.553667798638344, 5587277.881443533115089 ], [ 644074.122187206754461, 5587450.132364104501903 ], [ 643965.012501209042966, 5587615.005942517891526 ], [ 643784.331334226997569, 5587607.631986057385802 ], [ 643712.758815421257168, 5587435.380239155143499 ], [ 643821.871463121264242, 5587270.503275024704635 ], [ 644002.553667798638344, 5587277.881443533115089 ] ] ] } },
{ "type": "Feature", "properties": { "h3_index": "89ce8c01b6bffff", "pop_h3": 0.0, "eod_zona": 60 }, "geometry": { "type": "Polygon", "coordinates": [ [ [ 650187.960913962335326, 5585499.216375892050564 ], [ 650259.439475098159164, 5585671.42429487966001 ], [ 650150.384323154576123, 5585836.236172462813556 ], [ 649969.847650709096342, 5585828.843511602841318 ], [ 649898.36509770504199, 5585656.634763995185494 ], [ 650007.423209141474217, 5585491.8195058433339 ], [ 650187.960913962335326, 5585499.216375892050564 ] ] ] } },
{ "type": "Feature", "properties": { "h3_index": "89ce8c0f10bffff", "pop_h3": 17.873446781460625, "eod_zona": 4 }, "geometry": { "type": "Polygon", "coordinates": [ [ [ 649485.052001635427587, 5589363.576683172956109 ], [ 649556.529988286783919, 5589535.73087259195745 ], [ 649447.479318183613941, 5589700.537117012776434 ], [ 649266.947704409016296, 5589693.192558006383479 ], [ 649195.465722512220964, 5589521.037546411156654 ], [ 649304.51934976503253, 5589356.227915974333882 ], [ 649485.052001635427587, 5589363.576683172956109 ] ] ] } },
{ "type": "Feature", "properties": { "h3_index": "89ce8c0f107ffff", "pop_h3": 0.42948769573801548, "eod_zona": 4 }, "geometry": { "type": "Polygon", "coordinates": [ [ [ 648943.440348264528438, 5589341.529788005165756 ], [ 649014.926740805618465, 5589513.690586615353823 ], [ 648905.870779315242544, 5589678.502846736460924 ], [ 648725.325467940187082, 5589671.157694451510906 ], [ 648653.835079614073038, 5589498.996073566377163 ], [ 648762.893998575513251, 5589334.180427215062082 ], [ 648943.440348264528438, 5589341.529788005165756 ] ] ] } },
{ "type": "Feature", "properties": { "h3_index": "89ce8c0d04bffff", "pop_h3": 0.0, "eod_zona": 37 }, "geometry": { "type": "Polygon", "coordinates": [ [ [ 653541.923801505123265, 5594434.713755459524691 ], [ 653613.324245199444704, 5594606.739755859598517 ], [ 653504.327525985660031, 5594771.48381507024169 ], [ 653323.927411921089515, 5594764.205264762975276 ], [ 653252.522973640356213, 5594592.178451211191714 ], [ 653361.52264414052479, 5594427.43100109603256 ], [ 653541.923801505123265, 5594434.713755459524691 ] ] ] } },
{ "type": "Feature", "properties": { "h3_index": "89ce8c0d447ffff", "pop_h3": 55.858811440518068, "eod_zona": 37 }, "geometry": { "type": "Polygon", "coordinates": [ [ [ 653263.864251323277131, 5592055.225489039905369 ], [ 653335.276054070214741, 5592227.292887281626463 ], [ 653226.26970904506743, 5592392.04832652490586 ], [ 653045.848608272732235, 5592384.739755384624004 ], [ 652974.43281228793785, 5592212.671539946459234 ], [ 653083.442110441741534, 5592047.912712823599577 ], [ 653263.864251323277131, 5592055.225489039905369 ] ] ] } },
{ "type": "Feature", "properties": { "h3_index": "89ce8c0d5c7ffff", "pop_h3": 10.043900960148706, "eod_zona": 36 }, "geometry": { "type": "Polygon", "coordinates": [ [ [ 651060.91522562073078, 5592304.332483113743365 ], [ 651132.360241314512677, 5592476.421326859854162 ], [ 651023.333373920759186, 5592641.200054543092847 ], [ 650842.858536776504479, 5592633.893327663652599 ], [ 650771.409525425173342, 5592461.803666886873543 ], [ 650880.439347004285082, 5592297.021549997851253 ], [ 651060.91522562073078, 5592304.332483113743365 ] ] ] } },
{ "type": "Feature", "properties": { "h3_index": "89ce8c0d473ffff", "pop_h3": 164.59661131378195, "eod_zona": 35 }, "geometry": { "type": "Polygon", "coordinates": [ [ [ 652974.43281228793785, 5592212.671539946459234 ], [ 653045.848608272732235, 5592384.739755384624004 ], [ 652936.839929820038378, 5592549.497818883508444 ], [ 652756.412502331426367, 5592542.191055139526725 ], [ 652684.992712700972334, 5592370.122022734023631 ], [ 652794.004344334243797, 5592205.360571017488837 ], [ 652974.43281228793785, 5592212.671539946459234 ] ] ] } },
{ "type": "Feature", "properties": { "h3_index": "89ce8c0d49bffff", "pop_h3": 0.0, "eod_zona": 35 }, "geometry": { "type": "Polygon", "coordinates": [ [ [ 652872.951815322390758, 5590685.887462392449379 ], [ 652944.373705518431962, 5590857.98133116401732 ], [ 652835.359596647205763, 5591022.745830013416708 ], [ 652654.920643394812942, 5591015.419846308417618 ], [ 652583.494760501664132, 5590843.325157983228564 ], [ 652692.51182368863374, 5590678.557272890582681 ], [ 652872.951815322390758, 5590685.887462392449379 ] ] ] } },
{ "type": "Feature", "properties": { "h3_index": "89ce8c0f103ffff", "pop_h3": 15.795922967608934, "eod_zona": 4 }, "geometry": { "type": "Polygon", "coordinates": [ [ [ 649233.036952603375539, 5589184.067939873784781 ], [ 649304.51934976503253, 5589356.227915974333882 ], [ 649195.465722512220964, 5589521.037546411156654 ], [ 649014.926740805618465, 5589513.690586615353823 ], [ 648943.440348264528438, 5589341.529788005165756 ], [ 649052.496932937065139, 5589176.716771676205099 ], [ 649233.036952603375539, 5589184.067939873784781 ] ] ] } },
{ "type": "Feature", "properties": { "h3_index": "89ce8c0552bffff", "pop_h3": 55.315460613780424, "eod_zona": 52 }, "geometry": { "type": "Polygon", "coordinates": [ [ [ 638010.168557683820836, 5584830.826297669671476 ], [ 638081.836393965641037, 5585003.185600989498198 ], [ 637972.661696730880067, 5585168.133303484879434 ], [ 637791.816196547588333, 5585160.725087794475257 ], [ 637720.144356456934474, 5584988.364953310228884 ], [ 637829.322020489838906, 5584823.413865657523274 ], [ 638010.168557683820836, 5584830.826297669671476 ] ] ] } },
{ "type": "Feature", "properties": { "h3_index": "89ce8c0d53bffff", "pop_h3": 0.0, "eod_zona": 36 }, "geometry": { "type": "Polygon", "coordinates": [ [ [ 650406.738332520006225, 5593293.022454852238297 ], [ 650478.1905039367266, 5593465.102988028898835 ], [ 650369.160225066239946, 5593629.885432218201458 ], [ 650188.674821056658402, 5593622.590734015218914 ], [ 650117.218652635347098, 5593450.509385405108333 ], [ 650226.251885355799459, 5593285.72355040628463 ], [ 650406.738332520006225, 5593293.022454852238297 ] ] ] } },
{ "type": "Feature", "properties": { "h3_index": "89ce8c0f00bffff", "pop_h3": 1370.7457910411842, "eod_zona": 43 }, "geometry": { "type": "Polygon", "coordinates": [ [ [ 651511.913299154257402, 5588261.474879143759608 ], [ 651583.363330382853746, 5588433.623306821100414 ], [ 651474.329015616560355, 5588598.411142527125776 ], [ 651293.841712951660156, 5588591.05393417365849 ], [ 651222.38768930057995, 5588418.904682691209018 ], [ 651331.424960864009336, 5588254.113463344983757 ], [ 651511.913299154257402, 5588261.474879143759608 ] ] ] } },
{ "type": "Feature", "properties": { "h3_index": "89ce8c0e3dbffff", "pop_h3": 0.0, "eod_zona": 49 }, "geometry": { "type": "Polygon", "coordinates": [ [ [ 646347.428913115640171, 5588220.125678255222738 ], [ 646418.958577025914565, 5588392.334425355307758 ], [ 646309.874280688120052, 5588557.179036280140281 ], [ 646129.257360849180259, 5588549.818285994231701 ], [ 646057.72369928099215, 5588377.608714424073696 ], [ 646166.810955339344218, 5588212.760717588476837 ], [ 646347.428913115640171, 5588220.125678255222738 ] ] ] } },
{ "type": "Feature", "properties": { "h3_index": "89ce8c0d56bffff", "pop_h3": 0.0, "eod_zona": 36 }, "geometry": { "type": "Polygon", "coordinates": [ [ [ 651162.496731021441519, 5593831.129015423357487 ], [ 651233.935656810528599, 5594003.192183235660195 ], [ 651124.914237881777808, 5594167.964454254135489 ], [ 650944.45094024844002, 5594160.676948618143797 ], [ 650873.008017857908271, 5593988.61296636518091 ], [ 650982.032389832893386, 5593823.837304165586829 ], [ 651162.496731021441519, 5593831.129015423357487 ] ] ] } },
{ "type": "Feature", "properties": { "h3_index": "89ce8c0c647ffff", "pop_h3": 135.59634481179685, "eod_zona": 3 }, "geometry": { "type": "Polygon", "coordinates": [ [ [ 649474.040660306578502, 5591901.615830510854721 ], [ 649545.511322695296258, 5592073.729460929520428 ], [ 649436.467975682578981, 5592238.526996640488505 ], [ 649255.951011055032723, 5592231.214291295036674 ], [ 649184.476351665565744, 5592059.099842987023294 ], [ 649293.522654033731669, 5591894.298917889595032 ], [ 649474.040660306578502, 5591901.615830510854721 ] ] ] } },
{ "type": "Feature", "properties": { "h3_index": "89ce8c01b73ffff", "pop_h3": 0.0, "eod_zona": 60 }, "geometry": { "type": "Polygon", "coordinates": [ [ [ 649973.515588239883073, 5584982.571143445558846 ], [ 650044.998970419750549, 5585154.789800035767257 ], [ 649935.94024150678888, 5585319.605803335085511 ], [ 649755.395170563133433, 5585312.206529997289181 ], [ 649683.907796652405523, 5585139.98704388923943 ], [ 649792.969485546462238, 5584975.167660612612963 ], [ 649973.515588239883073, 5584982.571143445558846 ] ] ] } },
{ "type": "Feature", "properties": { "h3_index": "89ce8c0f057ffff", "pop_h3": 1541.113989846983, "eod_zona": 43 }, "geometry": { "type": "Polygon", "coordinates": [ [ [ 651801.430239005363546, 5588104.0495127113536 ], [ 651872.876278217183426, 5588276.197116352617741 ], [ 651763.844302216311917, 5588440.9823217689991 ], [ 651583.363330382853746, 5588433.623306821100414 ], [ 651511.913299154257402, 5588261.474879143759608 ], [ 651620.94823189964518, 5588096.686290425248444 ], [ 651801.430239005363546, 5588104.0495127113536 ] ] ] } },
{ "type": "Feature", "properties": { "h3_index": "89ce8c0d523ffff", "pop_h3": 0.0, "eod_zona": 36 }, "geometry": { "type": "Polygon", "coordinates": [ [ [ 650117.218652635347098, 5593450.509385405108333 ], [ 650188.674821056658402, 5593622.590734015218914 ], [ 650079.64221386006102, 5593787.37580172996968 ], [ 649899.150484468555078, 5593780.082911957986653 ], [ 649827.690318638109602, 5593608.000748143531382 ], [ 649936.725879736244678, 5593443.212289283052087 ], [ 650117.218652635347098, 5593450.509385405108333 ] ] ] } },
{ "type": "Feature", "properties": { "h3_index": "89ce8c0f35bffff", "pop_h3": 13.637865660032922, "eod_zona": 34 }, "geometry": { "type": "Polygon", "coordinates": [ [ [ 652079.729750441969372, 5590484.459261417388916 ], [ 652151.164457977982238, 5590656.565520346164703 ], [ 652042.142104706726968, 5590821.339418538846076 ], [ 651861.68208912643604, 5590814.010444113984704 ], [ 651790.243388222181238, 5590641.903365202248096 ], [ 651899.268696396495216, 5590477.126080674119294 ], [ 652079.729750441969372, 5590484.459261417388916 ] ] ] } },
{ "type": "Feature", "properties": { "h3_index": "89ce8c05217ffff", "pop_h3": 0.0, "eod_zona": 50 }, "geometry": { "type": "Polygon", "coordinates": [ [ [ 641656.77741194574628, 5586335.280976225621998 ], [ 641728.384781366679817, 5586507.574082338251173 ], [ 641619.249693415127695, 5586672.476631156168878 ], [ 641438.5042724898085, 5586665.089459357783198 ], [ 641366.892901932820678, 5586492.795525045134127 ], [ 641476.030953569570556, 5586327.889590710401535 ], [ 641656.77741194574628, 5586335.280976225621998 ] ] ] } },
{ "type": "Feature", "properties": { "h3_index": "89ce8c0d0c3ffff", "pop_h3": 486.25632895064155, "eod_zona": 37 }, "geometry": { "type": "Polygon", "coordinates": [ [ [ 653113.487275006948039, 5593402.482435854151845 ], [ 653184.897393669001758, 5593574.529954760335386 ], [ 653075.893529004300945, 5593739.282332119531929 ], [ 652895.476593545405194, 5593731.990580282174051 ], [ 652824.062480566324666, 5593559.942246434278786 ], [ 652933.069297489942983, 5593395.186479341238737 ], [ 653113.487275006948039, 5593402.482435854151845 ] ] ] } },
{ "type": "Feature", "properties": { "h3_index": "89ce8c0f12bffff", "pop_h3": 0.0, "eod_zona": 4 }, "geometry": { "type": "Polygon", "coordinates": [ [ [ 648868.301418957882561, 5590015.470183261670172 ], [ 648939.786981424083933, 5590187.621050900779665 ], [ 648830.732267513987608, 5590352.431795835494995 ], [ 648650.189034228213131, 5590345.095060263760388 ], [ 648578.699475437868387, 5590172.94337147846818 ], [ 648687.757146383984946, 5590008.12923938408494 ], [ 648868.301418957882561, 5590015.470183261670172 ] ] ] } },
{ "type": "Feature", "properties": { "h3_index": "89ce8c0e11bffff", "pop_h3": 0.0, "eod_zona": 57 }, "geometry": { "type": "Polygon", "coordinates": [ [ [ 643965.012501209042966, 5587615.005942517891526 ], [ 644036.580612004734576, 5587787.251899607479572 ], [ 643927.471555360825732, 5587952.12472602725029 ], [ 643746.79142656410113, 5587944.75498151499778 ], [ 643675.219316102098674, 5587772.508198657073081 ], [ 643784.331334226997569, 5587607.631986057385802 ], [ 643965.012501209042966, 5587615.005942517891526 ] ] ] } },
{ "type": "Feature", "properties": { "h3_index": "89ce8c01b4bffff", "pop_h3": 0.0, "eod_zona": 55 }, "geometry": { "type": "Polygon", "coordinates": [ [ [ 650804.706605823710561, 5584847.374355343170464 ], [ 650876.177599873975851, 5585019.585569597780704 ], [ 650767.126516861841083, 5585184.392922531813383 ], [ 650586.601480321027339, 5585176.992440612986684 ], [ 650515.126495477044955, 5585004.780396706424654 ], [ 650624.180538099724799, 5584839.969664346426725 ], [ 650804.706605823710561, 5584847.374355343170464 ] ] ] } },
{ "type": "Feature", "properties": { "h3_index": "89ce8c0d2b3ffff", "pop_h3": 0.0, "eod_zona": 37 }, "geometry": { "type": "Polygon", "coordinates": [ [ [ 653504.327525985660031, 5594771.48381507024169 ], [ 653575.727547587361187, 5594943.504841440357268 ], [ 653466.731449852581136, 5595108.248130112886429 ], [ 653286.332379570812918, 5595100.973783758468926 ], [ 653214.928363114362583, 5594928.951944801025093 ], [ 653323.927411921089515, 5594764.205264762975276 ], [ 653504.327525985660031, 5594771.48381507024169 ] ] ] } },
{ "type": "Feature", "properties": { "h3_index": "89ce8c0f507ffff", "pop_h3": 68.742381768816372, "eod_zona": 62 }, "geometry": { "type": "Polygon", "coordinates": [ [ [ 649206.433144357171841, 5586982.558301601558924 ], [ 649277.922439554939047, 5587154.753832725808024 ], [ 649168.862124302540906, 5587319.571366949006915 ], [ 648988.309554986655712, 5587312.196753007359803 ], [ 648916.816265895497054, 5587140.000395654700696 ], [ 649025.879540143883787, 5586975.179478451609612 ], [ 649206.433144357171841, 5586982.558301601558924 ] ] ] } },
{ "type": "Feature", "properties": { "h3_index": "89ce8c0f53bffff", "pop_h3": 117.99890734692468, "eod_zona": 62 }, "geometry": { "type": "Polygon", "coordinates": [ [ [ 649168.862124302540906, 5587319.571366949006915 ], [ 649240.351005085161887, 5587491.761938748881221 ], [ 649131.291310583474115, 5587656.578722295351326 ], [ 648950.739776650676504, 5587649.208317461423576 ], [ 648879.246901707374491, 5587477.016919997520745 ], [ 648988.309554986655712, 5587312.196753007359803 ], [ 649168.862124302540906, 5587319.571366949006915 ] ] ] } },
{ "type": "Feature", "properties": { "h3_index": "89ce8c0c47bffff", "pop_h3": 0.0, "eod_zona": 49 }, "geometry": { "type": "Polygon", "coordinates": [ [ [ 647672.279188191634603, 5590982.364966086111963 ], [ 647743.780324293649755, 5591154.514147939160466 ], [ 647634.716911033960059, 5591319.334645945578814 ], [ 647454.149404783500358, 5591312.009351057931781 ], [ 647382.644270475488156, 5591139.859349557198584 ], [ 647491.710640751640312, 5590975.035462566651404 ], [ 647672.279188191634603, 5590982.364966086111963 ] ] ] } },
{ "type": "Feature", "properties": { "h3_index": "89ce8c01b43ffff", "pop_h3": 0.0, "eod_zona": 55 }, "geometry": { "type": "Polygon", "coordinates": [ [ [ 650552.70513817097526, 5584667.752667491324246 ], [ 650624.180538099724799, 5584839.969664346426725 ], [ 650515.126495477044955, 5585004.780396706424654 ], [ 650334.594093178748153, 5584997.37751148454845 ], [ 650263.11470232787542, 5584825.159684644080698 ], [ 650372.171704826294445, 5584660.345572989434004 ], [ 650552.70513817097526, 5584667.752667491324246 ] ] ] } },
{ "type": "Feature", "properties": { "h3_index": "89ce8c0f5d7ffff", "pop_h3": 0.0, "eod_zona": 59 }, "geometry": { "type": "Polygon", "coordinates": [ [ [ 649860.790157154202461, 5585993.658023681491613 ], [ 649932.272295450093225, 5586165.861815564334393 ], [ 649823.215420180349611, 5586330.675580649636686 ], [ 649642.673447416862473, 5586323.288935201242566 ], [ 649571.18731657625176, 5586151.084315495565534 ], [ 649680.247151175048202, 5585986.267169038765132 ], [ 649860.790157154202461, 5585993.658023681491613 ] ] ] } },
{ "type": "Feature", "properties": { "h3_index": "89ce8c05ab3ffff", "pop_h3": 35.562986548902401, "eod_zona": 58 }, "geometry": { "type": "Polygon", "coordinates": [ [ [ 636830.083948907558806, 5590542.245079419575632 ], [ 636901.753377871122211, 5590714.526541190221906 ], [ 636792.584272262989543, 5590879.467462854459882 ], [ 636611.742774435086176, 5590872.130316018126905 ], [ 636540.069336517830379, 5590699.848032610490918 ], [ 636649.241405512089841, 5590534.903717655688524 ], [ 636830.083948907558806, 5590542.245079419575632 ] ] ] } },
{ "type": "Feature", "properties": { "h3_index": "89ce8c0f32fffff", "pop_h3": 254.96897229521196, "eod_zona": 38 }, "geometry": { "type": "Polygon", "coordinates": [ [ [ 650342.681636775145307, 5591429.190398787148297 ], [ 650414.140310580609366, 5591601.301574135199189 ], [ 650305.103956331731752, 5591766.09123174007982 ], [ 650124.605973198311403, 5591758.773102343082428 ], [ 650053.143303604098037, 5591586.661108405329287 ], [ 650162.182613059179857, 5591421.868062431924045 ], [ 650342.681636775145307, 5591429.190398787148297 ] ] ] } },
{ "type": "Feature", "properties": { "h3_index": "89ce8c0d66bffff", "pop_h3": 0.0, "eod_zona": 33 }, "geometry": { "type": "Polygon", "coordinates": [ [ [ 654951.193515641149133, 5593984.20959750842303 ], [ 655022.573569015134126, 5594156.226557456888258 ], [ 654913.589124714024365, 5594320.956742488779128 ], [ 654733.221676351153292, 5594313.67335722129792 ], [ 654661.83763013780117, 5594141.655583525076509 ], [ 654770.825025257421657, 5593976.922008818015456 ], [ 654951.193515641149133, 5593984.20959750842303 ] ] ] } },
{ "type": "Feature", "properties": { "h3_index": "89ce8c0e64bffff", "pop_h3": 0.0, "eod_zona": 62 }, "geometry": { "type": "Polygon", "coordinates": [ [ [ 648777.463621172006242, 5585949.309912086464465 ], [ 648848.962559237144887, 5586121.52692901622504 ], [ 648739.895084573072381, 5586286.352725801058114 ], [ 648559.325712007237598, 5586278.964887435548007 ], [ 648487.822780326474458, 5586106.747042479924858 ], [ 648596.893214956624433, 5585941.917863894253969 ], [ 648777.463621172006242, 5585949.309912086464465 ] ] ] } },
{ "type": "Feature", "properties": { "h3_index": "89ce8c0f3b7ffff", "pop_h3": 499.23750485756284, "eod_zona": 11 }, "geometry": { "type": "Polygon", "coordinates": [ [ [ 649951.471173116122372, 5590059.511695884168148 ], [ 650022.939921763609163, 5590231.64934688154608 ], [ 649913.895787467015907, 5590396.4480608291924 ], [ 649733.379948261426762, 5590389.112510484643281 ], [ 649661.907204366289079, 5590216.974038541316986 ], [ 649770.954295055940747, 5590052.171937862411141 ], [ 649951.471173116122372, 5590059.511695884168148 ] ] ] } },
{ "type": "Feature", "properties": { "h3_index": "89ce8c05063ffff", "pop_h3": 0.0, "eod_zona": 50 }, "geometry": { "type": "Polygon", "coordinates": [ [ [ 640319.827688847435638, 5586111.224960478954017 ], [ 640391.456280190264806, 5586283.537097210995853 ], [ 640282.3076379817212, 5586448.455076794140041 ], [ 640101.527439965400845, 5586441.064305446110666 ], [ 640029.894846278475598, 5586268.751339983195066 ], [ 640139.046453078277409, 5586103.829974575899541 ], [ 640319.827688847435638, 5586111.224960478954017 ] ] ] } },
{ "type": "Feature", "properties": { "h3_index": "89ce8c05023ffff", "pop_h3": 175.25925359425955, "eod_zona": 50 }, "geometry": { "type": "Polygon", "coordinates": [ [ [ 639525.033932231133804, 5585909.319272359833121 ], [ 639596.675337905879132, 5586081.643821839243174 ], [ 639487.518435802776366, 5586246.571210739202797 ], [ 639306.717162978020497, 5586239.177436050958931 ], [ 639235.07175429223571, 5586066.852057411335409 ], [ 639344.23162157414481, 5585901.921282596886158 ], [ 639525.033932231133804, 5585909.319272359833121 ] ] ] } },
{ "type": "Feature", "properties": { "h3_index": "89ce8c08da7ffff", "pop_h3": 711.11170033845769, "eod_zona": 24 }, "geometry": { "type": "Polygon", "coordinates": [ [ [ 653966.85819657088723, 5588192.392724957317114 ], [ 654038.270633925916627, 5588364.513900089077652 ], [ 653929.259842175291851, 5588529.275054142810404 ], [ 653748.833657734212466, 5588521.918415481224656 ], [ 653677.417230511782691, 5588349.796416711993515 ], [ 653786.430977726355195, 5588185.031880216673017 ], [ 653966.85819657088723, 5588192.392724957317114 ] ] ] } },
{ "type": "Feature", "properties": { "h3_index": "89ce8c0d4d3ffff", "pop_h3": 673.80009618647387, "eod_zona": 32 }, "geometry": { "type": "Polygon", "coordinates": [ [ [ 653414.244399816845544, 5590707.876846962608397 ], [ 653485.657885336317122, 5590879.964111424051225 ], [ 653376.649066432961263, 5591044.722597820684314 ], [ 653196.223808139213361, 5591037.397205761633813 ], [ 653124.806330458028242, 5590865.309121846221387 ], [ 653233.818103359546512, 5590700.54724941868335 ], [ 653414.244399816845544, 5590707.876846962608397 ] ] ] } },
{ "type": "Feature", "properties": { "h3_index": "89ce8c08d97ffff", "pop_h3": 64.470919192085162, "eod_zona": 24 }, "geometry": { "type": "Polygon", "coordinates": [ [ [ 654620.917984480503947, 5587203.830680143088102 ], [ 654692.323284677462652, 5587375.960120621137321 ], [ 654583.315951232216321, 5587540.717517918907106 ], [ 654402.900361919077113, 5587533.348855551332235 ], [ 654331.491073199780658, 5587361.218589843250811 ], [ 654440.50136244436726, 5587196.457811708562076 ], [ 654620.917984480503947, 5587203.830680143088102 ] ] ] } },
{ "type": "Feature", "properties": { "h3_index": "89ce8c0e293ffff", "pop_h3": 0.0, "eod_zona": 62 }, "geometry": { "type": "Polygon", "coordinates": [ [ [ 647329.172696119640023, 5586736.53997677564621 ], [ 647400.69160630449187, 5586908.761131501756608 ], [ 647291.612440484692343, 5587073.600098924711347 ], [ 647111.011404389282688, 5587066.221295095980167 ], [ 647039.48849856806919, 5586893.99931350722909 ], [ 647148.570624609244987, 5586729.156962586566806 ], [ 647329.172696119640023, 5586736.53997677564621 ] ] ] } },
{ "type": "Feature", "properties": { "h3_index": "89ce8c0ab27ffff", "pop_h3": 421.97732781434507, "eod_zona": 48 }, "geometry": { "type": "Polygon", "coordinates": [ [ [ 654406.692425615154207, 5586687.420885650441051 ], [ 654478.102554837591015, 5586859.561062519438565 ], [ 654369.091653432580642, 5587024.322590010240674 ], [ 654188.667666650959291, 5587016.947320862673223 ], [ 654117.253549044951797, 5586844.806317868642509 ], [ 654226.267406731611118, 5586680.041410126723349 ], [ 654406.692425615154207, 5586687.420885650441051 ] ] ] } },
{ "type": "Feature", "properties": { "h3_index": "89ce8c0518fffff", "pop_h3": 5.9415390688376748, "eod_zona": 52 }, "geometry": { "type": "Polygon", "coordinates": [ [ [ 637897.64868179964833, 5585842.730190644972026 ], [ 637969.315315228770487, 5586015.074606497772038 ], [ 637860.142528464319184, 5586180.020068498328328 ], [ 637679.300142260384746, 5586172.62450117431581 ], [ 637607.629504206473939, 5586000.279255857691169 ], [ 637716.805257112602703, 5585835.33040730189532 ], [ 637897.64868179964833, 5585842.730190644972026 ] ] ] } },
{ "type": "Feature", "properties": { "h3_index": "89ce8c0d5c3ffff", "pop_h3": 9.8401069599338715, "eod_zona": 36 }, "geometry": { "type": "Polygon", "coordinates": [ [ [ 651350.41226752451621, 5592146.865732242353261 ], [ 651421.853287963429466, 5592318.953758727759123 ], [ 651312.828751861234196, 5592483.729861613363028 ], [ 651132.360241314512677, 5592476.421326859854162 ], [ 651060.91522562073078, 5592304.332483113743365 ], [ 651169.942715858342126, 5592139.552991360425949 ], [ 651350.41226752451621, 5592146.865732242353261 ] ] ] } },
{ "type": "Feature", "properties": { "h3_index": "89ce8c0d47bffff", "pop_h3": 85.249696424102353, "eod_zona": 33 }, "geometry": { "type": "Polygon", "coordinates": [ [ [ 653226.26970904506743, 5592392.04832652490586 ], [ 653297.681090892874636, 5592564.110756161622703 ], [ 653188.675365350209177, 5592728.865431316196918 ], [ 653008.25530517695006, 5592721.561065153218806 ], [ 652936.839929820038378, 5592549.497818883508444 ], [ 653045.848608272732235, 5592384.739755384624004 ], [ 653226.26970904506743, 5592392.04832652490586 ] ] ] } },
{ "type": "Feature", "properties": { "h3_index": "89ce8c052afffff", "pop_h3": 0.0, "eod_zona": 50 }, "geometry": { "type": "Polygon", "coordinates": [ [ [ 641076.999727662885562, 5586650.314518905244768 ], [ 641148.615099759539589, 5586822.609281178563833 ], [ 641039.475349716143683, 5586987.517102535814047 ], [ 640858.717263919650577, 5586980.133547798730433 ], [ 640787.097889877622947, 5586807.837957793846726 ], [ 640896.240603705518879, 5586642.926750235259533 ], [ 641076.999727662885562, 5586650.314518905244768 ] ] ] } },
{ "type": "Feature", "properties": { "h3_index": "89ce8c05aabffff", "pop_h3": 0.0, "eod_zona": 58 }, "geometry": { "type": "Polygon", "coordinates": [ [ [ 637045.087423490011133, 5591059.078691487200558 ], [ 637116.752039920538664, 5591231.3493797397241 ], [ 637007.586541370837949, 5591396.286145909689367 ], [ 636826.753463620785624, 5591388.955617686733603 ], [ 636755.084838099079207, 5591216.684108696877956 ], [ 636864.253299547359347, 5591051.743948644958436 ], [ 637045.087423490011133, 5591059.078691487200558 ] ] ] } },
{ "type": "Feature", "properties": { "h3_index": "89ce8c0f4a3ffff", "pop_h3": 0.0, "eod_zona": 45 }, "geometry": { "type": "Polygon", "coordinates": [ [ [ 650729.546628474025056, 5585521.405791817232966 ], [ 650801.016791563015431, 5585693.607098833657801 ], [ 650691.966940980637446, 5585858.412961448542774 ], [ 650511.443968262523413, 5585851.020897376351058 ], [ 650439.969813842792064, 5585678.818761838600039 ], [ 650549.022623598575592, 5585514.009518871083856 ], [ 650729.546628474025056, 5585521.405791817232966 ] ] ] } },
{ "type": "Feature", "properties": { "h3_index": "89ce8c0f2b7ffff", "pop_h3": 783.46169763997568, "eod_zona": 16 }, "geometry": { "type": "Polygon", "coordinates": [ [ [ 651978.176338513381779, 5588957.399506695568562 ], [ 652049.617131716338918, 5589129.53140455391258 ], [ 651940.589347686385736, 5589294.311717743985355 ], [ 651760.117814537603408, 5589286.963517404161394 ], [ 651688.673028909950517, 5589114.830796969123185 ], [ 651797.703768980456516, 5588950.047099427320063 ], [ 651978.176338513381779, 5588957.399506695568562 ] ] ] } },
{ "type": "Feature", "properties": { "h3_index": "89ce8c0f54fffff", "pop_h3": 490.14257220760487, "eod_zona": 63 }, "geometry": { "type": "Polygon", "coordinates": [ [ [ 650252.08164671715349, 5587363.814882352948189 ], [ 650323.553723641904071, 5587535.992232579737902 ], [ 650214.504622211796232, 5587700.796985242515802 ], [ 650033.980485846172087, 5587693.427770670503378 ], [ 649962.504415831528604, 5587521.249594974331558 ], [ 650071.556475401041098, 5587356.441459299065173 ], [ 650252.08164671715349, 5587363.814882352948189 ] ] ] } },
{ "type": "Feature", "properties": { "h3_index": "89ce8c0f637ffff", "pop_h3": 1388.4416969794834, "eod_zona": 22 }, "geometry": { "type": "Polygon", "coordinates": [ [ [ 652418.027543990523554, 5587452.28048191126436 ], [ 652489.466018618550152, 5587624.431395081803203 ], [ 652380.438105746521614, 5587789.212091205641627 ], [ 652199.968761517084204, 5587781.845256289467216 ], [ 652128.526295950403437, 5587609.69351805280894 ], [ 652237.557165682897903, 5587444.909439772367477 ], [ 652418.027543990523554, 5587452.28048191126436 ] ] ] } },
{ "type": "Feature", "properties": { "h3_index": "89ce8c0f33bffff", "pop_h3": 269.81201226591509, "eod_zona": 7 }, "geometry": { "type": "Polygon", "coordinates": [ [ [ 650669.790858660358936, 5590934.821006614714861 ], [ 650741.245954625424929, 5591106.936330828815699 ], [ 650632.211309974314645, 5591271.724123462103307 ], [ 650451.718614114797674, 5591264.399979424662888 ], [ 650380.259523033630103, 5591092.283835822716355 ], [ 650489.297123058349825, 5590927.492655622772872 ], [ 650669.790858660358936, 5590934.821006614714861 ] ] ] } },
{ "type": "Feature", "properties": { "h3_index": "89ce8c051bbffff", "pop_h3": 128.12412146410054, "eod_zona": 52 }, "geometry": { "type": "Polygon", "coordinates": [ [ [ 637607.629504206473939, 5586000.279255857691169 ], [ 637679.300142260384746, 5586172.62450117431581 ], [ 637570.125027209171094, 5586337.572601514868438 ], [ 637389.276308042462915, 5586330.178843409754336 ], [ 637317.601664962829091, 5586157.832768860273063 ], [ 637426.77974620484747, 5585992.881281622685492 ], [ 637607.629504206473939, 5586000.279255857691169 ] ] ] } },
{ "type": "Feature", "properties": { "h3_index": "89ce8c0c633ffff", "pop_h3": 121.26829047367598, "eod_zona": 2 }, "geometry": { "type": "Polygon", "coordinates": [ [ [ 648390.864142263890244, 5591857.711398747749627 ], [ 648462.351625772076659, 5592029.838242921978235 ], [ 648353.297708598314784, 5592194.647810117341578 ], [ 648172.753352049272507, 5592187.33392293471843 ], [ 648101.261870465707034, 5592015.206260670907795 ], [ 648210.318743633106351, 5591850.393303658813238 ], [ 648390.864142263890244, 5591857.711398747749627 ] ] ] } },
{ "type": "Feature", "properties": { "h3_index": "89ce8c0f5abffff", "pop_h3": 86.9850083870665, "eod_zona": 62 }, "geometry": { "type": "Polygon", "coordinates": [ [ [ 648954.385836987639777, 5586802.978162034414709 ], [ 649025.879540143883787, 5586975.179478451609612 ], [ 648916.816265895497054, 5587140.000395654700696 ], [ 648736.256329361116514, 5587132.623379276134074 ], [ 648664.758632182376459, 5586960.421236297115684 ], [ 648773.824865691829473, 5586795.596936237998307 ], [ 648954.385836987639777, 5586802.978162034414709 ] ] ] } },
{ "type": "Feature", "properties": { "h3_index": "89ce8c0525bffff", "pop_h3": 0.0, "eod_zona": 57 }, "geometry": { "type": "Polygon", "coordinates": [ [ [ 642993.462479962036014, 5586559.29276511259377 ], [ 643065.04862866923213, 5586731.566844345070422 ], [ 642955.927094248821959, 5586896.453964877873659 ], [ 642775.216448474675417, 5586889.070391368120909 ], [ 642703.626299835625105, 5586716.795484470203519 ], [ 642812.750797031214461, 5586551.904978722333908 ], [ 642993.462479962036014, 5586559.29276511259377 ] ] ] } },
{ "type": "Feature", "properties": { "h3_index": "89ce8c0519bffff", "pop_h3": 0.22101185001931614, "eod_zona": 52 }, "geometry": { "type": "Polygon", "coordinates": [ [ [ 638225.167260988149792, 5585347.893453491851687 ], [ 638296.830291502410546, 5585520.242002394981682 ], [ 638187.659196995780803, 5585685.185573230497539 ], [ 638006.822105793980882, 5585677.78398089017719 ], [ 637935.155071330373175, 5585505.434601723216474 ], [ 638044.329132145969197, 5585340.487645138055086 ], [ 638225.167260988149792, 5585347.893453491851687 ] ] ] } },
{ "type": "Feature", "properties": { "h3_index": "89ce8c0c6c7ffff", "pop_h3": 437.4770174756647, "eod_zona": 4 }, "geometry": { "type": "Polygon", "coordinates": [ [ [ 649297.19065887958277, 5591048.321615900844336 ], [ 649368.666566613712348, 5591220.450973280705512 ], [ 649259.619014293886721, 5591385.253422793932259 ], [ 649079.092598311952315, 5591377.929903239943087 ], [ 649007.612693984177895, 5591205.799726506695151 ], [ 649116.663202363532037, 5591040.993888658471406 ], [ 649297.19065887958277, 5591048.321615900844336 ] ] ] } },
{ "type": "Feature", "properties": { "h3_index": "89ce8c0e6cbffff", "pop_h3": 0.0, "eod_zona": 59 }, "geometry": { "type": "Polygon", "coordinates": [ [ [ 648600.524670511484146, 5585095.573995106853545 ], [ 648672.028841518098488, 5585267.80670830514282 ], [ 648562.957166921114549, 5585432.637378996238112 ], [ 648382.378360770992003, 5585425.238717213273048 ], [ 648310.870196554460563, 5585253.005174526944757 ], [ 648419.944831826374866, 5585088.171123089268804 ], [ 648600.524670511484146, 5585095.573995106853545 ] ] ] } },
{ "type": "Feature", "properties": { "h3_index": "89ce8c0d4afffff", "pop_h3": 128.36647238794916, "eod_zona": 35 }, "geometry": { "type": "Polygon", "coordinates": [ [ [ 651929.380373491789214, 5591831.945529230870306 ], [ 652000.813404629938304, 5592004.031920492649078 ], [ 651891.793532826704904, 5592168.802773430012167 ], [ 651711.337675981922075, 5592161.49062327016145 ], [ 651639.900650397408754, 5591989.403414281085134 ], [ 651748.923476232681423, 5591824.629173155874014 ], [ 651929.380373491789214, 5591831.945529230870306 ] ] ] } },
{ "type": "Feature", "properties": { "h3_index": "89ce8c08927ffff", "pop_h3": 21.431450367755801, "eod_zona": 32 }, "geometry": { "type": "Polygon", "coordinates": [ [ [ 653880.299200233072042, 5591403.52500044927001 ], [ 653951.703439065953717, 5591575.595730254426599 ], [ 653842.701144781662151, 5591740.346682889387012 ], [ 653662.291658547706902, 5591733.0302924355492 ], [ 653590.883427550434135, 5591560.958744403906167 ], [ 653699.888675079680979, 5591396.204405031166971 ], [ 653880.299200233072042, 5591403.52500044927001 ] ] ] } },
{ "type": "Feature", "properties": { "h3_index": "89ce8c0f27bffff", "pop_h3": 754.00606461626182, "eod_zona": 31 }, "geometry": { "type": "Polygon", "coordinates": [ [ [ 653489.435657162917778, 5590034.168175012804568 ], [ 653560.849983581108972, 5590206.265367664396763 ], [ 653451.839930167305283, 5590371.025372111238539 ], [ 653271.412596035865135, 5590363.691568985581398 ], [ 653199.994277997408062, 5590191.593555752187967 ], [ 653309.007285843603313, 5590026.830166201107204 ], [ 653489.435657162917778, 5590034.168175012804568 ] ] ] } },
{ "type": "Feature", "properties": { "h3_index": "89ce8c089abffff", "pop_h3": 0.0, "eod_zona": 32 }, "geometry": { "type": "Polygon", "coordinates": [ [ [ 654244.906317521817982, 5590572.442034211009741 ], [ 654316.307407601270825, 5590744.521875280886889 ], [ 654207.30621587682981, 5590909.271723681129515 ], [ 654026.900980572798289, 5590901.945116459392011 ], [ 653955.495899273781106, 5590729.864455802366138 ], [ 654064.500044627580792, 5590565.111221929080784 ], [ 654244.906317521817982, 5590572.442034211009741 ] ] ] } },
{ "type": "Feature", "properties": { "h3_index": "89ce8c0d583ffff", "pop_h3": 0.0, "eod_zona": 36 }, "geometry": { "type": "Polygon", "coordinates": [ [ [ 650557.052827689098194, 5591945.513168454170227 ], [ 650628.506670768954791, 5592117.613587142899632 ], [ 650519.473894737311639, 5592282.399093112908304 ], [ 650338.98432103486266, 5592275.087569325231016 ], [ 650267.526482026325539, 5592102.986332943663001 ], [ 650376.562212780001573, 5591938.197438016533852 ], [ 650557.052827689098194, 5591945.513168454170227 ] ] ] } },
{ "type": "Feature", "properties": { "h3_index": "89ce8c0e60fffff", "pop_h3": 0.0, "eod_zona": 62 }, "geometry": { "type": "Polygon", "coordinates": [ [ [ 647693.972681293962523, 5585904.954638491384685 ], [ 647765.488420924637467, 5586077.184882497414947 ], [ 647656.410347674041986, 5586242.022712728008628 ], [ 647475.813574314466678, 5586234.63368115760386 ], [ 647404.293839991325513, 5586062.402608923614025 ], [ 647513.374873850843869, 5585897.56139646563679 ], [ 647693.972681293962523, 5585904.954638491384685 ] ] ] } },
{ "type": "Feature", "properties": { "h3_index": "89ce8c01b7bffff", "pop_h3": 0.0, "eod_zona": 60 }, "geometry": { "type": "Polygon", "coordinates": [ [ [ 650225.537707125535235, 5585162.190879369154572 ], [ 650297.016683162655681, 5585334.403752693906426 ], [ 650187.960913962335326, 5585499.216375892050564 ], [ 650007.423209141474217, 5585491.8195058433339 ], [ 649935.94024150678888, 5585319.605803335085511 ], [ 650044.998970419750549, 5585154.789800035767257 ], [ 650225.537707125535235, 5585162.190879369154572 ] ] ] } },
{ "type": "Feature", "properties": { "h3_index": "89ce8c0d54fffff", "pop_h3": 0.0, "eod_zona": 36 }, "geometry": { "type": "Polygon", "coordinates": [ [ [ 651489.561154881026596, 5593336.811753534711897 ], [ 651560.996503833099268, 5593508.879079483449459 ], [ 651451.976790032698773, 5593673.649495632387698 ], [ 651271.518774194526486, 5593666.355976189486682 ], [ 651200.079429312609136, 5593494.287835003808141 ], [ 651309.102096326183528, 5593329.514028475619853 ], [ 651489.561154881026596, 5593336.811753534711897 ] ] ] } },
{ "type": "Feature", "properties": { "h3_index": "89ce8c0e2bbffff", "pop_h3": 0.0, "eod_zona": 49 }, "geometry": { "type": "Polygon", "coordinates": [ [ [ 646964.371517739491537, 5587568.120767874643207 ], [ 647035.893599631264806, 5587740.332827537320554 ], [ 646926.813345934380777, 5587905.17292651347816 ], [ 646746.208050637273118, 5587897.804350570775568 ], [ 646674.681972163263708, 5587725.591465410776436 ], [ 646783.765185697935522, 5587560.747981668449938 ], [ 646964.371517739491537, 5587568.120767874643207 ] ] ] } },
{ "type": "Feature", "properties": { "h3_index": "89ce8c0d577ffff", "pop_h3": 0.0, "eod_zona": 36 }, "geometry": { "type": "Polygon", "coordinates": [ [ [ 650658.669582393020391, 5593472.399494542740285 ], [ 650730.117338818265125, 5593644.474239189177752 ], [ 650621.090013529639691, 5593809.253292444162071 ], [ 650440.611978363711387, 5593801.960991966538131 ], [ 650369.160225066239946, 5593629.885432218201458 ], [ 650478.1905039367266, 5593465.102988028898835 ], [ 650658.669582393020391, 5593472.399494542740285 ] ] ] } },
{ "type": "Feature", "properties": { "h3_index": "89ce8c0f1bbffff", "pop_h3": 3.2851219208388955, "eod_zona": 4 }, "geometry": { "type": "Polygon", "coordinates": [ [ [ 648728.971520441118628, 5588825.025889717042446 ], [ 648800.462737967376597, 5588997.197439416311681 ], [ 648691.403195607941598, 5589162.013841512612998 ], [ 648510.849477891344577, 5589154.662079528905451 ], [ 648439.354264713940211, 5588982.4897066578269 ], [ 648548.416765033151023, 5588817.669918918982148 ], [ 648728.971520441118628, 5588825.025889717042446 ] ] ] } },
{ "type": "Feature", "properties": { "h3_index": "89ce8c0c63bffff", "pop_h3": 376.38044600549449, "eod_zona": 2 }, "geometry": { "type": "Polygon", "coordinates": [ [ [ 648642.889655294129625, 5592037.153938481584191 ], [ 648714.37272555520758, 5592209.274993514642119 ], [ 648605.321764106862247, 5592374.0811707675457 ], [ 648424.784776801476255, 5592366.76968290656805 ], [ 648353.297708598314784, 5592194.647810117341578 ], [ 648462.351625772076659, 5592029.838242921978235 ], [ 648642.889655294129625, 5592037.153938481584191 ] ] ] } },
{ "type": "Feature", "properties": { "h3_index": "89ce8c0f207ffff", "pop_h3": 491.92955104390643, "eod_zona": 27 }, "geometry": { "type": "Polygon", "coordinates": [ [ [ 652733.85899598360993, 5589495.820668321102858 ], [ 652805.286556774983183, 5589667.935213237069547 ], [ 652696.267639261088334, 5589832.705372614786029 ], [ 652515.818205845425837, 5589825.364371783100069 ], [ 652444.386653030989692, 5589653.249005289748311 ], [ 652553.408525781938806, 5589488.475461182184517 ], [ 652733.85899598360993, 5589495.820668321102858 ] ] ] } },
{ "type": "Feature", "properties": { "h3_index": "89ce8c0d653ffff", "pop_h3": 0.0, "eod_zona": 33 }, "geometry": { "type": "Polygon", "coordinates": [ [ [ 655353.360059267259203, 5592816.502486842684448 ], [ 655424.737391076865606, 5592988.533542287535965 ], [ 655315.753427162650041, 5593153.263406850397587 ], [ 655135.389180144760758, 5593145.965603891760111 ], [ 655064.007856705458835, 5592973.933732773177326 ], [ 655172.99477204028517, 5592809.20048026368022 ], [ 655353.360059267259203, 5592816.502486842684448 ] ] ] } },
{ "type": "Feature", "properties": { "h3_index": "89ce8c05eb3ffff", "pop_h3": 42.723689174610001, "eod_zona": 58 }, "geometry": { "type": "Polygon", "coordinates": [ [ [ 637092.5884479067754, 5588181.527889525517821 ], [ 637164.260686251916923, 5588353.84416008926928 ], [ 637055.087082886951976, 5588518.790387189947069 ], [ 636874.238276385818608, 5588511.423733733594418 ], [ 636802.562030983390287, 5588339.1066375663504 ], [ 636911.738599271513522, 5588174.157020434737206 ], [ 637092.5884479067754, 5588181.527889525517821 ] ] ] } },
{ "type": "Feature", "properties": { "h3_index": "89ce8c0d6cfffff", "pop_h3": 0.0, "eod_zona": 33 }, "geometry": { "type": "Polygon", "coordinates": [ [ [ 655101.613025409867987, 5592637.163640392944217 ], [ 655172.99477204028517, 5592809.20048026368022 ], [ 655064.007856705458835, 5592973.933732773177326 ], [ 654883.636243179091252, 5592966.633533209562302 ], [ 654812.250504784984514, 5592794.59587733168155 ], [ 654921.240371808526106, 5592629.859237001277506 ], [ 655101.613025409867987, 5592637.163640392944217 ] ] ] } },
{ "type": "Feature", "properties": { "h3_index": "89ce8c0f6b3ffff", "pop_h3": 0.0, "eod_zona": 46 }, "geometry": { "type": "Polygon", "coordinates": [ [ [ 652530.797042738529854, 5586441.451411835849285 ], [ 652602.236771585186943, 5586613.617194973863661 ], [ 652493.207012810278684, 5586778.400140482932329 ], [ 652312.734567804727703, 5586771.020683597773314 ], [ 652241.290848828619346, 5586598.854073702357709 ], [ 652350.323565117781982, 5586434.067747427150607 ], [ 652530.797042738529854, 5586441.451411835849285 ] ] ] } },
{ "type": "Feature", "properties": { "h3_index": "89ce8c0f1d3ffff", "pop_h3": 128.66969726132919, "eod_zona": 18 }, "geometry": { "type": "Polygon", "coordinates": [ [ [ 649887.353880722890608, 5588195.215003260411322 ], [ 649958.829119701636955, 5588367.383257943205535 ], [ 649849.778920422075316, 5588532.189137413166463 ], [ 649669.250524539034814, 5588524.830146457068622 ], [ 649597.771291527198628, 5588352.661067667417228 ], [ 649706.824448560248129, 5588187.851803918369114 ], [ 649887.353880722890608, 5588195.215003260411322 ] ] ] } },
{ "type": "Feature", "properties": { "h3_index": "89ce8c05247ffff", "pop_h3": 0.0, "eod_zona": 50 }, "geometry": { "type": "Polygon", "coordinates": [ [ [ 642413.781454663141631, 5586874.302647829987109 ], [ 642485.375603633350693, 5587046.578382157720625 ], [ 642376.249405126785859, 5587211.470773663371801 ], [ 642195.526094897417352, 5587204.090816712006927 ], [ 642123.927945185219869, 5587031.814255187287927 ], [ 642233.057106572086923, 5586866.91847778763622 ], [ 642413.781454663141631, 5586874.302647829987109 ] ] ] } },
{ "type": "Feature", "properties": { "h3_index": "89ce8c0d417ffff", "pop_h3": 420.01726745328466, "eod_zona": 35 }, "geometry": { "type": "Polygon", "coordinates": [ [ [ 652508.313837395748124, 5591517.043057885020971 ], [ 652579.738880848628469, 5591689.127812993712723 ], [ 652470.723675634944811, 5591853.893415507860482 ], [ 652290.280473165214062, 5591846.577650398015976 ], [ 652218.851436073426157, 5591674.49207709543407 ], [ 652327.86959521798417, 5591509.723087074235082 ], [ 652508.313837395748124, 5591517.043057885020971 ] ] ] } },
{ "type": "Feature", "properties": { "h3_index": "89ce8c0c60fffff", "pop_h3": 358.33664510716613, "eod_zona": 2 }, "geometry": { "type": "Polygon", "coordinates": [ [ [ 648932.47294549155049, 5591879.664501463063061 ], [ 649003.952018212177791, 5592051.784738507121801 ], [ 648894.903386018355377, 5592216.588289740495384 ], [ 648714.37272555520758, 5592209.274993514642119 ], [ 648642.889655294129625, 5592037.153938481584191 ], [ 648751.941243163775653, 5591872.346997642889619 ], [ 648932.47294549155049, 5591879.664501463063061 ] ] ] } },
{ "type": "Feature", "properties": { "h3_index": "89ce8c0d043ffff", "pop_h3": 7.192119776752917, "eod_zona": 37 }, "geometry": { "type": "Polygon", "coordinates": [ [ [ 653290.117784122237936, 5594255.399213773198426 ], [ 653361.52264414052479, 5594427.43100109603256 ], [ 653252.522973640356213, 5594592.178451211191714 ], [ 653072.115491691743955, 5594584.897504760883749 ], [ 653000.706636950955726, 5594412.86490395385772 ], [ 653109.709259008057415, 5594248.114063058048487 ], [ 653290.117784122237936, 5594255.399213773198426 ] ] ] } },
{ "type": "Feature", "properties": { "h3_index": "89ce8c0d5bbffff", "pop_h3": 0.28269990967533304, "eod_zona": 36 }, "geometry": { "type": "Polygon", "coordinates": [ [ [ 650229.949214181629941, 5592439.875700651668012 ], [ 650301.406635663472116, 5592611.971966320648789 ], [ 650192.372153119416907, 5592776.759333125315607 ], [ 650011.877294663456269, 5592769.453823996707797 ], [ 649940.415876578073949, 5592597.356741431169212 ], [ 650049.453313676756807, 5592432.56598486751318 ], [ 650229.949214181629941, 5592439.875700651668012 ] ] ] } },
{ "type": "Feature", "properties": { "h3_index": "89ce8c0896bffff", "pop_h3": 0.0, "eod_zona": 32 }, "geometry": { "type": "Polygon", "coordinates": [ [ [ 655214.429692045552656, 5591626.818975199945271 ], [ 655285.812707765377127, 5591798.870716413483024 ], [ 655176.823943403433077, 5591963.60625986661762 ], [ 654996.449211114086211, 5591956.2934485161677 ], [ 654925.062204439425841, 5591784.240889606066048 ], [ 655034.053921141079627, 5591619.501959719695151 ], [ 655214.429692045552656, 5591626.818975199945271 ] ] ] } },
{ "type": "Feature", "properties": { "h3_index": "89ce8c0e043ffff", "pop_h3": 0.0, "eod_zona": 49 }, "geometry": { "type": "Polygon", "coordinates": [ [ [ 646497.649585856124759, 5586871.85509623773396 ], [ 646569.18089545762632, 5587044.083691713400185 ], [ 646460.094096860848367, 5587208.931310742162168 ], [ 646279.473028201377019, 5587201.553718326613307 ], [ 646207.937722024391405, 5587029.324296124279499 ], [ 646317.027481213212013, 5586864.473293039947748 ], [ 646497.649585856124759, 5586871.85509623773396 ] ] ] } },
{ "type": "Feature", "properties": { "h3_index": "89ce8c0f363ffff", "pop_h3": 37.386759415434724, "eod_zona": 40 }, "geometry": { "type": "Polygon", "coordinates": [ [ [ 651173.662006009952165, 5591293.695372332818806 ], [ 651245.108276696526445, 5591465.799123139120638 ], [ 651136.079541989369318, 5591630.580140266567469 ], [ 650955.601581886177883, 5591623.260794379748404 ], [ 650884.151316349394619, 5591451.15622485242784 ], [ 650993.183005893835798, 5591286.371819909662008 ], [ 651173.662006009952165, 5591293.695372332818806 ] ] ] } },
{ "type": "Feature", "properties": { "h3_index": "89ce8c0d68bffff", "pop_h3": 0.0, "eod_zona": 33 }, "geometry": { "type": "Polygon", "coordinates": [ [ [ 654598.083614929812029, 5592278.461403271183372 ], [ 654669.474190549692139, 5592450.509812223725021 ], [ 654560.481371569563635, 5592615.249840252101421 ], [ 654380.095024877227843, 5592607.944846880622208 ], [ 654308.700457225204445, 5592435.895621259696782 ], [ 654417.696228427579626, 5592271.152205654419959 ], [ 654598.083614929812029, 5592278.461403271183372 ] ] ] } },
{ "type": "Feature", "properties": { "h3_index": "89ce8c0c40bffff", "pop_h3": 7.7285579036724261, "eod_zona": 49 }, "geometry": { "type": "Polygon", "coordinates": [ [ [ 647457.766128167044371, 5590465.895904431119561 ], [ 647529.272090017795563, 5590638.055844192393124 ], [ 647420.205092631513253, 5590802.880491524934769 ], [ 647239.629176022252068, 5590795.548587465658784 ], [ 647168.119216101360507, 5590623.387827156111598 ], [ 647277.189170991070569, 5590458.559791431762278 ], [ 647457.766128167044371, 5590465.895904431119561 ] ] ] } },
{ "type": "Feature", "properties": { "h3_index": "89ce8c0e62fffff", "pop_h3": 0.0, "eod_zona": 49 }, "geometry": { "type": "Polygon", "coordinates": [ [ [ 647077.047306951368228, 5586556.930021269246936 ], [ 647148.570624609244987, 5586729.156962586566806 ], [ 647039.48849856806919, 5586893.99931350722909 ], [ 646858.880094506428577, 5586886.618106462992728 ], [ 646787.352781079825945, 5586714.390337951481342 ], [ 646896.437867610133253, 5586549.544603656977415 ], [ 647077.047306951368228, 5586556.930021269246936 ] ] ] } },
{ "type": "Feature", "properties": { "h3_index": "89ce8c0f2c3ffff", "pop_h3": 1033.1515055647349, "eod_zona": 26 }, "geometry": { "type": "Polygon", "coordinates": [ [ [ 653639.820525138406083, 5588686.682198939844966 ], [ 653711.236532361945137, 5588858.799238127656281 ], [ 653602.224014792940579, 5589023.562267623841763 ], [ 653421.792534826090559, 5589016.211641157977283 ], [ 653350.372537058428861, 5588844.093779129907489 ], [ 653459.38800992933102, 5588679.327366384677589 ], [ 653639.820525138406083, 5588686.682198939844966 ] ] ] } },
{ "type": "Feature", "properties": { "h3_index": "89ce8c0f147ffff", "pop_h3": 162.44070990778164, "eod_zona": 14 }, "geometry": { "type": "Polygon", "coordinates": [ [ [ 649737.055272408062592, 5589543.077238989062607 ], [ 649808.528848327230662, 5589715.225641799159348 ], [ 649699.481135108275339, 5589880.028500077314675 ], [ 649518.956889216671698, 5589872.686341664753854 ], [ 649447.479318183613941, 5589700.537117012776434 ], [ 649556.529988286783919, 5589535.73087259195745 ], [ 649737.055272408062592, 5589543.077238989062607 ] ] ] } },
{ "type": "Feature", "properties": { "h3_index": "89ce8c0f0b3ffff", "pop_h3": 93.883753872945846, "eod_zona": 44 }, "geometry": { "type": "Polygon", "coordinates": [ [ [ 650504.071528254658915, 5587543.363253782503307 ], [ 650575.539196479832754, 5587715.534819351509213 ], [ 650466.493052916717716, 5587880.336188872344792 ], [ 650285.976283392054029, 5587872.969375942833722 ], [ 650214.504622211796232, 5587700.796985242515802 ], [ 650323.553723641904071, 5587535.992232579737902 ], [ 650504.071528254658915, 5587543.363253782503307 ] ] ] } },
{ "type": "Feature", "properties": { "h3_index": "89ce8c0d63bffff", "pop_h3": 208.36334809788056, "eod_zona": 33 }, "geometry": { "type": "Polygon", "coordinates": [ [ [ 654195.899288265267387, 5593446.254049411043525 ], [ 654267.292589010321535, 5593618.288366157561541 ], [ 654158.299291449948214, 5593783.028719835914671 ], [ 653977.90974165382795, 5593775.738146047107875 ], [ 653906.512447667773813, 5593603.703014557249844 ], [ 654015.508696849807166, 5593438.959271577186882 ], [ 654195.899288265267387, 5593446.254049411043525 ] ] ] } },
{ "type": "Feature", "properties": { "h3_index": "89ce8c052c7ffff", "pop_h3": 0.0, "eod_zona": 51 }, "geometry": { "type": "Polygon", "coordinates": [ [ [ 642236.520436220103875, 5586020.26521370280534 ], [ 642308.1198045744095, 5586192.55666272342205 ], [ 642198.989381014835089, 5586357.45393852610141 ], [ 642018.256625642185099, 5586350.063150125555694 ], [ 641946.653256956255063, 5586177.770872442051768 ], [ 642055.786644101375714, 5586012.87021179869771 ], [ 642236.520436220103875, 5586020.26521370280534 ] ] ] } },
{ "type": "Feature", "properties": { "h3_index": "89ce8c051b3ffff", "pop_h3": 148.97893769908103, "eod_zona": 19 }, "geometry": { "type": "Polygon", "coordinates": [ [ [ 637355.104702631477267, 5585820.530242625623941 ], [ 637426.77974620484747, 5585992.881281622685492 ], [ 637317.601664962829091, 5586157.832768860273063 ], [ 637136.745573817519471, 5586150.436603848822415 ], [ 637065.066525083268061, 5585978.084735287353396 ], [ 637174.2475727845449, 5585813.129861277528107 ], [ 637355.104702631477267, 5585820.530242625623941 ] ] ] } },
{ "type": "Feature", "properties": { "h3_index": "89ce8c0d513ffff", "pop_h3": 3.0137704078457075, "eod_zona": 36 }, "geometry": { "type": "Polygon", "coordinates": [ [ [ 650771.409525425173342, 5592461.803666886873543 ], [ 650842.858536776504479, 5592633.893327663652599 ], [ 650733.829338662326336, 5592798.674680025316775 ], [ 650553.348175092367455, 5592791.369761131703854 ], [ 650481.895167678128928, 5592619.279283559881151 ], [ 650590.927320026559755, 5592454.494541652500629 ], [ 650771.409525425173342, 5592461.803666886873543 ] ] ] } },
{ "type": "Feature", "properties": { "h3_index": "89ce8c0e157ffff", "pop_h3": 0.0, "eod_zona": 57 }, "geometry": { "type": "Polygon", "coordinates": [ [ [ 644217.254409404937178, 5587794.62345230858773 ], [ 644288.818111970322207, 5587966.863619663752615 ], [ 644179.712016541627236, 5588131.733059774152935 ], [ 643999.039257461670786, 5588124.365718815475702 ], [ 643927.471555360825732, 5587952.12472602725029 ], [ 644036.580612004734576, 5587787.251899607479572 ], [ 644217.254409404937178, 5587794.62345230858773 ] ] ] } },
{ "type": "Feature", "properties": { "h3_index": "89ce8c0f437ffff", "pop_h3": 70.920604912204936, "eod_zona": 45 }, "geometry": { "type": "Polygon", "coordinates": [ [ [ 650654.387454705312848, 5586195.414429686963558 ], [ 650725.856786504155025, 5586367.605826178565621 ], [ 650616.808169972500764, 5586532.41019478533417 ], [ 650436.28726303356234, 5586525.026548160240054 ], [ 650364.813939362298697, 5586352.834324279800057 ], [ 650473.865514633129351, 5586188.026574390009046 ], [ 650654.387454705312848, 5586195.414429686963558 ] ] ] } },
{ "type": "Feature", "properties": { "h3_index": "89ce8c05e17ffff", "pop_h3": 0.0, "eod_zona": 58 }, "geometry": { "type": "Polygon", "coordinates": [ [ [ 637597.606095507391728, 5588540.889156578108668 ], [ 637669.269517607055604, 5588713.193836251273751 ], [ 637560.101843282347545, 5588878.133282910101116 ], [ 637379.267782603623345, 5588870.771440154872835 ], [ 637307.60035371244885, 5588698.46593554597348 ], [ 637416.770992421428673, 5588533.523098602890968 ], [ 637597.606095507391728, 5588540.889156578108668 ] ] ] } },
{ "type": "Feature", "properties": { "h3_index": "89ce8c0524bffff", "pop_h3": 0.0, "eod_zona": 57 }, "geometry": { "type": "Polygon", "coordinates": [ [ [ 642955.927094248821959, 5586896.453964877873659 ], [ 643027.512835762347095, 5587068.723081664182246 ], [ 642918.39193156955298, 5587233.609452059492469 ], [ 642737.682323436485603, 5587226.230091327801347 ], [ 642666.092581722070463, 5587053.960147444158792 ], [ 642775.216448474675417, 5586889.070391368120909 ], [ 642955.927094248821959, 5586896.453964877873659 ] ] ] } },
{ "type": "Feature", "properties": { "h3_index": "89ce8c05e83ffff", "pop_h3": 119.46299065016007, "eod_zona": 23 }, "geometry": { "type": "Polygon", "coordinates": [ [ [ 637672.615315927076153, 5587866.383730484172702 ], [ 637744.279541365453042, 5588038.698349145241082 ], [ 637635.110586497117765, 5588203.639305185526609 ], [ 637454.274441493325867, 5588196.269031891599298 ], [ 637382.606209803838283, 5588023.953587162308395 ], [ 637491.778129498008639, 5587859.009241770021617 ], [ 637672.615315927076153, 5587866.383730484172702 ] ] ] } },
{ "type": "Feature", "properties": { "h3_index": "89ce8c0c2cfffff", "pop_h3": 0.0, "eod_zona": 1 }, "geometry": { "type": "Polygon", "coordinates": [ [ [ 649286.179328578407876, 5593586.114295545034111 ], [ 649357.64790739514865, 5593758.203063929453492 ], [ 649248.607691259356216, 5593922.996770162135363 ], [ 649068.095942164072767, 5593915.705099690705538 ], [ 648996.623364994768053, 5593743.61551623698324 ], [ 649105.666535400087014, 5593578.818418300710618 ], [ 649286.179328578407876, 5593586.114295545034111 ] ] ] } },
{ "type": "Feature", "properties": { "h3_index": "89ce8c0d613ffff", "pop_h3": 0.0, "eod_zona": 33 }, "geometry": { "type": "Polygon", "coordinates": [ [ [ 654560.481371569563635, 5592615.249840252101421 ], [ 654631.871524701127782, 5592787.293280962854624 ], [ 654522.879323308123276, 5592952.032544429413974 ], [ 654342.494016906712204, 5592944.731755197048187 ], [ 654271.099871478741989, 5592772.687498384155333 ], [ 654380.095024877227843, 5592607.944846880622208 ], [ 654560.481371569563635, 5592615.249840252101421 ] ] ] } },
{ "type": "Feature", "properties": { "h3_index": "89ce8c0c417ffff", "pop_h3": 0.0, "eod_zona": 49 }, "geometry": { "type": "Polygon", "coordinates": [ [ [ 646953.579686907818541, 5590106.884030855260789 ], [ 647025.094471432850696, 5590279.055548711679876 ], [ 646916.021558769745752, 5590443.886972704902291 ], [ 646735.430903672473505, 5590436.550266964361072 ], [ 646663.912120808730833, 5590264.377927896566689 ], [ 646772.987991512403823, 5590099.543115757405758 ], [ 646953.579686907818541, 5590106.884030855260789 ] ] ] } },
{ "type": "Feature", "properties": { "h3_index": "89ce8c01b0bffff", "pop_h3": 0.0, "eod_zona": 60 }, "geometry": { "type": "Polygon", "coordinates": [ [ [ 650011.091137581970543, 5584645.530786074697971 ], [ 650082.574934224016033, 5584817.754395920783281 ], [ 649973.515588239883073, 5584982.571143445558846 ], [ 649792.969485546462238, 5584975.167660612612963 ], [ 649721.48169744363986, 5584802.943220686167479 ], [ 649830.544003626331687, 5584638.123093648813665 ], [ 650011.091137581970543, 5584645.530786074697971 ] ] ] } },
{ "type": "Feature", "properties": { "h3_index": "89ce8c0f193ffff", "pop_h3": 0.0, "eod_zona": 62 }, "geometry": { "type": "Polygon", "coordinates": [ [ [ 649093.720703519298695, 5587993.580365899018943 ], [ 649165.20875521725975, 5588165.761016588658094 ], [ 649056.150303431553766, 5588330.576296015642583 ], [ 648875.600841734092683, 5588323.214309100992978 ], [ 648804.108795331558213, 5588151.032833877019584 ], [ 648913.170205457601696, 5587986.214170074090362 ], [ 649093.720703519298695, 5587993.580365899018943 ] ] ] } },
{ "type": "Feature", "properties": { "h3_index": "89ce8c0f477ffff", "pop_h3": 108.84114943853147, "eod_zona": 61 }, "geometry": { "type": "Polygon", "coordinates": [ [ [ 651447.887684222310781, 5586397.146445018239319 ], [ 651519.34420958138071, 5586569.325447512790561 ], [ 651410.303851082222536, 5586734.120420379564166 ], [ 651229.804009201470762, 5586726.739771922118962 ], [ 651158.343492644838989, 5586554.559942467138171 ], [ 651267.386809293879196, 5586389.761588409543037 ], [ 651447.887684222310781, 5586397.146445018239319 ] ] ] } },
{ "type": "Feature", "properties": { "h3_index": "89ce8c0f37bffff", "pop_h3": 31.02424070280189, "eod_zona": 34 }, "geometry": { "type": "Polygon", "coordinates": [ [ [ 651463.164034450775944, 5591136.238953772932291 ], [ 651534.606310691218823, 5591308.34188562259078 ], [ 651425.579909142921679, 5591473.120276581496 ], [ 651245.108276696526445, 5591465.799123139120638 ], [ 651173.662006009952165, 5591293.695372332818806 ], [ 651282.69136234477628, 5591128.913593901321292 ], [ 651463.164034450775944, 5591136.238953772932291 ] ] ] } },
{ "type": "Feature", "properties": { "h3_index": "89ce8c0f213ffff", "pop_h3": 744.41655994618213, "eod_zona": 25 }, "geometry": { "type": "Polygon", "coordinates": [ [ [ 653060.915878677973524, 5589001.509794711135328 ], [ 653132.339867390808649, 5589173.628479346632957 ], [ 653023.322671087924391, 5589338.396766385063529 ], [ 652842.878530797082931, 5589331.049752689898014 ], [ 652771.450550732552074, 5589158.93024567887187 ], [ 652880.47070244140923, 5588994.158574716188014 ], [ 653060.915878677973524, 5589001.509794711135328 ] ] ] } },
{ "type": "Feature", "properties": { "h3_index": "89ce8c0f407ffff", "pop_h3": 0.0, "eod_zona": 55 }, "geometry": { "type": "Polygon", "coordinates": [ [ [ 651233.508460118086077, 5585880.587960221804678 ], [ 651304.969809378846548, 5586052.777701232582331 ], [ 651195.92587634245865, 5586217.576802765950561 ], [ 651015.417635531746782, 5586210.189543867483735 ], [ 650943.952295203343965, 5586037.998975002206862 ], [ 651052.999186880770139, 5585873.196492865681648 ], [ 651233.508460118086077, 5585880.587960221804678 ] ] ] } },
{ "type": "Feature", "properties": { "h3_index": "89ce8c05a83ffff", "pop_h3": 0.0, "eod_zona": 58 }, "geometry": { "type": "Polygon", "coordinates": [ [ [ 637410.087228425079957, 5590227.052502693608403 ], [ 637481.748640694771893, 5590399.332320485264063 ], [ 637372.58417483093217, 5590564.267977517098188 ], [ 637191.75533354037907, 5590556.927209344692528 ], [ 637120.089913126430474, 5590384.646569446660578 ], [ 637229.257342278026044, 5590219.707519806921482 ], [ 637410.087228425079957, 5590227.052502693608403 ] ] ] } },
{ "type": "Feature", "properties": { "h3_index": "89ce8c0e2cbffff", "pop_h3": 0.0, "eod_zona": 62 }, "geometry": { "type": "Polygon", "coordinates": [ [ [ 648337.556498516118154, 5587454.897903395816684 ], [ 648409.057776600122452, 5587627.095912508666515 ], [ 648299.990448983036913, 5587791.92134468164295 ], [ 648119.418884264188819, 5587784.552151722833514 ], [ 648047.913611077121459, 5587612.353317078202963 ], [ 648156.983897840138525, 5587447.524500904604793 ], [ 648337.556498516118154, 5587454.897903395816684 ] ] ] } },
{ "type": "Feature", "properties": { "h3_index": "89ce8c0556bffff", "pop_h3": 0.0, "eod_zona": 51 }, "geometry": { "type": "Polygon", "coordinates": [ [ [ 638805.165647192625329, 5585032.824501482769847 ], [ 638876.82067102054134, 5585205.171389157883823 ], [ 638767.654237213195302, 5585370.109681801870465 ], [ 638586.829813492833637, 5585362.704471814446151 ], [ 638515.170786524307914, 5585190.356753410771489 ], [ 638624.340186542598531, 5585025.41507569886744 ], [ 638805.165647192625329, 5585032.824501482769847 ] ] ] } },
{ "type": "Feature", "properties": { "h3_index": "89ce8c0d4bbffff", "pop_h3": 844.57225436754527, "eod_zona": 35 }, "geometry": { "type": "Polygon", "coordinates": [ [ [ 652256.440138632548042, 5591337.632546189241111 ], [ 652327.86959521798417, 5591509.723087074235082 ], [ 652218.851436073426157, 5591674.49207709543407 ], [ 652038.400866270065308, 5591667.173913597129285 ], [ 651966.967415908817202, 5591495.082554186694324 ], [ 652075.988529256777838, 5591330.310176780447364 ], [ 652256.440138632548042, 5591337.632546189241111 ] ] ] } },
{ "type": "Feature", "properties": { "h3_index": "89ce8c0f227ffff", "pop_h3": 33.397822743817912, "eod_zona": 30 }, "geometry": { "type": "Polygon", "coordinates": [ [ [ 652117.317596637876704, 5590147.573380418121815 ], [ 652188.752723067533225, 5590319.684604210779071 ], [ 652079.729750441969372, 5590484.459261417388916 ], [ 651899.268696396495216, 5590477.126080674119294 ], [ 651827.829576866934076, 5590305.014036329463124 ], [ 651936.855504613718949, 5590140.235993255861104 ], [ 652117.317596637876704, 5590147.573380418121815 ] ] ] } },
{ "type": "Feature", "properties": { "h3_index": "89ce8c0f1b3ffff", "pop_h3": 0.74566129407762949, "eod_zona": 49 }, "geometry": { "type": "Polygon", "coordinates": [ [ [ 648476.921137650730088, 5588645.492582309991121 ], [ 648548.416765033151023, 5588817.669918918982148 ], [ 648439.354264713940211, 5588982.4897066578269 ], [ 648258.793178919237107, 5588975.135543283075094 ], [ 648187.293555755633861, 5588802.95738316886127 ], [ 648296.359014298068359, 5588638.134209911338985 ], [ 648476.921137650730088, 5588645.492582309991121 ] ] ] } },
{ "type": "Feature", "properties": { "h3_index": "89ce8c0e06fffff", "pop_h3": 0.0, "eod_zona": 57 }, "geometry": { "type": "Polygon", "coordinates": [ [ [ 645843.113074370776303, 5587860.958494782447815 ], [ 645914.651555930031464, 5588033.178818677552044 ], [ 645805.561339884297922, 5588198.030201301909983 ], [ 645624.929682151996531, 5588190.66464567091316 ], [ 645553.387202668236569, 5588018.443496638908982 ], [ 645662.480378972133622, 5587853.588728351518512 ], [ 645843.113074370776303, 5587860.958494782447815 ] ] ] } },
{ "type": "Feature", "properties": { "h3_index": "89ce8c0f56bffff", "pop_h3": 388.24868364063656, "eod_zona": 63 }, "geometry": { "type": "Polygon", "coordinates": [ [ [ 649924.929045967408456, 5587858.2351551996544 ], [ 649996.404700504499488, 5588030.408370798453689 ], [ 649887.353880722890608, 5588195.215003260411322 ], [ 649706.824448560248129, 5588187.851803918369114 ], [ 649635.34480026003439, 5588015.67776365019381 ], [ 649744.398578014224768, 5587850.867747369222343 ], [ 649924.929045967408456, 5587858.2351551996544 ] ] ] } },
{ "type": "Feature", "properties": { "h3_index": "89ce8c0f3a7ffff", "pop_h3": 249.74251204231518, "eod_zona": 8 }, "geometry": { "type": "Polygon", "coordinates": [ [ [ 649913.895787467015907, 5590396.4480608291924 ], [ 649985.364119708188809, 5590568.580745726823807 ], [ 649876.320608128444292, 5590733.378700686618686 ], [ 649695.805808261269704, 5590726.047357918694615 ], [ 649624.333480502711609, 5590553.913852639496326 ], [ 649733.379948261426762, 5590389.112510484643281 ], [ 649913.895787467015907, 5590396.4480608291924 ] ] ] } },
{ "type": "Feature", "properties": { "h3_index": "89ce8c0c62fffff", "pop_h3": 36.620029480788709, "eod_zona": 1 }, "geometry": { "type": "Polygon", "coordinates": [ [ [ 648315.731486674398184, 5592531.578486060723662 ], [ 648387.218139490811154, 5592703.695386643521488 ], [ 648278.165476815425791, 5592868.50342483446002 ], [ 648097.623205895186402, 5592861.197953159920871 ], [ 648026.132554463343695, 5592689.08023561630398 ], [ 648135.188172696623951, 5592524.268806681968272 ], [ 648315.731486674398184, 5592531.578486060723662 ] ] ] } },
{ "type": "Feature", "properties": { "h3_index": "89ce8c052a3ffff", "pop_h3": 0.0, "eod_zona": 50 }, "geometry": { "type": "Polygon", "coordinates": [ [ [ 641114.524333621840924, 5586313.106222511269152 ], [ 641186.140110681182705, 5586485.405947898514569 ], [ 641076.999727662885562, 5586650.314518905244768 ], [ 640896.240603705518879, 5586642.926750235259533 ], [ 640824.620824970537797, 5586470.626196551136672 ], [ 640933.76417199568823, 5586305.714239808730781 ], [ 641114.524333621840924, 5586313.106222511269152 ] ] ] } },
{ "type": "Feature", "properties": { "h3_index": "89ce8c051d3ffff", "pop_h3": 89.391303565377939, "eod_zona": 50 }, "geometry": { "type": "Polygon", "coordinates": [ [ [ 638767.654237213195302, 5585370.109681801870465 ], [ 638839.308859193813987, 5585542.451607861556113 ], [ 638730.143060735659674, 5585707.389154123142362 ], [ 638549.319674442522228, 5585699.98815983813256 ], [ 638477.661049049347639, 5585527.645403614267707 ], [ 638586.829813492833637, 5585362.704471814446151 ], [ 638767.654237213195302, 5585370.109681801870465 ] ] ] } },
{ "type": "Feature", "properties": { "h3_index": "89ce8c0f24fffff", "pop_h3": 256.46543466766894, "eod_zona": 31 }, "geometry": { "type": "Polygon", "coordinates": [ [ [ 653778.868369191302918, 5589876.747228265739977 ], [ 653850.278704388765618, 5590048.843600102700293 ], [ 653741.270988709991798, 5590213.600977431982756 ], [ 653560.849983581108972, 5590206.265367664396763 ], [ 653489.435657162917778, 5590034.168175012804568 ], [ 653598.446327225072309, 5589869.407412920147181 ], [ 653778.868369191302918, 5589876.747228265739977 ] ] ] } },
{ "type": "Feature", "properties": { "h3_index": "89ce8c0a92bffff", "pop_h3": 0.0, "eod_zona": 46 }, "geometry": { "type": "Polygon", "coordinates": [ [ [ 653184.970630455296487, 5585452.758683949708939 ], [ 653256.403217071318068, 5585624.93271981459111 ], [ 653147.376918721711263, 5585789.711893410421908 ], [ 652966.915076038683765, 5585782.320410276763141 ], [ 652895.478500641416758, 5585610.145546058192849 ], [ 653004.507756835548207, 5585445.362993304617703 ], [ 653184.970630455296487, 5585452.758683949708939 ] ] ] } },
{ "type": "Feature", "properties": { "h3_index": "89ce8c0f3c3ffff", "pop_h3": 131.92616466957639, "eod_zona": 13 }, "geometry": { "type": "Polygon", "coordinates": [ [ [ 651613.502558124368079, 5589788.65640333108604 ], [ 651684.946507619693875, 5589960.779197518713772 ], [ 651575.917624484514818, 5590125.560626339167356 ], [ 651395.441836325451732, 5590118.222646567970514 ], [ 651323.993893463164568, 5589946.099031168036163 ], [ 651433.025732256937772, 5589781.314216726459563 ], [ 651613.502558124368079, 5589788.65640333108604 ] ] ] } },
{ "type": "Feature", "properties": { "h3_index": "89ce8c725b7ffff", "pop_h3": 0.0, "eod_zona": 33 }, "geometry": { "type": "Polygon", "coordinates": [ [ [ 655240.540743449819274, 5593826.768040248192847 ], [ 655311.916804388747551, 5593998.784186214208603 ], [ 655202.934692490263842, 5594163.511750162579119 ], [ 655022.573569015134126, 5594156.226557456888258 ], [ 654951.193515641149133, 5593984.20959750842303 ], [ 655060.178578307968564, 5593819.478644226677716 ], [ 655240.540743449819274, 5593826.768040248192847 ] ] ] } },
{ "type": "Feature", "properties": { "h3_index": "89ce8c0f387ffff", "pop_h3": 447.05277511094874, "eod_zona": 12 }, "geometry": { "type": "Polygon", "coordinates": [ [ [ 650530.57311976631172, 5589744.60031870007515 ], [ 650602.03387912386097, 5589916.736327105201781 ], [ 650492.994413473294117, 5590081.529784285463393 ], [ 650312.491232297499664, 5590074.190619086846709 ], [ 650241.026478497660719, 5589902.053789269179106 ], [ 650350.06890044210013, 5589737.256946038454771 ], [ 650530.57311976631172, 5589744.60031870007515 ] ] ] } },
{ "type": "Feature", "properties": { "h3_index": "89ce8c04243ffff", "pop_h3": 306.90235763186337, "eod_zona": 52 }, "geometry": { "type": "Polygon", "coordinates": [ [ [ 637140.069960982189514, 5585303.455611124634743 ], [ 637211.749809907982126, 5585475.817407237365842 ], [ 637102.568123913370073, 5585640.773028529249132 ], [ 636921.703622175264172, 5585633.370239867828786 ], [ 636850.019768229452893, 5585461.00761329010129 ], [ 636959.204421172384173, 5585296.048605817370117 ], [ 637140.069960982189514, 5585303.455611124634743 ] ] ] } },
{ "type": "Feature", "properties": { "h3_index": "89ce8c0890fffff", "pop_h3": 0.0, "eod_zona": 32 }, "geometry": { "type": "Polygon", "coordinates": [ [ [ 654748.494532846845686, 5590931.250362081453204 ], [ 654819.886797614628449, 5591103.31863581109792 ], [ 654710.891512341564521, 5591268.061712888069451 ], [ 654530.501009340863675, 5591260.739901938475668 ], [ 654459.104753621388227, 5591088.670809282921255 ], [ 654568.102991986786947, 5590923.924346483312547 ], [ 654748.494532846845686, 5590931.250362081453204 ] ] ] } },
{ "type": "Feature", "properties": { "h3_index": "89ce8c0f13bffff", "pop_h3": 0.0, "eod_zona": 4 }, "geometry": { "type": "Polygon", "coordinates": [ [ [ 648905.870779315242544, 5589678.502846736460924 ], [ 648977.356756860739551, 5589850.658680271357298 ], [ 648868.301418957882561, 5590015.470183261670172 ], [ 648687.757146383984946, 5590008.12923938408494 ], [ 648616.267172784311697, 5589835.972584137693048 ], [ 648725.325467940187082, 5589671.157694451510906 ], [ 648905.870779315242544, 5589678.502846736460924 ] ] ] } },
{ "type": "Feature", "properties": { "h3_index": "89ce8c0c60bffff", "pop_h3": 249.10857899654917, "eod_zona": 2 }, "geometry": { "type": "Polygon", "coordinates": [ [ [ 649222.047578447614796, 5591722.179499070160091 ], [ 649293.522654033731669, 5591894.298917889595032 ], [ 649184.476351665565744, 5592059.099842987023294 ], [ 649003.952018212177791, 5592051.784738507121801 ], [ 648932.47294549155049, 5591879.664501463063061 ], [ 649041.522203486063518, 5591714.860187103971839 ], [ 649222.047578447614796, 5591722.179499070160091 ] ] ] } },
{ "type": "Feature", "properties": { "h3_index": "89ce8c0d46bffff", "pop_h3": 50.247554149717793, "eod_zona": 33 }, "geometry": { "type": "Polygon", "coordinates": [ [ [ 653188.675365350209177, 5592728.865431316196918 ], [ 653260.086326219607145, 5592900.922891526482999 ], [ 653151.081220563384704, 5593065.676801671274006 ], [ 652970.662201473489404, 5593058.376640386879444 ], [ 652899.247246829327196, 5592886.318364102393389 ], [ 653008.25530517695006, 5592721.561065153218806 ], [ 653188.675365350209177, 5592728.865431316196918 ] ] ] } },
{ "type": "Feature", "properties": { "h3_index": "89ce8c0e2c7ffff", "pop_h3": 0.0, "eod_zona": 62 }, "geometry": { "type": "Polygon", "coordinates": [ [ [ 647795.824996910989285, 5587432.777100434526801 ], [ 647867.334678587387316, 5587604.981721702963114 ], [ 647758.262055461062118, 5587769.813170627690852 ], [ 647577.67679132334888, 5587762.443382482044399 ], [ 647506.163114009075798, 5587590.237935582175851 ], [ 647615.238696601008996, 5587425.403102438896894 ], [ 647795.824996910989285, 5587432.777100434526801 ] ] ] } },
{ "type": "Feature", "properties": { "h3_index": "89ce8c0f6b7ffff", "pop_h3": 0.80746891375858998, "eod_zona": 61 }, "geometry": { "type": "Polygon", "coordinates": [ [ [ 652241.290848828619346, 5586598.854073702357709 ], [ 652312.734567804727703, 5586771.020683597773314 ], [ 652203.702466631424613, 5586935.806261462159455 ], [ 652023.223689046688378, 5586928.428610515780747 ], [ 651951.775979538448155, 5586756.261174092069268 ], [ 652060.811038275365718, 5586591.472215121611953 ], [ 652241.290848828619346, 5586598.854073702357709 ] ] ] } },
{ "type": "Feature", "properties": { "h3_index": "89ce8c0e66fffff", "pop_h3": 0.0, "eod_zona": 62 }, "geometry": { "type": "Polygon", "coordinates": [ [ [ 647870.95150995568838, 5586758.687826920300722 ], [ 647942.462017347454093, 5586930.902368368580937 ], [ 647833.388148516765796, 5587095.7353186160326 ], [ 647652.800812522531487, 5587088.35711067635566 ], [ 647581.286310032242909, 5586916.141742466017604 ], [ 647690.363138765329495, 5586751.305408934131265 ], [ 647870.95150995568838, 5586758.687826920300722 ] ] ] } },
{ "type": "Feature", "properties": { "h3_index": "89ce8c0d5b3ffff", "pop_h3": 10.968887834094675, "eod_zona": 3 }, "geometry": { "type": "Polygon", "coordinates": [ [ [ 649977.991478340351023, 5592260.463931025005877 ], [ 650049.453313676756807, 5592432.56598486751318 ], [ 649940.415876578073949, 5592597.356741431169212 ], [ 649759.913649448542856, 5592590.048833764158189 ], [ 649688.447817377396859, 5592417.945962695404887 ], [ 649797.488209298462607, 5592253.15181649569422 ], [ 649977.991478340351023, 5592260.463931025005877 ] ] ] } },
{ "type": "Feature", "properties": { "h3_index": "89ce8c0e183ffff", "pop_h3": 0.0, "eod_zona": 57 }, "geometry": { "type": "Polygon", "coordinates": [ [ [ 643498.031627386575565, 5586918.603492469526827 ], [ 643569.608961887774058, 5587090.865992220118642 ], [ 643460.493352215737104, 5587255.746341942809522 ], [ 643279.797445932519622, 5587248.367577361874282 ], [ 643208.216111767455004, 5587076.104250608943403 ], [ 643317.334683678112924, 5586911.220515419729054 ], [ 643498.031627386575565, 5586918.603492469526827 ] ] ] } },
{ "type": "Feature", "properties": { "h3_index": "89ce8c0f5d3ffff", "pop_h3": 0.0, "eod_zona": 60 }, "geometry": { "type": "Polygon", "coordinates": [ [ [ 650150.384323154576123, 5585836.236172462813556 ], [ 650221.862469311803579, 5586008.439136289060116 ], [ 650112.807935032295063, 5586173.250267336145043 ], [ 649932.272295450093225, 5586165.861815564334393 ], [ 649860.790157154202461, 5585993.658023681491613 ], [ 649969.847650709096342, 5585828.843511602841318 ], [ 650150.384323154576123, 5585836.236172462813556 ] ] ] } },
{ "type": "Feature", "properties": { "h3_index": "89ce8c0f3d3ffff", "pop_h3": 273.42854317738778, "eod_zona": 16 }, "geometry": { "type": "Polygon", "coordinates": [ [ [ 651651.087693041772582, 5589451.746459625661373 ], [ 651722.532060644123703, 5589623.874217350035906 ], [ 651613.502558124368079, 5589788.65640333108604 ], [ 651433.025732256937772, 5589781.314216726459563 ], [ 651361.577371556311846, 5589609.185637225396931 ], [ 651470.609829950612038, 5589444.400066087953746 ], [ 651651.087693041772582, 5589451.746459625661373 ] ] ] } },
{ "type": "Feature", "properties": { "h3_index": "89ce8c01b47ffff", "pop_h3": 0.0, "eod_zona": 60 }, "geometry": { "type": "Polygon", "coordinates": [ [ [ 650263.11470232787542, 5584825.159684644080698 ], [ 650334.594093178748153, 5584997.37751148454845 ], [ 650225.537707125535235, 5585162.190879369154572 ], [ 650044.998970419750549, 5585154.789800035767257 ], [ 649973.515588239883073, 5584982.571143445558846 ], [ 650082.574934224016033, 5584817.754395920783281 ], [ 650263.11470232787542, 5584825.159684644080698 ] ] ] } },
{ "type": "Feature", "properties": { "h3_index": "89ce8c05203ffff", "pop_h3": 0.0, "eod_zona": 50 }, "geometry": { "type": "Polygon", "coordinates": [ [ [ 641909.123869599192403, 5586514.963062495924532 ], [ 641980.72683242498897, 5586687.25037793815136 ], [ 641871.594707891112193, 5586852.149541109800339 ], [ 641690.856657244730741, 5586844.764774461276829 ], [ 641619.249693415127695, 5586672.476631156168878 ], [ 641728.384781366679817, 5586507.574082338251173 ], [ 641909.123869599192403, 5586514.963062495924532 ] ] ] } },
{ "type": "Feature", "properties": { "h3_index": "89ce8c01b6fffff", "pop_h3": 0.0, "eod_zona": 60 }, "geometry": { "type": "Polygon", "coordinates": [ [ [ 649898.36509770504199, 5585656.634763995185494 ], [ 649969.847650709096342, 5585828.843511602841318 ], [ 649860.790157154202461, 5585993.658023681491613 ], [ 649680.247151175048202, 5585986.267169038765132 ], [ 649608.760605896473862, 5585814.057593039236963 ], [ 649717.821058997302316, 5585649.239700054749846 ], [ 649898.36509770504199, 5585656.634763995185494 ] ] ] } },
{ "type": "Feature", "properties": { "h3_index": "89ce8c0f09bffff", "pop_h3": 869.47776202346449, "eod_zona": 20 }, "geometry": { "type": "Polygon", "coordinates": [ [ [ 651372.720217769849114, 5587071.088690431788564 ], [ 651444.175909556215629, 5587243.25777920987457 ], [ 651335.136784614995122, 5587408.05125343427062 ], [ 651154.6390103030717, 5587400.679020980373025 ], [ 651083.179326773388311, 5587228.509106375277042 ], [ 651192.221409431891516, 5587063.712250026874244 ], [ 651372.720217769849114, 5587071.088690431788564 ] ] ] } },
{ "type": "Feature", "properties": { "h3_index": "89ce8c0d60bffff", "pop_h3": 0.0, "eod_zona": 33 }, "geometry": { "type": "Polygon", "coordinates": [ [ [ 654774.646993524977006, 5593131.369408515281975 ], [ 654846.032308995258063, 5593303.402095073834062 ], [ 654737.043677114299498, 5593468.137204431928694 ], [ 654556.666778369573876, 5593460.843015830032527 ], [ 654485.277470465516672, 5593288.809514060616493 ], [ 654594.269053867668845, 5593124.071016079746187 ], [ 654774.646993524977006, 5593131.369408515281975 ] ] ] } },
{ "type": "Feature", "properties": { "h3_index": "89ce8c05abbffff", "pop_h3": 0.0, "eod_zona": 58 }, "geometry": { "type": "Polygon", "coordinates": [ [ [ 637082.588547515799291, 5590721.865498751401901 ], [ 637154.253565980237909, 5590894.141163237392902 ], [ 637045.087423490011133, 5591059.078691487200558 ], [ 636864.253299547359347, 5591051.743948644958436 ], [ 636792.584272262989543, 5590879.467462854459882 ], [ 636901.753377871122211, 5590714.526541190221906 ], [ 637082.588547515799291, 5590721.865498751401901 ] ] ] } },
{ "type": "Feature", "properties": { "h3_index": "89ce8c0d657ffff", "pop_h3": 0.0, "eod_zona": 33 }, "geometry": { "type": "Polygon", "coordinates": [ [ [ 655064.007856705458835, 5592973.933732773177326 ], [ 655135.389180144760758, 5593145.965603891760111 ], [ 655026.402881958754733, 5593310.69809091091156 ], [ 654846.032308995258063, 5593303.402095073834062 ], [ 654774.646993524977006, 5593131.369408515281975 ], [ 654883.636243179091252, 5592966.633533209562302 ], [ 655064.007856705458835, 5592973.933732773177326 ] ] ] } },
{ "type": "Feature", "properties": { "h3_index": "89ce8c0c657ffff", "pop_h3": 272.84089596357302, "eod_zona": 4 }, "geometry": { "type": "Polygon", "coordinates": [ [ [ 649511.613553423434496, 5591564.698931304737926 ], [ 649583.084632277139463, 5591736.817531669512391 ], [ 649474.040660306578502, 5591901.615830510854721 ], [ 649293.522654033731669, 5591894.298917889595032 ], [ 649222.047578447614796, 5591722.179499070160091 ], [ 649331.094505993882194, 5591557.377811302430928 ], [ 649511.613553423434496, 5591564.698931304737926 ] ] ] } },
{ "type": "Feature", "properties": { "h3_index": "89ce8c0e297ffff", "pop_h3": 0.0, "eod_zona": 49 }, "geometry": { "type": "Polygon", "coordinates": [ [ [ 647039.48849856806919, 5586893.99931350722909 ], [ 647111.011404389282688, 5587066.221295095980167 ], [ 647001.929902056697756, 5587231.062896291725338 ], [ 646821.32253376126755, 5587223.685899716801941 ], [ 646749.795631903456524, 5587051.463091498240829 ], [ 646858.880094506428577, 5586886.618106462992728 ], [ 647039.48849856806919, 5586893.99931350722909 ] ] ] } },
{ "type": "Feature", "properties": { "h3_index": "89ce8c0f023ffff", "pop_h3": 431.90581491018463, "eod_zona": 42 }, "geometry": { "type": "Polygon", "coordinates": [ [ [ 650643.310462556080893, 5588733.777601118199527 ], [ 650714.772472258890048, 5588905.928499508649111 ], [ 650605.731144629535265, 5589070.724225373007357 ], [ 650425.224850478, 5589063.372437483631074 ], [ 650353.758847143268213, 5588891.220715986564755 ], [ 650462.803131719119847, 5588726.421605463139713 ], [ 650643.310462556080893, 5588733.777601118199527 ] ] ] } },
{ "type": "Feature", "properties": { "h3_index": "89ce8c0f24bffff", "pop_h3": 0.0, "eod_zona": 28 }, "geometry": { "type": "Polygon", "coordinates": [ [ [ 654068.292413335293531, 5589719.330715513788164 ], [ 654139.69875771983061, 5589891.426266305148602 ], [ 654030.693380345590413, 5590056.181016396731138 ], [ 653850.278704388765618, 5590048.843600102700293 ], [ 653778.868369191302918, 5589876.747228265739977 ], [ 653887.876700893277302, 5589711.989093747921288 ], [ 654068.292413335293531, 5589719.330715513788164 ] ] ] } },
{ "type": "Feature", "properties": { "h3_index": "89ce8c0a93bffff", "pop_h3": 0.0, "eod_zona": 46 }, "geometry": { "type": "Polygon", "coordinates": [ [ [ 653222.564536337507889, 5585115.799777057953179 ], [ 653293.997541239252314, 5585287.978765160776675 ], [ 653184.970630455296487, 5585452.758683949708939 ], [ 653004.507756835548207, 5585445.362993304617703 ], [ 652933.070763423922472, 5585273.183176285587251 ], [ 653042.100632268935442, 5585108.399878804571927 ], [ 653222.564536337507889, 5585115.799777057953179 ] ] ] } },
{ "type": "Feature", "properties": { "h3_index": "89ce8c08da3ffff", "pop_h3": 20.233737492254658, "eod_zona": 24 }, "geometry": { "type": "Polygon", "coordinates": [ [ [ 654256.290489876060747, 5588034.993468953296542 ], [ 654327.698937764158472, 5588207.113820215687156 ], [ 654218.690487433923408, 5588371.872344747185707 ], [ 654038.270633925916627, 5588364.513900089077652 ], [ 653966.85819657088723, 5588192.392724957317114 ], [ 654075.869602318271063, 5588027.630818325094879 ], [ 654256.290489876060747, 5588034.993468953296542 ] ] ] } },
{ "type": "Feature", "properties": { "h3_index": "89ce8c0f41bffff", "pop_h3": 0.0, "eod_zona": 61 }, "geometry": { "type": "Polygon", "coordinates": [ [ [ 651812.594760233536363, 5585565.779250400140882 ], [ 651884.0481285774149, 5585737.967335002496839 ], [ 651775.008881315588951, 5585902.761168989352882 ], [ 651594.513307307497598, 5585895.370298277586699 ], [ 651523.055948708555661, 5585723.181385353207588 ], [ 651632.098154502222314, 5585558.384171440266073 ], [ 651812.594760233536363, 5585565.779250400140882 ] ] ] } },
{ "type": "Feature", "properties": { "h3_index": "89ce8c0f173ffff", "pop_h3": 13.034335451643729, "eod_zona": 4 }, "geometry": { "type": "Polygon", "coordinates": [ [ [ 649447.479318183613941, 5589700.537117012776434 ], [ 649518.956889216671698, 5589872.686341664753854 ], [ 649409.906841860152781, 5590037.491828945465386 ], [ 649229.376266668201424, 5590030.151478033512831 ], [ 649157.894700120552443, 5589858.001431768760085 ], [ 649266.947704409016296, 5589693.192558006383479 ], [ 649447.479318183613941, 5589700.537117012776434 ] ] ] } },
{ "type": "Feature", "properties": { "h3_index": "89ce8c0f097ffff", "pop_h3": 407.24413791529275, "eod_zona": 64 }, "geometry": { "type": "Polygon", "coordinates": [ [ [ 650831.210094213252887, 5587048.95877365488559 ], [ 650902.674186175689101, 5587221.134472255595028 ], [ 650793.629763355944306, 5587385.933960826136172 ], [ 650613.118290666956455, 5587378.561133108101785 ], [ 650541.650206424761564, 5587206.384608577005565 ], [ 650650.697587280767038, 5587041.581737668253481 ], [ 650831.210094213252887, 5587048.95877365488559 ] ] ] } },
{ "type": "Feature", "properties": { "h3_index": "89ce8c0d5dbffff", "pop_h3": 31.085361445963738, "eod_zona": 35 }, "geometry": { "type": "Polygon", "coordinates": [ [ [ 651639.900650397408754, 5591989.403414281085134 ], [ 651711.337675981922075, 5592161.49062327016145 ], [ 651602.315471743466333, 5592326.264101241715252 ], [ 651421.853287963429466, 5592318.953758727759123 ], [ 651350.41226752451621, 5592146.865732242353261 ], [ 651459.437425849610008, 5591982.088865745812654 ], [ 651639.900650397408754, 5591989.403414281085134 ] ] ] } },
{ "type": "Feature", "properties": { "h3_index": "89ce8c0e22bffff", "pop_h3": 0.0, "eod_zona": 49 }, "geometry": { "type": "Polygon", "coordinates": [ [ [ 647103.814338241587393, 5588758.815022095106542 ], [ 647175.33077402645722, 5588931.006404563784599 ], [ 647066.255355236353353, 5589095.840857 ], [ 646885.660541876917705, 5589088.487313230521977 ], [ 646814.140108836931176, 5588916.295107291080058 ], [ 646923.218486540950835, 5588751.457268566824496 ], [ 647103.814338241587393, 5588758.815022095106542 ] ] ] } },
{ "type": "Feature", "properties": { "h3_index": "89ce8c0f613ffff", "pop_h3": 69.628507219560845, "eod_zona": 48 }, "geometry": { "type": "Polygon", "coordinates": [ [ [ 653324.073824479128234, 5586643.141054189763963 ], [ 653395.500747674144804, 5586815.294446555897593 ], [ 653286.47924598492682, 5586980.067998365499079 ], [ 653106.027864303905517, 5586972.69153845962137 ], [ 653034.596951649989933, 5586800.537319766357541 ], [ 653143.621410263003781, 5586635.760387280955911 ], [ 653324.073824479128234, 5586643.141054189763963 ] ] ] } },
{ "type": "Feature", "properties": { "h3_index": "89ce8c0c637ffff", "pop_h3": 7.4361233371020949, "eod_zona": 2 }, "geometry": { "type": "Polygon", "coordinates": [ [ [ 648101.261870465707034, 5592015.206260670907795 ], [ 648172.753352049272507, 5592187.33392293471843 ], [ 648063.697106145205908, 5592352.146116369403899 ], [ 647883.146422741818242, 5592344.834037675522268 ], [ 647811.650942677515559, 5592172.705557554960251 ], [ 647920.710144625860266, 5592007.889973962679505 ], [ 648101.261870465707034, 5592015.206260670907795 ] ] ] } },
{ "type": "Feature", "properties": { "h3_index": "89ce8c0520bffff", "pop_h3": 0.0, "eod_zona": 50 }, "geometry": { "type": "Polygon", "coordinates": [ [ [ 642161.458550561685115, 5586694.636952937580645 ], [ 642233.057106572086923, 5586866.91847778763622 ], [ 642123.927945185219869, 5587031.814255187287927 ], [ 641943.197264771908522, 5587024.431893487460911 ], [ 641871.594707891112193, 5586852.149541109800339 ], [ 641980.72683242498897, 5586687.25037793815136 ], [ 642161.458550561685115, 5586694.636952937580645 ] ] ] } },
{ "type": "Feature", "properties": { "h3_index": "89ce8c0c2cbffff", "pop_h3": 0.0, "eod_zona": 36 }, "geometry": { "type": "Polygon", "coordinates": [ [ [ 649575.72663929592818, 5593428.617507372051477 ], [ 649647.191220168489963, 5593600.705460458062589 ], [ 649538.153331265319139, 5593765.496543064713478 ], [ 649357.64790739514865, 5593758.203063929453492 ], [ 649286.179328578407876, 5593586.114295545034111 ], [ 649395.220171700697392, 5593421.319821572862566 ], [ 649575.72663929592818, 5593428.617507372051477 ] ] ] } },
{ "type": "Feature", "properties": { "h3_index": "89ce8c08d33ffff", "pop_h3": 4.1358713944825096, "eod_zona": 24 }, "geometry": { "type": "Polygon", "coordinates": [ [ [ 654470.511003007180989, 5588551.34378232434392 ], [ 654541.914620139286853, 5588723.453392886556685 ], [ 654432.909738519927487, 5588888.20778167899698 ], [ 654252.49828496738337, 5588880.855942577123642 ], [ 654181.090678234351799, 5588708.745509039610624 ], [ 654290.098514786339365, 5588543.987737556919456 ], [ 654470.511003007180989, 5588551.34378232434392 ] ] ] } },
{ "type": "Feature", "properties": { "h3_index": "89ce8c0d617ffff", "pop_h3": 11.814056059537927, "eod_zona": 33 }, "geometry": { "type": "Polygon", "coordinates": [ [ [ 654271.099871478741989, 5592772.687498384155333 ], [ 654342.494016906712204, 5592944.731755197048187 ], [ 654233.499481716891751, 5593109.473641680553555 ], [ 654053.107849167659879, 5593102.174659699201584 ], [ 653981.709711034200154, 5592930.129587013274431 ], [ 654090.707198283053003, 5592765.384312153793871 ], [ 654271.099871478741989, 5592772.687498384155333 ] ] ] } },
{ "type": "Feature", "properties": { "h3_index": "89ce8c01a2fffff", "pop_h3": 0.0, "eod_zona": 61 }, "geometry": { "type": "Polygon", "coordinates": [ [ [ 651131.859972174745053, 5584352.951958143152297 ], [ 651203.327391467988491, 5584525.16729433555156 ], [ 651094.278037423500791, 5584689.972755281254649 ], [ 650913.758304441696964, 5584682.566258631646633 ], [ 650842.286895034485497, 5584510.350091990083456 ], [ 650951.339208853198215, 5584345.541252424940467 ], [ 651131.859972174745053, 5584352.951958143152297 ] ] ] } },
{ "type": "Feature", "properties": { "h3_index": "89ce8c0d607ffff", "pop_h3": 25.283446905636048, "eod_zona": 33 }, "geometry": { "type": "Polygon", "coordinates": [ [ [ 654233.499481716891751, 5593109.473641680553555 ], [ 654304.893204843741842, 5593281.512928870506585 ], [ 654195.899288265267387, 5593446.254049411043525 ], [ 654015.508696849807166, 5593438.959271577186882 ], [ 653944.11098075134214, 5593266.919169078581035 ], [ 654053.107849167659879, 5593102.174659699201584 ], [ 654233.499481716891751, 5593109.473641680553555 ] ] ] } },
{ "type": "Feature", "properties": { "h3_index": "89ce8c0c493ffff", "pop_h3": 0.0, "eod_zona": 49 }, "geometry": { "type": "Polygon", "coordinates": [ [ [ 647066.255355236353353, 5589095.840857 ], [ 647137.771378330187872, 5589268.027274549007416 ], [ 647028.696585464524105, 5589432.860971256159246 ], [ 646848.102810939541087, 5589425.511637144722044 ], [ 646776.582790316431783, 5589253.324396691285074 ], [ 646885.660541876917705, 5589088.487313230521977 ], [ 647066.255355236353353, 5589095.840857 ] ] ] } },
{ "type": "Feature", "properties": { "h3_index": "89ce8c0e247ffff", "pop_h3": 0.56173236020303796, "eod_zona": 49 }, "geometry": { "type": "Polygon", "coordinates": [ [ [ 647972.785039501381107, 5588286.401401455514133 ], [ 648044.289485936285928, 5588458.590312115848064 ], [ 647935.221068899380043, 5588623.416870764456689 ], [ 647754.645246797124855, 5588616.057904003188014 ], [ 647683.13680431956891, 5588443.868169173598289 ], [ 647792.208180116140284, 5588279.038225254975259 ], [ 647972.785039501381107, 5588286.401401455514133 ] ] ] } },
{ "type": "Feature", "properties": { "h3_index": "89ce8c0f4abffff", "pop_h3": 0.0, "eod_zona": 45 }, "geometry": { "type": "Polygon", "coordinates": [ [ [ 650981.533430594252422, 5585701.000968887470663 ], [ 651052.999186880770139, 5585873.196492865681648 ], [ 650943.952295203343965, 5586037.998975002206862 ], [ 650763.436688464251347, 5586030.60931361746043 ], [ 650691.966940980637446, 5585858.412961448542774 ], [ 650801.016791563015431, 5585693.607098833657801 ], [ 650981.533430594252422, 5585701.000968887470663 ] ] ] } },
{ "type": "Feature", "properties": { "h3_index": "89ce8c0f1cbffff", "pop_h3": 154.38682755494423, "eod_zona": 18 }, "geometry": { "type": "Polygon", "coordinates": [ [ [ 650101.774772351142019, 5588711.709020091220737 ], [ 650173.245185796869919, 5588883.866527277044952 ], [ 650064.198564691701904, 5589048.668267956003547 ], [ 649883.678573001874611, 5589041.315886301919818 ], [ 649812.20416538673453, 5588869.157555911689997 ], [ 649921.253743760520592, 5588704.352430358529091 ], [ 650101.774772351142019, 5588711.709020091220737 ] ] ] } },
{ "type": "Feature", "properties": { "h3_index": "89ce8c0f297ffff", "pop_h3": 818.73048438202773, "eod_zona": 21 }, "geometry": { "type": "Polygon", "coordinates": [ [ [ 652594.747447071946226, 5588305.639213443733752 ], [ 652666.180675395065919, 5588477.774425652809441 ], [ 652557.156951311742887, 5588642.550234363414347 ], [ 652376.697042877436616, 5588635.194214052520692 ], [ 652305.259823207277805, 5588463.058178239502013 ], [ 652414.286503448500298, 5588298.278986315242946 ], [ 652594.747447071946226, 5588305.639213443733752 ] ] ] } },
{ "type": "Feature", "properties": { "h3_index": "89ce8c0e62bffff", "pop_h3": 0.0, "eod_zona": 62 }, "geometry": { "type": "Polygon", "coordinates": [ [ [ 647366.733162728720345, 5586399.474146192893386 ], [ 647438.252485023695044, 5586571.700260085053742 ], [ 647329.172696119640023, 5586736.53997677564621 ], [ 647148.570624609244987, 5586729.156962586566806 ], [ 647077.047306951368228, 5586556.930021269246936 ], [ 647186.130056293215603, 5586392.086921543814242 ], [ 647366.733162728720345, 5586399.474146192893386 ] ] ] } },
{ "type": "Feature", "properties": { "h3_index": "89ce8c0f69bffff", "pop_h3": 0.0, "eod_zona": 48 }, "geometry": { "type": "Polygon", "coordinates": [ [ [ 653399.263564793975092, 5585969.270057429559529 ], [ 653470.691325674997643, 5586141.433358896523714 ], [ 653361.668597523588687, 5586306.208406630903482 ], [ 653181.215151260490529, 5586298.823532619513571 ], [ 653109.783401460037567, 5586126.659403695724905 ], [ 653218.809086971334182, 5585961.880976217798889 ], [ 653399.263564793975092, 5585969.270057429559529 ] ] ] } },
{ "type": "Feature", "properties": { "h3_index": "89ce8c01b77ffff", "pop_h3": 0.0, "eod_zona": 60 }, "geometry": { "type": "Polygon", "coordinates": [ [ [ 649683.907796652405523, 5585139.98704388923943 ], [ 649755.395170563133433, 5585312.206529997289181 ], [ 649646.334099362138659, 5585477.025168589316308 ], [ 649465.782694348599762, 5585469.627701370045543 ], [ 649394.29132830305025, 5585297.407385975122452 ], [ 649503.355359534965828, 5585132.585367064923048 ], [ 649683.907796652405523, 5585139.98704388923943 ] ] ] } },
{ "type": "Feature", "properties": { "h3_index": "89ce8c052abffff", "pop_h3": 0.0, "eod_zona": 50 }, "geometry": { "type": "Polygon", "coordinates": [ [ [ 641366.892901932820678, 5586492.795525045134127 ], [ 641438.5042724898085, 5586665.089459357783198 ], [ 641329.366853206767701, 5586829.99464450404048 ], [ 641148.615099759539589, 5586822.609281178563833 ], [ 641076.999727662885562, 5586650.314518905244768 ], [ 641186.140110681182705, 5586485.405947898514569 ], [ 641366.892901932820678, 5586492.795525045134127 ] ] ] } },
{ "type": "Feature", "properties": { "h3_index": "89ce8c0a923ffff", "pop_h3": 0.0, "eod_zona": 46 }, "geometry": { "type": "Polygon", "coordinates": [ [ [ 652933.070763423922472, 5585273.183176285587251 ], [ 653004.507756835548207, 5585445.362993304617703 ], [ 652895.478500641416758, 5585610.145546058192849 ], [ 652715.009293051203713, 5585602.75166080147028 ], [ 652643.568310725037009, 5585430.571015096269548 ], [ 652752.60052503074985, 5585265.785083312541246 ], [ 652933.070763423922472, 5585273.183176285587251 ] ] ] } },
{ "type": "Feature", "properties": { "h3_index": "89ce8c0d283ffff", "pop_h3": 0.0, "eod_zona": 37 }, "geometry": { "type": "Polygon", "coordinates": [ [ [ 654083.099889009608887, 5594456.560841810889542 ], [ 654154.491922110784799, 5594628.580242311581969 ], [ 654045.500484031857923, 5594793.318289884366095 ], [ 653865.114062013686635, 5594786.040327623486519 ], [ 653793.718034864868969, 5594614.020114069804549 ], [ 653902.712423911667429, 5594449.278675808571279 ], [ 654083.099889009608887, 5594456.560841810889542 ] ] ] } },
{ "type": "Feature", "properties": { "h3_index": "89ce8c04247ffff", "pop_h3": 49.986489400660687, "eod_zona": 19 }, "geometry": { "type": "Polygon", "coordinates": [ [ [ 636850.019768229452893, 5585461.00761329010129 ], [ 636921.703622175264172, 5585633.370239867828786 ], [ 636812.519607745110989, 5585798.328500524163246 ], [ 636631.648772499407642, 5585790.92752110119909 ], [ 636559.960913126240484, 5585618.564064290374517 ], [ 636669.14789455558639, 5585453.602417112328112 ], [ 636850.019768229452893, 5585461.00761329010129 ] ] ] } },
{ "type": "Feature", "properties": { "h3_index": "89ce8c0f58fffff", "pop_h3": 0.0, "eod_zona": 59 }, "geometry": { "type": "Polygon", "coordinates": [ [ [ 649281.57580216601491, 5586308.515047897584736 ], [ 649353.065925951930694, 5586480.720495196990669 ], [ 649244.004370418959297, 5586645.539528003893793 ], [ 649063.449731796397828, 5586638.156495541334152 ], [ 648991.955614659003913, 5586465.950220884755254 ], [ 649101.02012962475419, 5586301.127806024625897 ], [ 649281.57580216601491, 5586308.515047897584736 ] ] ] } },
{ "type": "Feature", "properties": { "h3_index": "89ce8c0d08bffff", "pop_h3": 673.048796741101, "eod_zona": 37 }, "geometry": { "type": "Polygon", "coordinates": [ [ [ 652572.219649084028788, 5593380.59397688973695 ], [ 652643.638177387765609, 5593552.648097638040781 ], [ 652534.629029473755509, 5593717.40648749191314 ], [ 652354.198400806635618, 5593710.114146524108946 ], [ 652282.775877647683956, 5593538.059210737235844 ], [ 652391.787978138308972, 5593373.297430934384465 ], [ 652572.219649084028788, 5593380.59397688973695 ] ] ] } },
{ "type": "Feature", "properties": { "h3_index": "89ce8c0d623ffff", "pop_h3": 163.21129961755486, "eod_zona": 33 }, "geometry": { "type": "Polygon", "coordinates": [ [ [ 653906.512447667773813, 5593603.703014557249844 ], [ 653977.90974165382795, 5593775.738146047107875 ], [ 653868.914112110738643, 5593940.481121709570289 ], [ 653688.518237041309476, 5593933.192355497740209 ], [ 653617.11694941110909, 5593761.156409498304129 ], [ 653726.115530625451356, 5593596.41004419606179 ], [ 653906.512447667773813, 5593603.703014557249844 ] ] ] } },
{ "type": "Feature", "properties": { "h3_index": "89ce8c0f68fffff", "pop_h3": 35.166036467047213, "eod_zona": 46 }, "geometry": { "type": "Polygon", "coordinates": [ [ [ 653072.190078995539807, 5586463.601213064044714 ], [ 653143.621410263003781, 5586635.760387280955911 ], [ 653034.596951649989933, 5586800.537319766357541 ], [ 652854.138204704737291, 5586793.158458559773862 ], [ 652782.702883845078759, 5586620.998457682318985 ], [ 652891.73029965092428, 5586456.218144646845758 ], [ 653072.190078995539807, 5586463.601213064044714 ] ] ] } },
{ "type": "Feature", "properties": { "h3_index": "89ce8c0d423ffff", "pop_h3": 196.56811662162704, "eod_zona": 35 }, "geometry": { "type": "Polygon", "coordinates": [ [ [ 652143.674633853137493, 5592348.193947710096836 ], [ 652215.102831715368666, 5592520.269583391025662 ], [ 652106.086534840287641, 5592685.03628393728286 ], [ 651925.639086683862843, 5592677.730737554840744 ], [ 651854.206894236733206, 5592505.654285049065948 ], [ 651963.226144661661237, 5592340.884195725433528 ], [ 652143.674633853137493, 5592348.193947710096836 ] ] ] } },
{ "type": "Feature", "properties": { "h3_index": "89ce8c089a7ffff", "pop_h3": 176.667482143863, "eod_zona": 32 }, "geometry": { "type": "Polygon", "coordinates": [ [ [ 653703.673803982557729, 5590550.449005371890962 ], [ 653775.083297746023163, 5590722.535450144670904 ], [ 653666.076815330889076, 5590887.291310340166092 ], [ 653485.657885336317122, 5590879.964111424051225 ], [ 653414.244399816845544, 5590707.876846962608397 ], [ 653523.253836176241748, 5590543.11760107986629 ], [ 653703.673803982557729, 5590550.449005371890962 ] ] ] } },
{ "type": "Feature", "properties": { "h3_index": "89ce8c01b53ffff", "pop_h3": 0.0, "eod_zona": 55 }, "geometry": { "type": "Polygon", "coordinates": [ [ [ 650590.2839816857595, 5584330.719242841936648 ], [ 650661.759796617785469, 5584502.941191822290421 ], [ 650552.70513817097526, 5584667.752667491324246 ], [ 650372.171704826294445, 5584660.345572989434004 ], [ 650300.691899242345244, 5584488.122793460264802 ], [ 650409.749517782824114, 5584323.307938956655562 ], [ 650590.2839816857595, 5584330.719242841936648 ] ] ] } },
{ "type": "Feature", "properties": { "h3_index": "89ce8c0f053ffff", "pop_h3": 237.72309932293837, "eod_zona": 43 }, "geometry": { "type": "Polygon", "coordinates": [ [ [ 652090.938508116523735, 5587946.628583396784961 ], [ 652162.380555715411901, 5588118.775362770073116 ], [ 652053.350919049698859, 5588283.557937778532505 ], [ 651872.876278217183426, 5588276.197116352617741 ], [ 651801.430239005363546, 5588104.0495127113536 ], [ 651910.462832365883514, 5587939.263554737903178 ], [ 652090.938508116523735, 5587946.628583396784961 ] ] ] } },
{ "type": "Feature", "properties": { "h3_index": "89ce8c0c607ffff", "pop_h3": 190.45651532650669, "eod_zona": 2 }, "geometry": { "type": "Polygon", "coordinates": [ [ [ 648680.457757329219021, 5591700.22097179107368 ], [ 648751.941243163775653, 5591872.346997642889619 ], [ 648642.889655294129625, 5592037.153938481584191 ], [ 648462.351625772076659, 5592029.838242921978235 ], [ 648390.864142263890244, 5591857.711398747749627 ], [ 648499.918686080956832, 5591692.901068431325257 ], [ 648680.457757329219021, 5591700.22097179107368 ] ] ] } },
{ "type": "Feature", "properties": { "h3_index": "89ce8c0f51bffff", "pop_h3": 750.80652010406482, "eod_zona": 59 }, "geometry": { "type": "Polygon", "coordinates": [ [ [ 649785.640887106419541, 5586667.687433156184852 ], [ 649857.122195733361878, 5586839.881311123259366 ], [ 649748.066558253834955, 5587004.693579452112317 ], [ 649567.526653383043595, 5586997.315352094359696 ], [ 649496.041351672727615, 5586825.120647436007857 ], [ 649605.099948044400662, 5586660.304996803402901 ], [ 649785.640887106419541, 5586667.687433156184852 ] ] ] } },
{ "type": "Feature", "properties": { "h3_index": "89ce8c0d6b7ffff", "pop_h3": 405.5270207990614, "eod_zona": 33 }, "geometry": { "type": "Polygon", "coordinates": [ [ [ 653478.094824531697668, 5592571.41692971251905 ], [ 653549.50179202738218, 5592743.473573621362448 ], [ 653440.499019127804786, 5592908.224860309623182 ], [ 653260.086326219607145, 5592900.922891526482999 ], [ 653188.675365350209177, 5592728.865431316196918 ], [ 653297.681090892874636, 5592564.110756161622703 ], [ 653478.094824531697668, 5592571.41692971251905 ] ] ] } },
{ "type": "Feature", "properties": { "h3_index": "89ce8c0f043ffff", "pop_h3": 448.80562534894227, "eod_zona": 43 }, "geometry": { "type": "Polygon", "coordinates": [ [ [ 652053.350919049698859, 5588283.557937778532505 ], [ 652124.792548599420115, 5588455.699757467024028 ], [ 652015.763529073446989, 5588620.481579458341002 ], [ 651835.289923648815602, 5588613.124965162947774 ], [ 651763.844302216311917, 5588440.9823217689991 ], [ 651872.876278217183426, 5588276.197116352617741 ], [ 652053.350919049698859, 5588283.557937778532505 ] ] ] } },
{ "type": "Feature", "properties": { "h3_index": "89ce8c0c253ffff", "pop_h3": 0.0, "eod_zona": 36 }, "geometry": { "type": "Polygon", "coordinates": [ [ [ 649538.153331265319139, 5593765.496543064713478 ], [ 649609.617494906997308, 5593937.579521846957505 ], [ 649500.580232770764269, 5594102.369836252182722 ], [ 649320.075853117974475, 5594095.080563681200147 ], [ 649248.607691259356216, 5593922.996770162135363 ], [ 649357.64790739514865, 5593758.203063929453492 ], [ 649538.153331265319139, 5593765.496543064713478 ] ] ] } },
{ "type": "Feature", "properties": { "h3_index": "89ce8c0f327ffff", "pop_h3": 131.02115819298507, "eod_zona": 5 }, "geometry": { "type": "Polygon", "coordinates": [ [ [ 650090.719526457134634, 5591249.751099675893784 ], [ 650162.182613059179857, 5591421.868062431924045 ], [ 650053.143303604098037, 5591586.661108405329287 ], [ 649872.637952197808772, 5591579.340579848736525 ], [ 649801.170869673136622, 5591407.222798171453178 ], [ 649910.213134604506195, 5591242.426363952457905 ], [ 650090.719526457134634, 5591249.751099675893784 ] ] ] } },
{ "type": "Feature", "properties": { "h3_index": "89ce8c0f44bffff", "pop_h3": 0.0, "eod_zona": 61 }, "geometry": { "type": "Polygon", "coordinates": [ [ [ 652568.387269249767996, 5586104.496980228461325 ], [ 652639.827416006824933, 5586276.667718375101686 ], [ 652530.797042738529854, 5586441.451411835849285 ], [ 652350.323565117781982, 5586434.067747427150607 ], [ 652278.87942850321997, 5586261.896181956864893 ], [ 652387.912759498343803, 5586097.109108192846179 ], [ 652568.387269249767996, 5586104.496980228461325 ] ] ] } },
{ "type": "Feature", "properties": { "h3_index": "89ce8c0c29bffff", "pop_h3": 0.0, "eod_zona": 1 }, "geometry": { "type": "Polygon", "coordinates": [ [ [ 648819.764898231369443, 5592890.418659185059369 ], [ 648891.242722924798727, 5593062.52398054022342 ], [ 648782.195970562752336, 5593227.325236869044602 ], [ 648601.668438614346087, 5593220.024562809616327 ], [ 648530.186615572543815, 5593047.918425158597529 ], [ 648639.236322956974618, 5592883.113777838647366 ], [ 648819.764898231369443, 5592890.418659185059369 ] ] ] } },
{ "type": "Feature", "properties": { "h3_index": "89ce8c0e27bffff", "pop_h3": 74.315062974893195, "eod_zona": 49 }, "geometry": { "type": "Polygon", "coordinates": [ [ [ 647935.221068899380043, 5588623.416870764456689 ], [ 648006.725101829739287, 5588795.600818199105561 ], [ 647897.65730884775985, 5588960.426622495986521 ], [ 647717.08252451790031, 5588953.071865070611238 ], [ 647645.574495270615444, 5588780.887094032019377 ], [ 647754.645246797124855, 5588616.057904003188014 ], [ 647935.221068899380043, 5588623.416870764456689 ] ] ] } },
{ "type": "Feature", "properties": { "h3_index": "89ce8c0f16bffff", "pop_h3": 31.946175401029077, "eod_zona": 4 }, "geometry": { "type": "Polygon", "coordinates": [ [ [ 649661.907204366289079, 5590216.974038541316986 ], [ 649733.379948261426762, 5590389.112510484643281 ], [ 649624.333480502711609, 5590553.913852639496326 ], [ 649443.811312533449382, 5590546.58010989241302 ], [ 649372.334572985884733, 5590374.440817235037684 ], [ 649481.383997190510854, 5590209.636088011786342 ], [ 649661.907204366289079, 5590216.974038541316986 ] ] ] } },
{ "type": "Feature", "properties": { "h3_index": "89ce8c0d053ffff", "pop_h3": 41.322573512309816, "eod_zona": 37 }, "geometry": { "type": "Polygon", "coordinates": [ [ [ 653327.712794232764281, 5593918.614234223030508 ], [ 653399.118075910722837, 5594090.650994502939284 ], [ 653290.117784122237936, 5594255.399213773198426 ], [ 653109.709259008057415, 5594248.114063058048487 ], [ 653038.299982877681032, 5594076.076488732360303 ], [ 653147.303226440795697, 5593911.324879144318402 ], [ 653327.712794232764281, 5593918.614234223030508 ] ] ] } },
{ "type": "Feature", "properties": { "h3_index": "89ce8c0f30bffff", "pop_h3": 78.575077610480307, "eod_zona": 9 }, "geometry": { "type": "Polygon", "coordinates": [ [ [ 651248.827544107567519, 5590619.908652153797448 ], [ 651320.274651045678183, 5590792.022336897440255 ], [ 651211.244673489127308, 5590956.804875716567039 ], [ 651030.764633849728853, 5590949.477116650901735 ], [ 650959.313532600412145, 5590777.362612056545913 ], [ 651068.34646542952396, 5590612.576686350628734 ], [ 651248.827544107567519, 5590619.908652153797448 ] ] ] } },
{ "type": "Feature", "properties": { "h3_index": "89ce8c0d457ffff", "pop_h3": 74.41781254316038, "eod_zona": 33 }, "geometry": { "type": "Polygon", "coordinates": [ [ [ 653301.458991861902177, 5591718.396920600906014 ], [ 653372.871215425548144, 5591890.469286625273526 ], [ 653263.864251323277131, 5592055.225489039905369 ], [ 653083.442110441741534, 5592047.912712823599577 ], [ 653012.025893909391016, 5591875.839529033750296 ], [ 653121.035811356734484, 5591711.079939203336835 ], [ 653301.458991861902177, 5591718.396920600906014 ] ] ] } },
{ "type": "Feature", "properties": { "h3_index": "89ce8c0f18bffff", "pop_h3": 123.65169501836289, "eod_zona": 18 }, "geometry": { "type": "Polygon", "coordinates": [ [ [ 649308.180034586926922, 5588510.111570218577981 ], [ 649379.663262034882791, 5588682.281472875736654 ], [ 649270.608390067936853, 5588847.092613893561065 ], [ 649090.067332929000258, 5588839.737237196415663 ], [ 649018.58011064468883, 5588667.566510900855064 ], [ 649127.637940465589054, 5588502.751984919421375 ], [ 649308.180034586926922, 5588510.111570218577981 ] ] ] } },
{ "type": "Feature", "properties": { "h3_index": "89ce8c0c6afffff", "pop_h3": 0.0, "eod_zona": 2 }, "geometry": { "type": "Polygon", "coordinates": [ [ [ 648138.826847097370774, 5591678.260670265182853 ], [ 648210.318743633106351, 5591850.393303658813238 ], [ 648101.261870465707034, 5592015.206260670907795 ], [ 647920.710144625860266, 5592007.889973962679505 ], [ 647849.214249877957627, 5591835.75652214884758 ], [ 647958.274079311988316, 5591670.940175442956388 ], [ 648138.826847097370774, 5591678.260670265182853 ] ] ] } },
{ "type": "Feature", "properties": { "h3_index": "89ce8c0f58bffff", "pop_h3": 0.0, "eod_zona": 59 }, "geometry": { "type": "Polygon", "coordinates": [ [ [ 649571.18731657625176, 5586151.084315495565534 ], [ 649642.673447416862473, 5586323.288935201242566 ], [ 649533.614231728250161, 5586488.105334208346903 ], [ 649353.065925951930694, 5586480.720495196990669 ], [ 649281.57580216601491, 5586308.515047897584736 ], [ 649390.637977232923731, 5586143.695267179049551 ], [ 649571.18731657625176, 5586151.084315495565534 ] ] ] } },
{ "type": "Feature", "properties": { "h3_index": "89ce8c0521bffff", "pop_h3": 0.0, "eod_zona": 51 }, "geometry": { "type": "Polygon", "coordinates": [ [ [ 642198.989381014835089, 5586357.45393852610141 ], [ 642270.588343238458037, 5586529.740425875410438 ], [ 642161.458550561685115, 5586694.636952937580645 ], [ 641980.72683242498897, 5586687.25037793815136 ], [ 641909.123869599192403, 5586514.963062495924532 ], [ 642018.256625642185099, 5586350.063150125555694 ], [ 642198.989381014835089, 5586357.45393852610141 ] ] ] } },
{ "type": "Feature", "properties": { "h3_index": "89ce8c0c68bffff", "pop_h3": 207.73582462138145, "eod_zona": 4 }, "geometry": { "type": "Polygon", "coordinates": [ [ [ 649045.182882356457412, 5590868.858743312768638 ], [ 649116.663202363532037, 5591040.993888658471406 ], [ 649007.612693984177895, 5591205.799726506695151 ], [ 648827.078909394214861, 5591198.473807197995484 ], [ 648755.594592657638714, 5591026.337842168286443 ], [ 648864.648057367885485, 5590861.528616107068956 ], [ 649045.182882356457412, 5590868.858743312768638 ] ] ] } },
{ "type": "Feature", "properties": { "h3_index": "89ce8c05ed3ffff", "pop_h3": 65.254591207599987, "eod_zona": 23 }, "geometry": { "type": "Polygon", "coordinates": [ [ [ 638505.080923476372845, 5587730.946022212505341 ], [ 638576.732730146264657, 5587903.253193887881935 ], [ 638467.57139052846469, 5588068.185489595867693 ], [ 638286.755279916804284, 5588060.814002403989434 ], [ 638215.099467936437577, 5587888.506004527211189 ], [ 638324.263772009173408, 5587723.570320018567145 ], [ 638505.080923476372845, 5587730.946022212505341 ] ] ] } },
{ "type": "Feature", "properties": { "h3_index": "89ce8c0d5d7ffff", "pop_h3": 33.101318377292188, "eod_zona": 36 }, "geometry": { "type": "Polygon", "coordinates": [ [ [ 651098.497281753225252, 5591967.45917777530849 ], [ 651169.942715858342126, 5592139.552991360425949 ], [ 651060.91522562073078, 5592304.332483113743365 ], [ 650880.439347004285082, 5592297.021549997851253 ], [ 650808.989917506463826, 5592124.926918818615377 ], [ 650918.020362148643471, 5591960.144038323312998 ], [ 651098.497281753225252, 5591967.45917777530849 ] ] ] } },
{ "type": "Feature", "properties": { "h3_index": "89ce8c725afffff", "pop_h3": 0.0, "eod_zona": 33 }, "geometry": { "type": "Polygon", "coordinates": [ [ [ 655454.664086259668693, 5594342.805721590295434 ], [ 655526.035306970705278, 5594514.811110722832382 ], [ 655417.056763505912386, 5594679.53451604116708 ], [ 655236.704049173975363, 5594672.255922121927142 ], [ 655165.328835892723873, 5594500.249719901010394 ], [ 655274.310329640749842, 5594335.522924665361643 ], [ 655454.664086259668693, 5594342.805721590295434 ] ] ] } },
{ "type": "Feature", "properties": { "h3_index": "89ce8c725a3ffff", "pop_h3": 0.0, "eod_zona": 33 }, "geometry": { "type": "Polygon", "coordinates": [ [ [ 655492.271602807566524, 5594006.07118624728173 ], [ 655563.643247657455504, 5594178.081547097302973 ], [ 655454.664086259668693, 5594342.805721590295434 ], [ 655274.310329640749842, 5594335.522924665361643 ], [ 655202.934692490263842, 5594163.511750162579119 ], [ 655311.916804388747551, 5593998.784186214208603 ], [ 655492.271602807566524, 5594006.07118624728173 ] ] ] } },
{ "type": "Feature", "properties": { "h3_index": "89ce8c0e2dbffff", "pop_h3": 0.0, "eod_zona": 62 }, "geometry": { "type": "Polygon", "coordinates": [ [ [ 648375.122756739845499, 5587117.868750786408782 ], [ 648446.624448347487487, 5587290.071720094420016 ], [ 648337.556498516118154, 5587454.897903395816684 ], [ 648156.983897840138525, 5587447.524500904604793 ], [ 648085.478211403242312, 5587275.320705500431359 ], [ 648194.54912059858907, 5587110.491138664074242 ], [ 648375.122756739845499, 5587117.868750786408782 ] ] ] } },
{ "type": "Feature", "properties": { "h3_index": "89ce8c0c203ffff", "pop_h3": 0.0, "eod_zona": 1 }, "geometry": { "type": "Polygon", "coordinates": [ [ [ 648707.058749286690727, 5593901.12116944976151 ], [ 648778.535325210425071, 5594073.211567739024758 ], [ 648669.490456323488615, 5594238.010520867072046 ], [ 648488.966057278448716, 5594230.722468067891896 ], [ 648417.485482198186219, 5594058.631255176849663 ], [ 648526.533305453136563, 5593893.828909666277468 ], [ 648707.058749286690727, 5593901.12116944976151 ] ] ] } },
{ "type": "Feature", "properties": { "h3_index": "89ce8c0f187ffff", "pop_h3": 56.283556561676832, "eod_zona": 18 }, "geometry": { "type": "Polygon", "coordinates": [ [ [ 648766.54005378857255, 5588488.032219923101366 ], [ 648838.031685795867816, 5588660.208732796832919 ], [ 648728.971520441118628, 5588825.025889717042446 ], [ 648548.416765033151023, 5588817.669918918982148 ], [ 648476.921137650730088, 5588645.492582309991121 ], [ 648585.98426117899362, 5588480.672040209174156 ], [ 648766.54005378857255, 5588488.032219923101366 ] ] ] } },
{ "type": "Feature", "properties": { "h3_index": "89ce8c0d683ffff", "pop_h3": 0.0, "eod_zona": 33 }, "geometry": { "type": "Polygon", "coordinates": [ [ [ 654346.30123863730114, 5592099.098012045025826 ], [ 654417.696228427579626, 5592271.152205654419959 ], [ 654308.700457225204445, 5592435.895621259696782 ], [ 654128.306743870023638, 5592428.588230680674314 ], [ 654056.907761916401796, 5592256.533220073208213 ], [ 654165.906485608196817, 5592091.786417019553483 ], [ 654346.30123863730114, 5592099.098012045025826 ] ] ] } },
{ "type": "Feature", "properties": { "h3_index": "89ce8c0f2a3ffff", "pop_h3": 710.88431358601781, "eod_zona": 17 }, "geometry": { "type": "Polygon", "coordinates": [ [ [ 652230.082334753358737, 5589136.881411577574909 ], [ 652301.518717373372056, 5589309.007525047287345 ], [ 652192.49388911598362, 5589473.784453757107258 ], [ 652012.029722595936619, 5589466.438653454184532 ], [ 651940.589347686385736, 5589294.311717743985355 ], [ 652049.617131716338918, 5589129.53140455391258 ], [ 652230.082334753358737, 5589136.881411577574909 ] ] ] } },
{ "type": "Feature", "properties": { "h3_index": "89ce8c0f5bbffff", "pop_h3": 15.636237100056549, "eod_zona": 62 }, "geometry": { "type": "Polygon", "coordinates": [ [ [ 648991.955614659003913, 5586465.950220884755254 ], [ 649063.449731796397828, 5586638.156495541334152 ], [ 648954.385836987639777, 5586802.978162034414709 ], [ 648773.824865691829473, 5586795.596936237998307 ], [ 648702.326754801906645, 5586623.389834453351796 ], [ 648811.393609092570841, 5586458.564785569906235 ], [ 648991.955614659003913, 5586465.950220884755254 ] ] ] } },
{ "type": "Feature", "properties": { "h3_index": "89ce8c0d547ffff", "pop_h3": 0.0, "eod_zona": 36 }, "geometry": { "type": "Polygon", "coordinates": [ [ [ 651237.662332432111725, 5593157.440914736129344 ], [ 651309.102096326183528, 5593329.514028475619853 ], [ 651200.079429312609136, 5593494.287835003808141 ], [ 651019.614045053021982, 5593486.991918024607003 ], [ 650948.170285094063729, 5593314.917988715693355 ], [ 651057.195905588101596, 5593150.140791931189597 ], [ 651237.662332432111725, 5593157.440914736129344 ] ] ] } },
{ "type": "Feature", "properties": { "h3_index": "89ce8c0d2c7ffff", "pop_h3": 0.0, "eod_zona": 37 }, "geometry": { "type": "Polygon", "coordinates": [ [ [ 654586.632366444217041, 5594815.151000699028373 ], [ 654658.015566076734103, 5594987.158828396350145 ], [ 654549.030029136454687, 5595151.890094221569598 ], [ 654368.658342257374898, 5595144.616923262365162 ], [ 654297.271148845902644, 5594972.608283176086843 ], [ 654406.259636219940148, 5594807.873626413755119 ], [ 654586.632366444217041, 5594815.151000699028373 ] ] ] } },
{ "type": "Feature", "properties": { "h3_index": "89ce8c0f033ffff", "pop_h3": 149.74178341948479, "eod_zona": 42 }, "geometry": { "type": "Polygon", "coordinates": [ [ [ 650680.889983715140261, 5588396.825260791927576 ], [ 650752.352410034975037, 5588568.981120866723359 ], [ 650643.310462556080893, 5588733.777601118199527 ], [ 650462.803131719119847, 5588726.421605463139713 ], [ 650391.33671204035636, 5588554.264921717345715 ], [ 650500.381616684724577, 5588389.465057272464037 ], [ 650680.889983715140261, 5588396.825260791927576 ] ] ] } },
{ "type": "Feature", "properties": { "h3_index": "89ce8c0d0b7ffff", "pop_h3": 0.0, "eod_zona": 36 }, "geometry": { "type": "Polygon", "coordinates": [ [ [ 651451.976790032698773, 5593673.649495632387698 ], [ 651523.411719621391967, 5593845.711848770268261 ], [ 651414.392629444715567, 5594010.481497163884342 ], [ 651233.935656810528599, 5594003.192183235660195 ], [ 651162.496731021441519, 5593831.129015423357487 ], [ 651271.518774194526486, 5593666.355976189486682 ], [ 651451.976790032698773, 5593673.649495632387698 ] ] ] } },
{ "type": "Feature", "properties": { "h3_index": "89ce8c050afffff", "pop_h3": 0.0, "eod_zona": 51 }, "geometry": { "type": "Polygon", "coordinates": [ [ [ 639310.100098550086841, 5585392.324115146882832 ], [ 639381.746312442119233, 5585564.659418875351548 ], [ 639272.585810242686421, 5585729.590941002592444 ], [ 639091.776128610246815, 5585722.190544698387384 ], [ 639020.125911843730137, 5585549.854410907253623 ], [ 639129.289379714173265, 5585384.919503459706903 ], [ 639310.100098550086841, 5585392.324115146882832 ] ] ] } },
{ "type": "Feature", "properties": { "h3_index": "89ce8c0f67bffff", "pop_h3": 425.73599574528617, "eod_zona": 47 }, "geometry": { "type": "Polygon", "coordinates": [ [ [ 653752.611225048778579, 5587676.007718603126705 ], [ 653824.028492020210251, 5587848.139634072780609 ], [ 653715.014130589435808, 5588012.904922684654593 ], [ 653534.579546360066161, 5588005.541677658446133 ], [ 653463.158289656159468, 5587833.408937652595341 ], [ 653572.175607040640898, 5587668.640267186798155 ], [ 653752.611225048778579, 5587676.007718603126705 ] ] ] } },
{ "type": "Feature", "properties": { "h3_index": "89ce8c0f05bffff", "pop_h3": 413.31214311424168, "eod_zona": 43 }, "geometry": { "type": "Polygon", "coordinates": [ [ [ 652342.848865379230119, 5588126.13799056224525 ], [ 652414.286503448500298, 5588298.278986315242946 ], [ 652305.259823207277805, 5588463.058178239502013 ], [ 652124.792548599420115, 5588455.699757467024028 ], [ 652053.350919049698859, 5588283.557937778532505 ], [ 652162.380555715411901, 5588118.775362770073116 ], [ 652342.848865379230119, 5588126.13799056224525 ] ] ] } },
{ "type": "Feature", "properties": { "h3_index": "89ce8c0f0a3ffff", "pop_h3": 360.24630021656071, "eod_zona": 44 }, "geometry": { "type": "Polygon", "coordinates": [ [ [ 650466.493052916717716, 5587880.336188872344792 ], [ 650537.960305045708083, 5588052.502794655039907 ], [ 650428.914780738996342, 5588217.303412097506225 ], [ 650248.399046784616075, 5588209.940807341597974 ], [ 650176.927801433717832, 5588037.773376991041005 ], [ 650285.976283392054029, 5587872.969375942833722 ], [ 650466.493052916717716, 5587880.336188872344792 ] ] ] } },
{ "type": "Feature", "properties": { "h3_index": "89ce8c0c687ffff", "pop_h3": 0.0, "eod_zona": 2 }, "geometry": { "type": "Polygon", "coordinates": [ [ [ 648503.564710489823483, 5590846.867769498378038 ], [ 648575.053439414827153, 5591019.009522905573249 ], [ 648465.997643531300128, 5591183.821376695297658 ], [ 648285.450162201654166, 5591176.494865489192307 ], [ 648213.957436009193771, 5591004.352292300201952 ], [ 648323.016188540263101, 5590839.537050081416965 ], [ 648503.564710489823483, 5590846.867769498378038 ] ] ] } },
{ "type": "Feature", "properties": { "h3_index": "89ce8c0f0abffff", "pop_h3": 509.17295579145889, "eod_zona": 42 }, "geometry": { "type": "Polygon", "coordinates": [ [ [ 650718.469707782496698, 5588059.867206139490008 ], [ 650789.932550634723157, 5588232.028027079999447 ], [ 650680.889983715140261, 5588396.825260791927576 ], [ 650500.381616684724577, 5588389.465057272464037 ], [ 650428.914780738996342, 5588217.303412097506225 ], [ 650537.960305045708083, 5588052.502794655039907 ], [ 650718.469707782496698, 5588059.867206139490008 ] ] ] } },
{ "type": "Feature", "properties": { "h3_index": "89ce8c0d6b3ffff", "pop_h3": 393.05207690022235, "eod_zona": 33 }, "geometry": { "type": "Polygon", "coordinates": [ [ [ 653767.505623634671792, 5592413.972859295085073 ], [ 653838.908598156413063, 5592586.028686670586467 ], [ 653729.908158585662022, 5592750.777349782176316 ], [ 653549.50179202738218, 5592743.473573621362448 ], [ 653478.094824531697668, 5592571.41692971251905 ], [ 653587.098216697340831, 5592406.664878472685814 ], [ 653767.505623634671792, 5592413.972859295085073 ] ] ] } },
{ "type": "Feature", "properties": { "h3_index": "89ce8c0f34fffff", "pop_h3": 444.95486673764998, "eod_zona": 34 }, "geometry": { "type": "Polygon", "coordinates": [ [ [ 651752.657400929601863, 5590978.78696917463094 ], [ 651824.095683126826771, 5591150.889081835746765 ], [ 651715.071615310036577, 5591315.664846503175795 ], [ 651534.606310691218823, 5591308.34188562259078 ], [ 651463.164034450775944, 5591136.238953772932291 ], [ 651572.191057002171874, 5590971.459801968187094 ], [ 651752.657400929601863, 5590978.78696917463094 ] ] ] } },
{ "type": "Feature", "properties": { "h3_index": "89ce8c089b3ffff", "pop_h3": 0.0, "eod_zona": 32 }, "geometry": { "type": "Polygon", "coordinates": [ [ [ 654030.693380345590413, 5590056.181016396731138 ], [ 654102.09930378315039, 5590228.271604629233479 ], [ 653993.094542217790149, 5590393.02559707313776 ], [ 653812.680903231957927, 5590385.692386148497462 ], [ 653741.270988709991798, 5590213.600977431982756 ], [ 653850.278704388765618, 5590048.843600102700293 ], [ 654030.693380345590413, 5590056.181016396731138 ] ] ] } },
{ "type": "Feature", "properties": { "h3_index": "89ce8c089b7ffff", "pop_h3": 84.205938279519685, "eod_zona": 32 }, "geometry": { "type": "Polygon", "coordinates": [ [ [ 653741.270988709991798, 5590213.600977431982756 ], [ 653812.680903231957927, 5590385.692386148497462 ], [ 653703.673803982557729, 5590550.449005371890962 ], [ 653523.253836176241748, 5590543.11760107986629 ], [ 653451.839930167305283, 5590371.025372111238539 ], [ 653560.849983581108972, 5590206.265367664396763 ], [ 653741.270988709991798, 5590213.600977431982756 ] ] ] } },
{ "type": "Feature", "properties": { "h3_index": "89ce8c0e2b7ffff", "pop_h3": 0.0, "eod_zona": 49 }, "geometry": { "type": "Polygon", "coordinates": [ [ [ 646422.538821524009109, 5587546.00181374233216 ], [ 646494.069308444974013, 5587718.220486674457788 ], [ 646384.983760167728178, 5587883.0666034957394 ], [ 646204.36476494173985, 5587875.697432345710695 ], [ 646132.830280903610401, 5587703.477933815680444 ], [ 646241.918789337389171, 5587538.628432010300457 ], [ 646422.538821524009109, 5587546.00181374233216 ] ] ] } },
{ "type": "Feature", "properties": { "h3_index": "89ce8c0d5a7ffff", "pop_h3": 0.43425821852990365, "eod_zona": 36 }, "geometry": { "type": "Polygon", "coordinates": [ [ [ 649650.873882673913613, 5592754.842215449549258 ], [ 649722.339297762257047, 5592926.940114676952362 ], [ 649613.300156539073214, 5593091.732730920426548 ], [ 649432.79264570446685, 5593084.430838353931904 ], [ 649361.323233208153397, 5592912.332122697494924 ], [ 649470.365329083520919, 5592747.536116014234722 ], [ 649650.873882673913613, 5592754.842215449549258 ] ] ] } },
{ "type": "Feature", "properties": { "h3_index": "89ce8c0f65bffff", "pop_h3": 149.69918394546352, "eod_zona": 48 }, "geometry": { "type": "Polygon", "coordinates": [ [ [ 654369.091653432580642, 5587024.322590010240674 ], [ 654440.50136244436726, 5587196.457811708562076 ], [ 654331.491073199780658, 5587361.218589843250811 ], [ 654151.068119004950859, 5587353.84752696659416 ], [ 654079.654421339277178, 5587181.711479707621038 ], [ 654188.667666650959291, 5587016.947320862673223 ], [ 654369.091653432580642, 5587024.322590010240674 ] ] ] } },
{ "type": "Feature", "properties": { "h3_index": "89ce8c052b7ffff", "pop_h3": 0.0, "eod_zona": 51 }, "geometry": { "type": "Polygon", "coordinates": [ [ [ 640862.143988651456311, 5586133.408723269589245 ], [ 640933.76417199568823, 5586305.714239808730781 ], [ 640824.620824970537797, 5586470.626196551136672 ], [ 640643.854330456699245, 5586463.236022338271141 ], [ 640572.230145308421925, 5586290.92967716883868 ], [ 640681.376456606434658, 5586126.014334818348289 ], [ 640862.143988651456311, 5586133.408723269589245 ] ] ] } },
{ "type": "Feature", "properties": { "h3_index": "89ce8c0f003ffff", "pop_h3": 382.45146604197112, "eod_zona": 42 }, "geometry": { "type": "Polygon", "coordinates": [ [ [ 651259.970520056784153, 5588081.959251306951046 ], [ 651331.424960864009336, 5588254.113463344983757 ], [ 651222.38768930057995, 5588418.904682691209018 ], [ 651041.893019995186478, 5588411.545073493383825 ], [ 650970.434586633113213, 5588239.390037319622934 ], [ 651079.474815260618925, 5588074.595434456132352 ], [ 651259.970520056784153, 5588081.959251306951046 ] ] ] } },
{ "type": "Feature", "properties": { "h3_index": "89ce8c0c283ffff", "pop_h3": 0.0, "eod_zona": 1 }, "geometry": { "type": "Polygon", "coordinates": [ [ [ 648530.186615572543815, 5593047.918425158597529 ], [ 648601.668438614346087, 5593220.024562809616327 ], [ 648492.619358867988922, 5593384.82844378426671 ], [ 648312.085501137189567, 5593377.529578411020339 ], [ 648240.599679342354648, 5593205.422624699771404 ], [ 648349.651714160805568, 5593040.6153523940593 ], [ 648530.186615572543815, 5593047.918425158597529 ] ] ] } },
{ "type": "Feature", "properties": { "h3_index": "89ce8c0f1b7ffff", "pop_h3": 305.71086691257136, "eod_zona": 49 }, "geometry": { "type": "Polygon", "coordinates": [ [ [ 648187.293555755633861, 5588802.95738316886127 ], [ 648258.793178919237107, 5588975.135543283075094 ], [ 648149.728344211122021, 5589139.957961723208427 ], [ 647969.160928194527514, 5589132.605605882592499 ], [ 647897.65730884775985, 5588960.426622495986521 ], [ 648006.725101829739287, 5588795.600818199105561 ], [ 648187.293555755633861, 5588802.95738316886127 ] ] ] } },
{ "type": "Feature", "properties": { "h3_index": "89ce8c0e3d7ffff", "pop_h3": 0.0, "eod_zona": 57 }, "geometry": { "type": "Polygon", "coordinates": [ [ [ 645805.561339884297922, 5588198.030201301909983 ], [ 645877.099410520400852, 5588370.245561564341187 ], [ 645768.009821490268223, 5588535.096190785057843 ], [ 645587.379201913718134, 5588527.734845846891403 ], [ 645515.837133082794026, 5588355.518661017529666 ], [ 645624.929682151996531, 5588190.66464567091316 ], [ 645805.561339884297922, 5588198.030201301909983 ] ] ] } },
{ "type": "Feature", "properties": { "h3_index": "89ce8c05e9bffff", "pop_h3": 78.631588266029524, "eod_zona": 23 }, "geometry": { "type": "Polygon", "coordinates": [ [ [ 637962.615765528171323, 5587708.818319492973387 ], [ 638034.275985120097175, 5587881.132111852057278 ], [ 637925.109355360735208, 5588046.070432185195386 ], [ 637744.279541365453042, 5588038.698349145241082 ], [ 637672.615315927076153, 5587866.383730484172702 ], [ 637781.784910459071398, 5587701.442021138034761 ], [ 637962.615765528171323, 5587708.818319492973387 ] ] ] } },
{ "type": "Feature", "properties": { "h3_index": "89ce8c0f617ffff", "pop_h3": 80.117390093789936, "eod_zona": 46 }, "geometry": { "type": "Polygon", "coordinates": [ [ [ 653034.596951649989933, 5586800.537319766357541 ], [ 653106.027864303905517, 5586972.69153845962137 ], [ 652997.004019747371785, 5587137.467722062952816 ], [ 652816.546305688796565, 5587130.093067964538932 ], [ 652745.111403172137216, 5586957.938023177906871 ], [ 652854.138204704737291, 5586793.158458559773862 ], [ 653034.596951649989933, 5586800.537319766357541 ] ] ] } },
{ "type": "Feature", "properties": { "h3_index": "89ce8c0c0d7ffff", "pop_h3": 0.0, "eod_zona": 49 }, "geometry": { "type": "Polygon", "coordinates": [ [ [ 647307.523267595330253, 5591813.799871455878019 ], [ 647379.027574032894336, 5591985.939931414090097 ], [ 647269.963087514741346, 5592150.761531841009855 ], [ 647089.391338053741492, 5592143.44646253157407 ], [ 647017.883032465935685, 5591971.305584285408258 ], [ 647126.950475616031326, 5591806.480593610554934 ], [ 647307.523267595330253, 5591813.799871455878019 ] ] ] } },
{ "type": "Feature", "properties": { "h3_index": "89ce8c0d063ffff", "pop_h3": 0.0, "eod_zona": 37 }, "geometry": { "type": "Polygon", "coordinates": [ [ [ 652673.695355965290219, 5594907.121129950508475 ], [ 652745.107784628635272, 5595079.149569100700319 ], [ 652636.104078349773772, 5595243.901490443386137 ], [ 652455.684992098016664, 5595236.628364531323314 ], [ 652384.268567637074739, 5595064.599112925119698 ], [ 652493.275225354591385, 5594899.843799663707614 ], [ 652673.695355965290219, 5594907.121129950508475 ] ] ] } },
{ "type": "Feature", "properties": { "h3_index": "89ce8c0d563ffff", "pop_h3": 0.0, "eod_zona": 36 }, "geometry": { "type": "Polygon", "coordinates": [ [ [ 650910.589048616704531, 5593651.768347975797951 ], [ 650982.032389832893386, 5593823.837304165586829 ], [ 650873.008017857908271, 5593988.61296636518091 ], [ 650692.537351481849328, 5593981.323063407093287 ], [ 650621.090013529639691, 5593809.253292444162071 ], [ 650730.117338818265125, 5593644.474239189177752 ], [ 650910.589048616704531, 5593651.768347975797951 ] ] ] } },
{ "type": "Feature", "properties": { "h3_index": "89ce8c0e21bffff", "pop_h3": 0.0, "eod_zona": 49 }, "geometry": { "type": "Polygon", "coordinates": [ [ [ 647758.262055461062118, 5587769.813170627690852 ], [ 647829.77132415259257, 5587942.012830573134124 ], [ 647720.699324489687569, 5588106.843527456745505 ], [ 647540.115097012137994, 5588099.47794905398041 ], [ 647468.601832411251962, 5587927.277464045211673 ], [ 647577.67679132334888, 5587762.443382482044399 ], [ 647758.262055461062118, 5587769.813170627690852 ] ] ] } },
{ "type": "Feature", "properties": { "h3_index": "89ce8c08dabffff", "pop_h3": 0.0, "eod_zona": 24 }, "geometry": { "type": "Polygon", "coordinates": [ [ [ 654508.112460169941187, 5588214.474070751108229 ], [ 654579.516498189885169, 5588386.588640023954213 ], [ 654470.511003007180989, 5588551.34378232434392 ], [ 654290.098514786339365, 5588543.987737556919456 ], [ 654218.690487433923408, 5588371.872344747185707 ], [ 654327.698937764158472, 5588207.113820215687156 ], [ 654508.112460169941187, 5588214.474070751108229 ] ] ] } },
{ "type": "Feature", "properties": { "h3_index": "89ce8c0f533ffff", "pop_h3": 35.244427489569588, "eod_zona": 62 }, "geometry": { "type": "Polygon", "coordinates": [ [ [ 648916.816265895497054, 5587140.000395654700696 ], [ 648988.309554986655712, 5587312.196753007359803 ], [ 648879.246901707374491, 5587477.016919997520745 ], [ 648698.688000421505421, 5587469.644112935289741 ], [ 648627.190717037185095, 5587297.446929587051272 ], [ 648736.256329361116514, 5587132.623379276134074 ], [ 648916.816265895497054, 5587140.000395654700696 ] ] ] } },
{ "type": "Feature", "properties": { "h3_index": "89ce8c08963ffff", "pop_h3": 0.0, "eod_zona": 32 }, "geometry": { "type": "Polygon", "coordinates": [ [ [ 654962.66649187146686, 5591447.44443476665765 ], [ 655034.053921141079627, 5591619.501959719695151 ], [ 654925.062204439425841, 5591784.240889606066048 ], [ 654744.680105993989855, 5591776.925680826418102 ], [ 654673.288685636944138, 5591604.867337848059833 ], [ 654782.283354943967424, 5591440.125021651387215 ], [ 654962.66649187146686, 5591447.44443476665765 ] ] ] } },
{ "type": "Feature", "properties": { "h3_index": "89ce8c0f15bffff", "pop_h3": 45.395674332864473, "eod_zona": 14 }, "geometry": { "type": "Polygon", "coordinates": [ [ [ 650316.181186372879893, 5589228.170793163590133 ], [ 650387.646773275453597, 5589400.317551590502262 ], [ 650278.603730048984289, 5589565.115151506848633 ], [ 650098.092143262154423, 5589557.769378438591957 ], [ 650026.622562050935812, 5589385.621797705069184 ], [ 650135.66856206045486, 5589220.820812324993312 ], [ 650316.181186372879893, 5589228.170793163590133 ] ] ] } },
{ "type": "Feature", "properties": { "h3_index": "89ce8c0e2cfffff", "pop_h3": 0.0, "eod_zona": 62 }, "geometry": { "type": "Polygon", "coordinates": [ [ [ 648047.913611077121459, 5587612.353317078202963 ], [ 648119.418884264188819, 5587784.552151722833514 ], [ 648010.349220336647704, 5587949.380216309800744 ], [ 647829.77132415259257, 5587942.012830573134124 ], [ 647758.262055461062118, 5587769.813170627690852 ], [ 647867.334678587387316, 5587604.981721702963114 ], [ 648047.913611077121459, 5587612.353317078202963 ] ] ] } },
{ "type": "Feature", "properties": { "h3_index": "89ce8c089afffff", "pop_h3": 0.0, "eod_zona": 32 }, "geometry": { "type": "Polygon", "coordinates": [ [ [ 653955.495899273781106, 5590729.864455802366138 ], [ 654026.900980572798289, 5590901.945116459392011 ], [ 653917.897451837547123, 5591066.697590840980411 ], [ 653737.485888254712336, 5591059.37279035244137 ], [ 653666.076815330889076, 5590887.291310340166092 ], [ 653775.083297746023163, 5590722.535450144670904 ], [ 653955.495899273781106, 5590729.864455802366138 ] ] ] } },
{ "type": "Feature", "properties": { "h3_index": "89ce8c0c44fffff", "pop_h3": 0.0, "eod_zona": 49 }, "geometry": { "type": "Polygon", "coordinates": [ [ [ 647961.905447495169938, 5590824.87501897662878 ], [ 648033.402585791773163, 5590997.023380944505334 ], [ 647924.341502611292526, 5591161.841251119039953 ], [ 647743.780324293649755, 5591154.514147939160466 ], [ 647672.279188191634603, 5590982.364966086111963 ], [ 647781.343228340381756, 5590817.543707272969186 ], [ 647961.905447495169938, 5590824.87501897662878 ] ] ] } },
{ "type": "Feature", "properties": { "h3_index": "89ce8c0f307ffff", "pop_h3": 495.08264737320081, "eod_zona": 6 }, "geometry": { "type": "Polygon", "coordinates": [ [ [ 650707.370611948426813, 5590597.912162519060075 ], [ 650778.826125374645926, 5590770.032453603111207 ], [ 650669.790858660358936, 5590934.821006614714861 ], [ 650489.297123058349825, 5590927.492655622772872 ], [ 650417.837614785064943, 5590755.371544587425888 ], [ 650526.875837091123685, 5590590.57960447575897 ], [ 650707.370611948426813, 5590597.912162519060075 ] ] ] } },
{ "type": "Feature", "properties": { "h3_index": "89ce8c0d437ffff", "pop_h3": 161.82881836904409, "eod_zona": 35 }, "geometry": { "type": "Polygon", "coordinates": [ [ [ 651891.793532826704904, 5592168.802773430012167 ], [ 651963.226144661661237, 5592340.884195725433528 ], [ 651854.206894236733206, 5592505.654285049065948 ], [ 651673.752078294055536, 5592498.346340700052679 ], [ 651602.315471743466333, 5592326.264101241715252 ], [ 651711.337675981922075, 5592161.49062327016145 ], [ 651891.793532826704904, 5592168.802773430012167 ] ] ] } },
{ "type": "Feature", "properties": { "h3_index": "89ce8c0d00bffff", "pop_h3": 93.690588203505868, "eod_zona": 37 }, "geometry": { "type": "Polygon", "coordinates": [ [ [ 652748.878516082884744, 5594233.543173018842936 ], [ 652820.291787067544647, 5594405.581561159342527 ], [ 652711.286835318198428, 5594570.335023562423885 ], [ 652530.865660834591836, 5594563.05348880123347 ], [ 652459.448394589708187, 5594391.014287081547081 ], [ 652568.456298215663992, 5594226.257433683611453 ], [ 652748.878516082884744, 5594233.543173018842936 ] ] ] } },
{ "type": "Feature", "properties": { "h3_index": "89ce8c0e273ffff", "pop_h3": 0.0, "eod_zona": 49 }, "geometry": { "type": "Polygon", "coordinates": [ [ [ 647683.13680431956891, 5588443.868169173598289 ], [ 647754.645246797124855, 5588616.057904003188014 ], [ 647645.574495270615444, 5588780.887094032019377 ], [ 647464.992342580808327, 5588773.529934818856418 ], [ 647393.479903651401401, 5588601.339376055635512 ], [ 647502.553613989730366, 5588436.506800416857004 ], [ 647683.13680431956891, 5588443.868169173598289 ] ] ] } },
{ "type": "Feature", "properties": { "h3_index": "89ce8c0c48fffff", "pop_h3": 0.0, "eod_zona": 49 }, "geometry": { "type": "Polygon", "coordinates": [ [ [ 646991.138029246474616, 5589769.87536312174052 ], [ 647062.653226711554453, 5589942.051848367787898 ], [ 646953.579686907818541, 5590106.884030855260789 ], [ 646772.987991512403823, 5590099.543115757405758 ], [ 646701.468795980792493, 5589927.365808740258217 ], [ 646810.545294042560272, 5589762.530238569714129 ], [ 646991.138029246474616, 5589769.87536312174052 ] ] ] } },
{ "type": "Feature", "properties": { "h3_index": "89ce8c05287ffff", "pop_h3": 0.0, "eod_zona": 51 }, "geometry": { "type": "Polygon", "coordinates": [ [ [ 641441.945680418517441, 5585818.380152666009963 ], [ 641513.557861358509399, 5585990.684011247940361 ], [ 641404.419177778414451, 5586155.590693851001561 ], [ 641223.665349211543798, 5586148.196902777068317 ], [ 641152.049167270073667, 5585975.892215100117028 ], [ 641261.190815026056953, 5585810.982147567905486 ], [ 641441.945680418517441, 5585818.380152666009963 ] ] ] } },
{ "type": "Feature", "properties": { "h3_index": "89ce8c0f2bbffff", "pop_h3": 507.09204179420243, "eod_zona": 27 }, "geometry": { "type": "Polygon", "coordinates": [ [ [ 652519.566653501242399, 5588979.455541137605906 ], [ 652590.99904423346743, 5589151.580832132138312 ], [ 652481.976553966524079, 5589316.355132029391825 ], [ 652301.518717373372056, 5589309.007525047287345 ], [ 652230.082334753358737, 5589136.881411577574909 ], [ 652339.107780743157491, 5588972.103727543726563 ], [ 652519.566653501242399, 5588979.455541137605906 ] ] ] } },
{ "type": "Feature", "properties": { "h3_index": "89ce8c0584bffff", "pop_h3": 50.640772309703593, "eod_zona": 58 }, "geometry": { "type": "Polygon", "coordinates": [ [ [ 636867.583867709850892, 5590205.016960139386356 ], [ 636939.253698268090375, 5590377.303397063165903 ], [ 636830.083948907558806, 5590542.245079419575632 ], [ 636649.241405512089841, 5590534.903717655688524 ], [ 636577.567566271871328, 5590362.616458526812494 ], [ 636686.740279237856157, 5590197.671383346430957 ], [ 636867.583867709850892, 5590205.016960139386356 ] ] ] } },
{ "type": "Feature", "properties": { "h3_index": "89ce8c0d69bffff", "pop_h3": 0.0, "eod_zona": 33 }, "geometry": { "type": "Polygon", "coordinates": [ [ [ 654635.686053059413098, 5591941.667235221713781 ], [ 654707.077051087515429, 5592113.72061159927398 ], [ 654598.083614929812029, 5592278.461403271183372 ], [ 654417.696228427579626, 5592271.152205654419959 ], [ 654346.30123863730114, 5592099.098012045025826 ], [ 654455.297627238323912, 5591934.353833262808621 ], [ 654635.686053059413098, 5591941.667235221713781 ] ] ] } },
{ "type": "Feature", "properties": { "h3_index": "89ce8c089bbffff", "pop_h3": 0.0, "eod_zona": 32 }, "geometry": { "type": "Polygon", "coordinates": [ [ [ 654282.506613784236833, 5590235.606622073799372 ], [ 654353.908125242451206, 5590407.69142677821219 ], [ 654244.906317521817982, 5590572.442034211009741 ], [ 654064.500044627580792, 5590565.111221929080784 ], [ 653993.094542217790149, 5590393.02559707313776 ], [ 654102.09930378315039, 5590228.271604629233479 ], [ 654282.506613784236833, 5590235.606622073799372 ] ] ] } },
{ "type": "Feature", "properties": { "h3_index": "89ce8c0c25bffff", "pop_h3": 0.0, "eod_zona": 36 }, "geometry": { "type": "Polygon", "coordinates": [ [ [ 649790.115549513720907, 5593944.870603076182306 ], [ 649861.575297762872651, 5594116.947792333550751 ], [ 649752.540989357978106, 5594281.734714789316058 ], [ 649572.043979098438285, 5594274.447839915752411 ], [ 649500.580232770764269, 5594102.369836252182722 ], [ 649609.617494906997308, 5593937.579521846957505 ], [ 649790.115549513720907, 5593944.870603076182306 ] ] ] } },
{ "type": "Feature", "properties": { "h3_index": "89ce8c0f577ffff", "pop_h3": 122.10871262276483, "eod_zona": 62 }, "geometry": { "type": "Polygon", "coordinates": [ [ [ 649420.896207232028246, 5587499.134150452911854 ], [ 649492.380679484107532, 5587671.318936778232455 ], [ 649383.323943492141552, 5587836.132336754351854 ], [ 649202.779776863986626, 5587828.764333950355649 ], [ 649131.291310583474115, 5587656.578722295351326 ], [ 649240.351005085161887, 5587491.761938748881221 ], [ 649420.896207232028246, 5587499.134150452911854 ] ] ] } },
{ "type": "Feature", "properties": { "h3_index": "89ce8c0f267ffff", "pop_h3": 253.33577540060014, "eod_zona": 32 }, "geometry": { "type": "Polygon", "coordinates": [ [ [ 652910.544232429703698, 5590349.023370477370918 ], [ 652981.966542491107248, 5590521.122204063460231 ], [ 652872.951815322390758, 5590685.887462392449379 ], [ 652692.51182368863374, 5590678.557272890582681 ], [ 652621.085521198110655, 5590506.457619186490774 ], [ 652730.103202900150791, 5590341.688975079916418 ], [ 652910.544232429703698, 5590349.023370477370918 ] ] ] } },
{ "type": "Feature", "properties": { "h3_index": "89ce8c0a903ffff", "pop_h3": 0.0, "eod_zona": 46 }, "geometry": { "type": "Polygon", "coordinates": [ [ [ 653549.645369670120999, 5584621.459679091349244 ], [ 653621.074804939213209, 5584793.642788895405829 ], [ 653512.049628730514087, 5584958.420817416161299 ], [ 653331.592059151967987, 5584951.019113998860121 ], [ 653260.158636044943705, 5584778.835174479521811 ], [ 653369.186770483618602, 5584614.05376806948334 ], [ 653549.645369670120999, 5584621.459679091349244 ] ] ] } },
{ "type": "Feature", "properties": { "h3_index": "89ce8c0d6c3ffff", "pop_h3": 0.0, "eod_zona": 33 }, "geometry": { "type": "Polygon", "coordinates": [ [ [ 655139.218387750792317, 5592300.387815510854125 ], [ 655210.600557491648942, 5592472.429623316042125 ], [ 655101.613025409867987, 5592637.163640392944217 ], [ 654921.240371808526106, 5592629.859237001277506 ], [ 654849.85421057487838, 5592457.816612627357244 ], [ 654958.84469456190709, 5592293.07920819055289 ], [ 655139.218387750792317, 5592300.387815510854125 ] ] ] } },
{ "type": "Feature", "properties": { "h3_index": "89ce8c0f31bffff", "pop_h3": 405.39495858752872, "eod_zona": 10 }, "geometry": { "type": "Polygon", "coordinates": [ [ [ 651286.410617540939711, 5590283.006703390739858 ], [ 651357.858142482116818, 5590455.125353873707354 ], [ 651248.827544107567519, 5590619.908652153797448 ], [ 651068.34646542952396, 5590612.576686350628734 ], [ 650996.89494644862134, 5590440.457215452566743 ], [ 651105.928500314475968, 5590275.670530747622252 ], [ 651286.410617540939711, 5590283.006703390739858 ] ] ] } },
{ "type": "Feature", "properties": { "h3_index": "89ce8c0506bffff", "pop_h3": 0.0, "eod_zona": 50 }, "geometry": { "type": "Polygon", "coordinates": [ [ [ 640572.230145308421925, 5586290.92967716883868 ], [ 640643.854330456699245, 5586463.236022338271141 ], [ 640534.708652572589926, 5586628.150615971535444 ], [ 640353.9358253441751, 5586620.762250360101461 ], [ 640282.3076379817212, 5586448.455076794140041 ], [ 640391.456280190264806, 5586283.537097210995853 ], [ 640572.230145308421925, 5586290.92967716883868 ] ] ] } },
{ "type": "Feature", "properties": { "h3_index": "89ce8c0e657ffff", "pop_h3": 0.0, "eod_zona": 62 }, "geometry": { "type": "Polygon", "coordinates": [ [ [ 648273.304345498559996, 5585590.072023523040116 ], [ 648344.81209696107544, 5585762.300610383972526 ], [ 648235.738702093367465, 5585927.133170645684004 ], [ 648055.15459538763389, 5585919.740525575354695 ], [ 647983.642850042553619, 5585747.51111002266407 ], [ 648092.719205417437479, 5585582.675168212503195 ], [ 648273.304345498559996, 5585590.072023523040116 ] ] ] } },
{ "type": "Feature", "properties": { "h3_index": "89ce8c0c297ffff", "pop_h3": 0.0, "eod_zona": 1 }, "geometry": { "type": "Polygon", "coordinates": [ [ [ 648278.165476815425791, 5592868.50342483446002 ], [ 648349.651714160805568, 5593040.6153523940593 ], [ 648240.599679342354648, 5593205.422624699771404 ], [ 648060.058451966848224, 5593198.121360627003014 ], [ 647988.568215736770071, 5593026.008616673760116 ], [ 648097.623205895186402, 5592861.197953159920871 ], [ 648278.165476815425791, 5592868.50342483446002 ] ] ] } },
{ "type": "Feature", "properties": { "h3_index": "89ce8c0f1cfffff", "pop_h3": 146.43479281432116, "eod_zona": 18 }, "geometry": { "type": "Polygon", "coordinates": [ [ [ 649812.20416538673453, 5588869.157555911689997 ], [ 649883.678573001874611, 5589041.315886301919818 ], [ 649774.629615942016244, 5589206.12025701906532 ], [ 649594.103294077562168, 5589198.769682537764311 ], [ 649522.624891891260631, 5589026.61052917316556 ], [ 649631.676806270261295, 5588861.802773241885006 ], [ 649812.20416538673453, 5588869.157555911689997 ] ] ] } },
{ "type": "Feature", "properties": { "h3_index": "89ce8c058cbffff", "pop_h3": 34.406871956166711, "eod_zona": 58 }, "geometry": { "type": "Polygon", "coordinates": [ [ [ 636690.063710654503666, 5589350.887332516722381 ], [ 636761.738753357552923, 5589523.189513870514929 ], [ 636652.56475365976803, 5589688.136106731370091 ], [ 636471.712747073615901, 5589680.783909988589585 ], [ 636400.033696097671054, 5589508.480904964730144 ], [ 636509.210660109762102, 5589343.530920334160328 ], [ 636690.063710654503666, 5589350.887332516722381 ] ] ] } },
{ "type": "Feature", "properties": { "h3_index": "89ce8c0e06bffff", "pop_h3": 0.0, "eod_zona": 49 }, "geometry": { "type": "Polygon", "coordinates": [ [ [ 646132.830280903610401, 5587703.477933815680444 ], [ 646204.36476494173985, 5587875.697432345710695 ], [ 646095.276882494799793, 5588040.546182127669454 ], [ 645914.651555930031464, 5588033.178818677552044 ], [ 645843.113074370776303, 5587860.958494782447815 ], [ 645952.203917026054114, 5587696.106359679251909 ], [ 646132.830280903610401, 5587703.477933815680444 ] ] ] } },
{ "type": "Feature", "properties": { "h3_index": "89ce8c0f553ffff", "pop_h3": 335.69881855373404, "eod_zona": 45 }, "geometry": { "type": "Polygon", "coordinates": [ [ [ 650327.236305614118464, 5586689.833550127223134 ], [ 650398.709213786991313, 5586862.02081694547087 ], [ 650289.658874625456519, 5587026.827070065774024 ], [ 650109.132668848265894, 5587019.449438431300223 ], [ 650037.655768129974604, 5586847.26134501863271 ], [ 650146.709065864095464, 5586682.451709809713066 ], [ 650327.236305614118464, 5586689.833550127223134 ] ] ] } },
{ "type": "Feature", "properties": { "h3_index": "89ce8c0896fffff", "pop_h3": 0.0, "eod_zona": 32 }, "geometry": { "type": "Polygon", "coordinates": [ [ [ 654925.062204439425841, 5591784.240889606066048 ], [ 654996.449211114086211, 5591956.2934485161677 ], [ 654887.458110567764379, 5592121.031616138294339 ], [ 654707.077051087515429, 5592113.72061159927398 ], [ 654635.686053059413098, 5591941.667235221713781 ], [ 654744.680105993989855, 5591776.925680826418102 ], [ 654925.062204439425841, 5591784.240889606066048 ] ] ] } },
{ "type": "Feature", "properties": { "h3_index": "89ce8c0d57bffff", "pop_h3": 0.0, "eod_zona": 36 }, "geometry": { "type": "Polygon", "coordinates": [ [ [ 651200.079429312609136, 5593494.287835003808141 ], [ 651271.518774194526486, 5593666.355976189486682 ], [ 651162.496731021441519, 5593831.129015423357487 ], [ 650982.032389832893386, 5593823.837304165586829 ], [ 650910.589048616704531, 5593651.768347975797951 ], [ 651019.614045053021982, 5593486.991918024607003 ], [ 651200.079429312609136, 5593494.287835003808141 ] ] ] } },
{ "type": "Feature", "properties": { "h3_index": "89ce8c0512bffff", "pop_h3": 50.263485191993837, "eod_zona": 23 }, "geometry": { "type": "Polygon", "coordinates": [ [ [ 637747.625488826888613, 5587191.855418138206005 ], [ 637819.290517268353142, 5587364.179972494021058 ], [ 637710.120283477008343, 5587529.122434216551483 ], [ 637529.282056113355793, 5587521.743729985319078 ], [ 637457.6130219635088, 5587349.418348425999284 ], [ 637566.786221017013304, 5587184.472498282790184 ], [ 637747.625488826888613, 5587191.855418138206005 ] ] ] } },
{ "type": "Feature", "properties": { "h3_index": "89ce8c0c467ffff", "pop_h3": 0.0, "eod_zona": 49 }, "geometry": { "type": "Polygon", "coordinates": [ [ [ 647093.000695092137903, 5591297.358169380575418 ], [ 647164.509828012320213, 5591469.508990299887955 ], [ 647055.441756319487467, 5591634.334743618033826 ], [ 646874.861594716319814, 5591627.013065656647086 ], [ 646803.348462780704722, 5591454.861425552517176 ], [ 646912.419491591514088, 5591290.032282572239637 ], [ 647093.000695092137903, 5591297.358169380575418 ] ] ] } },
{ "type": "Feature", "properties": { "h3_index": "89ce8c0c463ffff", "pop_h3": 0.0, "eod_zona": 49 }, "geometry": { "type": "Polygon", "coordinates": [ [ [ 647382.644270475488156, 5591139.859349557198584 ], [ 647454.149404783500358, 5591312.009351057931781 ], [ 647345.083662022370845, 5591476.832476779818535 ], [ 647164.509828012320213, 5591469.508990299887955 ], [ 647093.000695092137903, 5591297.358169380575418 ], [ 647202.069394920952618, 5591132.531654336489737 ], [ 647382.644270475488156, 5591139.859349557198584 ] ] ] } },
{ "type": "Feature", "properties": { "h3_index": "89ce8c0510fffff", "pop_h3": 6.9954373656691358, "eod_zona": 23 }, "geometry": { "type": "Polygon", "coordinates": [ [ [ 638075.136418086942285, 5586697.027665175497532 ], [ 638146.797842868603766, 5586869.356358143500984 ], [ 638037.629297211999074, 5587034.296934240497649 ], [ 637856.796361470711417, 5587026.912204958498478 ], [ 637785.130931654945016, 5586854.582683991640806 ], [ 637894.302442744374275, 5586689.638720281422138 ], [ 638075.136418086942285, 5586697.027665175497532 ] ] ] } },
{ "type": "Feature", "properties": { "h3_index": "89ce8c0c6a3ffff", "pop_h3": 0.0, "eod_zona": 2 }, "geometry": { "type": "Polygon", "coordinates": [ [ [ 648176.392035721219145, 5591341.309346893802285 ], [ 648247.884347125771455, 5591513.446950594894588 ], [ 648138.826847097370774, 5591678.260670265182853 ], [ 647958.274079311988316, 5591670.940175442956388 ], [ 647886.777769964071922, 5591498.801752756349742 ], [ 647995.838226473657414, 5591333.984643856994808 ], [ 648176.392035721219145, 5591341.309346893802285 ] ] ] } },
{ "type": "Feature", "properties": { "h3_index": "89ce8c0e3c3ffff", "pop_h3": 0.0, "eod_zona": 57 }, "geometry": { "type": "Polygon", "coordinates": [ [ [ 646057.72369928099215, 5588377.608714424073696 ], [ 646129.257360849180259, 5588549.818285994231701 ], [ 646020.170731589896604, 5588714.665528959594667 ], [ 645839.54748111916706, 5588707.306586588732898 ], [ 645768.009821490268223, 5588535.096190785057843 ], [ 645877.099410520400852, 5588370.245561564341187 ], [ 646057.72369928099215, 5588377.608714424073696 ] ] ] } },
{ "type": "Feature", "properties": { "h3_index": "89ce8c0e15bffff", "pop_h3": 0.0, "eod_zona": 57 }, "geometry": { "type": "Polygon", "coordinates": [ [ [ 644759.248399727628566, 5587816.736919404007494 ], [ 644830.803694841102697, 5587988.970471764914691 ], [ 644721.702892336412333, 5588153.833892276510596 ], [ 644541.043833950650878, 5588146.467146497219801 ], [ 644469.484539838740602, 5587974.232768802903593 ], [ 644578.588303240248933, 5587809.365962198004127 ], [ 644759.248399727628566, 5587816.736919404007494 ] ] ] } },
{ "type": "Feature", "properties": { "h3_index": "89ce8c0c643ffff", "pop_h3": 104.67299022525032, "eod_zona": 3 }, "geometry": { "type": "Polygon", "coordinates": [ [ [ 649763.596311199944466, 5591744.136252316646278 ], [ 649835.06297698977869, 5591916.249064609408379 ], [ 649726.021960328682326, 5592081.043974403291941 ], [ 649545.511322695296258, 5592073.729460929520428 ], [ 649474.040660306578502, 5591901.615830510854721 ], [ 649583.084632277139463, 5591736.817531669512391 ], [ 649763.596311199944466, 5591744.136252316646278 ] ] ] } },
{ "type": "Feature", "properties": { "h3_index": "89ce8c0e18bffff", "pop_h3": 0.0, "eod_zona": 57 }, "geometry": { "type": "Polygon", "coordinates": [ [ [ 643750.298536054091528, 5587098.246564901433885 ], [ 643821.871463121264242, 5587270.503275024704635 ], [ 643712.758815421257168, 5587435.380239155143499 ], [ 643532.070278812665492, 5587428.003878731280565 ], [ 643460.493352215737104, 5587255.746341942809522 ], [ 643569.608961887774058, 5587090.865992220118642 ], [ 643750.298536054091528, 5587098.246564901433885 ] ] ] } },
{ "type": "Feature", "properties": { "h3_index": "89ce8c0c6b7ffff", "pop_h3": 0.0, "eod_zona": 49 }, "geometry": { "type": "Polygon", "coordinates": [ [ [ 647924.341502611292526, 5591161.841251119039953 ], [ 647995.838226473657414, 5591333.984643856994808 ], [ 647886.777769964071922, 5591498.801752756349742 ], [ 647706.217632971820422, 5591491.478858003392816 ], [ 647634.716911033960059, 5591319.334645945578814 ], [ 647743.780324293649755, 5591154.514147939160466 ], [ 647924.341502611292526, 5591161.841251119039953 ] ] ] } },
{ "type": "Feature", "properties": { "h3_index": "89ce8c0f493ffff", "pop_h3": 0.0, "eod_zona": 61 }, "geometry": { "type": "Polygon", "coordinates": [ [ [ 651383.840789537876844, 5584532.575596530921757 ], [ 651455.303803217830136, 5584704.7851507877931 ], [ 651346.257408682024106, 5584869.587232990190387 ], [ 651165.745041085407138, 5584862.183139654807746 ], [ 651094.278037423500791, 5584689.972755281254649 ], [ 651203.327391467988491, 5584525.16729433555156 ], [ 651383.840789537876844, 5584532.575596530921757 ] ] ] } },
{ "type": "Feature", "properties": { "h3_index": "89ce8c0f08bffff", "pop_h3": 414.47511683258415, "eod_zona": 64 }, "geometry": { "type": "Polygon", "coordinates": [ [ [ 651335.136784614995122, 5587408.05125343427062 ], [ 651406.592059489921667, 5587580.215384119190276 ], [ 651297.553551936987787, 5587745.008107638917863 ], [ 651117.056812137132511, 5587737.640083039179444 ], [ 651045.597545249736868, 5587565.475127088837326 ], [ 651154.6390103030717, 5587400.679020980373025 ], [ 651335.136784614995122, 5587408.05125343427062 ] ] ] } },
{ "type": "Feature", "properties": { "h3_index": "89ce8c0f63bffff", "pop_h3": 748.08724827309857, "eod_zona": 22 }, "geometry": { "type": "Polygon", "coordinates": [ [ [ 652959.411283611203544, 5587474.392418207600713 ], [ 653030.84135879157111, 5587646.53672338463366 ], [ 652921.81874356395565, 5587811.311406459659338 ], [ 652741.363096741493791, 5587803.945166283287108 ], [ 652669.929031158681028, 5587631.800036141648889 ], [ 652778.95460292766802, 5587467.021971118636429 ], [ 652959.411283611203544, 5587474.392418207600713 ] ] ] } },
{ "type": "Feature", "properties": { "h3_index": "89ce8c05e93ffff", "pop_h3": 50.890082134033264, "eod_zona": 23 }, "geometry": { "type": "Polygon", "coordinates": [ [ [ 637710.120283477008343, 5587529.122434216551483 ], [ 637781.784910459071398, 5587701.442021138034761 ], [ 637672.615315927076153, 5587866.383730484172702 ], [ 637491.778129498008639, 5587859.009241770021617 ], [ 637420.109496537363157, 5587686.688828215934336 ], [ 637529.282056113355793, 5587521.743729985319078 ], [ 637710.120283477008343, 5587529.122434216551483 ] ] ] } },
{ "type": "Feature", "properties": { "h3_index": "89ce8c01a77ffff", "pop_h3": 0.0, "eod_zona": 61 }, "geometry": { "type": "Polygon", "coordinates": [ [ [ 651710.980084337410517, 5584038.169015425257385 ], [ 651782.439524606685154, 5584210.382690029218793 ], [ 651673.394861426088028, 5584375.182879090309143 ], [ 651492.887798433424905, 5584367.772771466523409 ], [ 651421.424368856474757, 5584195.55826595518738 ], [ 651530.471991707570851, 5584030.754698952659965 ], [ 651710.980084337410517, 5584038.169015425257385 ] ] ] } },
{ "type": "Feature", "properties": { "h3_index": "89ce8c0f34bffff", "pop_h3": 98.820175975811921, "eod_zona": 34 }, "geometry": { "type": "Polygon", "coordinates": [ [ [ 652042.142104706726968, 5590821.339418538846076 ], [ 652113.576393266906962, 5590993.440711782313883 ], [ 652004.554659756016918, 5591158.213850040920079 ], [ 651824.095683126826771, 5591150.889081835746765 ], [ 651752.657400929601863, 5590978.78696917463094 ], [ 651861.68208912643604, 5590814.010444113984704 ], [ 652042.142104706726968, 5590821.339418538846076 ] ] ] } },
{ "type": "Feature", "properties": { "h3_index": "89ce8c0d43bffff", "pop_h3": 328.81355605154783, "eod_zona": 35 }, "geometry": { "type": "Polygon", "coordinates": [ [ [ 652433.133714163443074, 5592190.738042593933642 ], [ 652504.55791784694884, 5592362.812861207872629 ], [ 652395.543953306507319, 5592527.576937399804592 ], [ 652215.102831715368666, 5592520.269583391025662 ], [ 652143.674633853137493, 5592348.193947710096836 ], [ 652252.691551890457049, 5592183.426483084447682 ], [ 652433.133714163443074, 5592190.738042593933642 ] ] ] } },
{ "type": "Feature", "properties": { "h3_index": "89ce8c0f43bffff", "pop_h3": 1.790202741263057, "eod_zona": 55 }, "geometry": { "type": "Polygon", "coordinates": [ [ [ 651195.92587634245865, 5586217.576802765950561 ], [ 651267.386809293879196, 5586389.761588409543037 ], [ 651158.343492644838989, 5586554.559942467138171 ], [ 650977.836284749908373, 5586547.176891931332648 ], [ 650906.371360461926088, 5586374.991278998553753 ], [ 651015.417635531746782, 5586210.189543867483735 ], [ 651195.92587634245865, 5586217.576802765950561 ] ] ] } },
{ "type": "Feature", "properties": { "h3_index": "89ce8c0d403ffff", "pop_h3": 323.74358438008744, "eod_zona": 35 }, "geometry": { "type": "Polygon", "coordinates": [ [ [ 652760.175755876465701, 5591696.445385407656431 ], [ 652831.596385978511535, 5591868.524354819208384 ], [ 652722.584134428761899, 5592033.286569699645042 ], [ 652542.148299242486246, 5592025.973202778957784 ], [ 652470.723675634944811, 5591853.893415507860482 ], [ 652579.738880848628469, 5591689.127812993712723 ], [ 652760.175755876465701, 5591696.445385407656431 ] ] ] } },
{ "type": "Feature", "properties": { "h3_index": "89ce8c0f38bffff", "pop_h3": 738.94796105387911, "eod_zona": 12 }, "geometry": { "type": "Polygon", "coordinates": [ [ [ 651072.058383974363096, 5589766.629250539466739 ], [ 651143.510738174198195, 5589938.758651583455503 ], [ 651034.476563679869287, 5590103.546094365417957 ], [ 650853.987079136772081, 5590096.207521918229759 ], [ 650782.530731032718904, 5589924.077299559488893 ], [ 650891.567861504037865, 5589759.286470943130553 ], [ 651072.058383974363096, 5589766.629250539466739 ] ] ] } },
{ "type": "Feature", "properties": { "h3_index": "89ce8c0f1c7ffff", "pop_h3": 140.52123481837941, "eod_zona": 18 }, "geometry": { "type": "Polygon", "coordinates": [ [ [ 649560.197988630039617, 5588689.638656759634614 ], [ 649631.676806270261295, 5588861.802773241885006 ], [ 649522.624891891260631, 5589026.61052917316556 ], [ 649342.091202412964776, 5589019.257553684525192 ], [ 649270.608390067936853, 5588847.092613893561065 ], [ 649379.663262034882791, 5588682.281472875736654 ], [ 649560.197988630039617, 5588689.638656759634614 ] ] ] } },
{ "type": "Feature", "properties": { "h3_index": "89ce8c0f40fffff", "pop_h3": 0.0, "eod_zona": 61 }, "geometry": { "type": "Polygon", "coordinates": [ [ [ 651485.471716873813421, 5586060.166766096837819 ], [ 651556.92865889321547, 5586232.350724214687943 ], [ 651447.887684222310781, 5586397.146445018239319 ], [ 651267.386809293879196, 5586389.761588409543037 ], [ 651195.92587634245865, 5586217.576802765950561 ], [ 651304.969809378846548, 5586052.777701232582331 ], [ 651485.471716873813421, 5586060.166766096837819 ] ] ] } },
{ "type": "Feature", "properties": { "h3_index": "89ce8c0f50fffff", "pop_h3": 382.82914950529715, "eod_zona": 59 }, "geometry": { "type": "Polygon", "coordinates": [ [ [ 649458.468676732853055, 5587162.130253430455923 ], [ 649529.953563756425865, 5587334.319999336265028 ], [ 649420.896207232028246, 5587499.134150452911854 ], [ 649240.351005085161887, 5587491.761938748881221 ], [ 649168.862124302540906, 5587319.571366949006915 ], [ 649277.922439554939047, 5587154.753832725808024 ], [ 649458.468676732853055, 5587162.130253430455923 ] ] ] } },
{ "type": "Feature", "properties": { "h3_index": "89ce8c089a3ffff", "pop_h3": 0.0, "eod_zona": 32 }, "geometry": { "type": "Polygon", "coordinates": [ [ [ 653993.094542217790149, 5590393.02559707313776 ], [ 654064.500044627580792, 5590565.111221929080784 ], [ 653955.495899273781106, 5590729.864455802366138 ], [ 653775.083297746023163, 5590722.535450144670904 ], [ 653703.673803982557729, 5590550.449005371890962 ], [ 653812.680903231957927, 5590385.692386148497462 ], [ 653993.094542217790149, 5590393.02559707313776 ] ] ] } },
{ "type": "Feature", "properties": { "h3_index": "89ce8c0d083ffff", "pop_h3": 20.409468580365569, "eod_zona": 37 }, "geometry": { "type": "Polygon", "coordinates": [ [ [ 652320.365034725167789, 5593201.237523209303617 ], [ 652391.787978138308972, 5593373.297430934384465 ], [ 652282.775877647683956, 5593538.059210737235844 ], [ 652102.337881027022377, 5593530.764472614973783 ], [ 652030.910942626651376, 5593358.703749521635473 ], [ 652139.925995960365981, 5593193.938579896464944 ], [ 652320.365034725167789, 5593201.237523209303617 ] ] ] } },
{ "type": "Feature", "properties": { "h3_index": "89ce8c05163ffff", "pop_h3": 1.3895231017120746, "eod_zona": 23 }, "geometry": { "type": "Polygon", "coordinates": [ [ [ 638290.115884109516628, 5587214.002984345890582 ], [ 638361.772500344435684, 5587386.320917300879955 ], [ 638252.607557859271765, 5587551.257354194298387 ], [ 638071.783034325577319, 5587543.87924631498754 ], [ 638000.122412916622125, 5587371.560486260801554 ], [ 638109.290320347528905, 5587206.620661159977317 ], [ 638290.115884109516628, 5587214.002984345890582 ] ] ] } },
{ "type": "Feature", "properties": { "h3_index": "89ce8c05e23ffff", "pop_h3": 13.472078234637673, "eod_zona": 58 }, "geometry": { "type": "Polygon", "coordinates": [ [ [ 637232.595456255367026, 5589372.95537959318608 ], [ 637304.262082009227015, 5589545.250940785743296 ], [ 637195.093367816880345, 5589710.191508119925857 ], [ 637014.255064004100859, 5589702.839905790053308 ], [ 636942.584430512273684, 5589530.543521026149392 ], [ 637051.756108700996265, 5589365.59956213645637 ], [ 637232.595456255367026, 5589372.95537959318608 ] ] ] } },
{ "type": "Feature", "properties": { "h3_index": "89ce8c0f3abffff", "pop_h3": 900.38275549801915, "eod_zona": 8 }, "geometry": { "type": "Polygon", "coordinates": [ [ [ 650455.415911706164479, 5590418.453526829369366 ], [ 650526.875837091123685, 5590590.57960447575897 ], [ 650417.837614785064943, 5590755.371544587425888 ], [ 650237.336511362460442, 5590748.040794013999403 ], [ 650165.872590998304076, 5590575.913896085694432 ], [ 650274.913769163074903, 5590411.11856899317354 ], [ 650455.415911706164479, 5590418.453526829369366 ] ] ] } },
{ "type": "Feature", "properties": { "h3_index": "89ce8c0e28fffff", "pop_h3": 0.0, "eod_zona": 49 }, "geometry": { "type": "Polygon", "coordinates": [ [ [ 647254.052396150887944, 5587410.654510895721614 ], [ 647325.570481865899637, 5587582.865744824521244 ], [ 647216.492563436506316, 5587747.703210944309831 ], [ 647035.893599631264806, 5587740.332827537320554 ], [ 646964.371517739491537, 5587568.120767874643207 ], [ 647073.452395954867825, 5587403.279917328618467 ], [ 647254.052396150887944, 5587410.654510895721614 ] ] ] } },
{ "type": "Feature", "properties": { "h3_index": "89ce8c0f02fffff", "pop_h3": 138.10830453631868, "eod_zona": 14 }, "geometry": { "type": "Polygon", "coordinates": [ [ [ 650605.731144629535265, 5589070.724225373007357 ], [ 650677.192737631965429, 5589242.870161256752908 ], [ 650568.152030256809667, 5589407.665131815709174 ], [ 650387.646773275453597, 5589400.317551590502262 ], [ 650316.181186372879893, 5589228.170793163590133 ], [ 650425.224850478, 5589063.372437483631074 ], [ 650605.731144629535265, 5589070.724225373007357 ] ] ] } },
{ "type": "Feature", "properties": { "h3_index": "89ce8c05e37ffff", "pop_h3": 74.232915454840736, "eod_zona": 58 }, "geometry": { "type": "Polygon", "coordinates": [ [ [ 636980.085073867114261, 5589193.298204689286649 ], [ 637051.756108700996265, 5589365.59956213645637 ], [ 636942.584430512273684, 5589530.543521026149392 ], [ 636761.738753357552923, 5589523.189513870514929 ], [ 636690.063710654503666, 5589350.887332516722381 ], [ 636799.238353105261922, 5589185.939982200041413 ], [ 636980.085073867114261, 5589193.298204689286649 ] ] ] } },
{ "type": "Feature", "properties": { "h3_index": "89ce8c0d07bffff", "pop_h3": 0.0, "eod_zona": 37 }, "geometry": { "type": "Polygon", "coordinates": [ [ [ 652963.113491546129808, 5594749.647576043382287 ], [ 653034.52192481700331, 5594921.67520251031965 ], [ 652925.520546986954287, 5595086.424503260292113 ], [ 652745.107784628635272, 5595079.149569100700319 ], [ 652673.695355965290219, 5594907.121129950508475 ], [ 652782.699685184052214, 5594742.368437617085874 ], [ 652963.113491546129808, 5594749.647576043382287 ] ] ] } },
{ "type": "Feature", "properties": { "h3_index": "89ce8c0f26bffff", "pop_h3": 735.36452736432739, "eod_zona": 31 }, "geometry": { "type": "Polygon", "coordinates": [ [ [ 653451.839930167305283, 5590371.025372111238539 ], [ 653523.253836176241748, 5590543.11760107986629 ], [ 653414.244399816845544, 5590707.876846962608397 ], [ 653233.818103359546512, 5590700.54724941868335 ], [ 653162.400205458980054, 5590528.454200434498489 ], [ 653271.412596035865135, 5590363.691568985581398 ], [ 653451.839930167305283, 5590371.025372111238539 ] ] ] } },
{ "type": "Feature", "properties": { "h3_index": "89ce8c05187ffff", "pop_h3": 71.406189214224071, "eod_zona": 52 }, "geometry": { "type": "Polygon", "coordinates": [ [ [ 637645.134218295686878, 5585662.980198103934526 ], [ 637716.805257112602703, 5585835.33040730189532 ], [ 637607.629504206473939, 5586000.279255857691169 ], [ 637426.77974620484747, 5585992.881281622685492 ], [ 637355.104702631477267, 5585820.530242625623941 ], [ 637464.283421945292503, 5585655.578007638454437 ], [ 637645.134218295686878, 5585662.980198103934526 ] ] ] } },
{ "type": "Feature", "properties": { "h3_index": "89ce8c05167ffff", "pop_h3": 66.314590532340091, "eod_zona": 23 }, "geometry": { "type": "Polygon", "coordinates": [ [ [ 638000.122412916622125, 5587371.560486260801554 ], [ 638071.783034325577319, 5587543.87924631498754 ], [ 637962.615765528171323, 5587708.818319492973387 ], [ 637781.784910459071398, 5587701.442021138034761 ], [ 637710.120283477008343, 5587529.122434216551483 ], [ 637819.290517268353142, 5587364.179972494021058 ], [ 638000.122412916622125, 5587371.560486260801554 ] ] ] } },
{ "type": "Feature", "properties": { "h3_index": "89ce8c0c243ffff", "pop_h3": 0.0, "eod_zona": 36 }, "geometry": { "type": "Polygon", "coordinates": [ [ [ 649500.580232770764269, 5594102.369836252182722 ], [ 649572.043979098438285, 5594274.447839915752411 ], [ 649463.007344133919105, 5594439.237385199405253 ], [ 649282.504009185009636, 5594431.95231908839196 ], [ 649211.03626437112689, 5594259.873501256108284 ], [ 649320.075853117974475, 5594095.080563681200147 ], [ 649500.580232770764269, 5594102.369836252182722 ] ] ] } },
{ "type": "Feature", "properties": { "h3_index": "89ce8c0892bffff", "pop_h3": 0.0, "eod_zona": 32 }, "geometry": { "type": "Polygon", "coordinates": [ [ [ 654421.503387157688849, 5591425.48560431972146 ], [ 654492.899220983730629, 5591597.549731443636119 ], [ 654383.902215388370678, 5591762.294672485440969 ], [ 654203.506423175451346, 5591754.978872906416655 ], [ 654132.106597724603489, 5591582.913927652873099 ], [ 654241.106556243728846, 5591418.165600086562335 ], [ 654421.503387157688849, 5591425.48560431972146 ] ] ] } },
{ "type": "Feature", "properties": { "h3_index": "89ce8c0f513ffff", "pop_h3": 0.0, "eod_zona": 59 }, "geometry": { "type": "Polygon", "coordinates": [ [ [ 649533.614231728250161, 5586488.105334208346903 ], [ 649605.099948044400662, 5586660.304996803402901 ], [ 649496.041351672727615, 5586825.120647436007857 ], [ 649315.494079950382002, 5586817.740017626434565 ], [ 649244.004370418959297, 5586645.539528003893793 ], [ 649353.065925951930694, 5586480.720495196990669 ], [ 649533.614231728250161, 5586488.105334208346903 ] ] ] } },
{ "type": "Feature", "properties": { "h3_index": "89ce8c0f4bbffff", "pop_h3": 0.0, "eod_zona": 55 }, "geometry": { "type": "Polygon", "coordinates": [ [ [ 651019.114766309736297, 5585363.997262398712337 ], [ 651090.580938468920067, 5585536.197740664705634 ], [ 650981.533430594252422, 5585701.000968887470663 ], [ 650801.016791563015431, 5585693.607098833657801 ], [ 650729.546628474025056, 5585521.405791817232966 ], [ 650838.597095471573994, 5585356.599183580838144 ], [ 651019.114766309736297, 5585363.997262398712337 ] ] ] } },
{ "type": "Feature", "properties": { "h3_index": "89ce8c05183ffff", "pop_h3": 0.0, "eod_zona": 52 }, "geometry": { "type": "Polygon", "coordinates": [ [ [ 637935.155071330373175, 5585505.434601723216474 ], [ 638006.822105793980882, 5585677.78398089017719 ], [ 637897.64868179964833, 5585842.730190644972026 ], [ 637716.805257112602703, 5585835.33040730189532 ], [ 637645.134218295686878, 5585662.980198103934526 ], [ 637754.310608648345806, 5585498.030602257698774 ], [ 637935.155071330373175, 5585505.434601723216474 ] ] ] } },
{ "type": "Feature", "properties": { "h3_index": "89ce8c05843ffff", "pop_h3": 19.330554896391053, "eod_zona": 58 }, "geometry": { "type": "Polygon", "coordinates": [ [ [ 636615.066038758261129, 5590025.379149318672717 ], [ 636686.740279237856157, 5590197.671383346430957 ], [ 636577.567566271871328, 5590362.616458526812494 ], [ 636396.717649079393595, 5590355.272692359983921 ], [ 636325.039399782661349, 5590182.979635794647038 ], [ 636434.215076625347137, 5590018.031167913228273 ], [ 636615.066038758261129, 5590025.379149318672717 ] ] ] } },
{ "type": "Feature", "properties": { "h3_index": "89ce8c0e02fffff", "pop_h3": 0.0, "eod_zona": 57 }, "geometry": { "type": "Polygon", "coordinates": [ [ [ 645049.003595464630052, 5587659.24551158118993 ], [ 645120.554891981650144, 5587831.47823837492615 ], [ 645011.456422028131783, 5587996.339025602675974 ], [ 644830.803694841102697, 5587988.970471764914691 ], [ 644759.248399727628566, 5587816.736919404007494 ], [ 644868.349830524530262, 5587651.872746422886848 ], [ 645049.003595464630052, 5587659.24551158118993 ] ] ] } },
{ "type": "Feature", "properties": { "h3_index": "89ce8c0c483ffff", "pop_h3": 0.0, "eod_zona": 49 }, "geometry": { "type": "Polygon", "coordinates": [ [ [ 647028.696585464524105, 5589432.860971256159246 ], [ 647100.212195784552023, 5589605.042423064820468 ], [ 646991.138029246474616, 5589769.87536312174052 ], [ 646810.545294042560272, 5589762.530238569714129 ], [ 646739.025685924105346, 5589590.347964422777295 ], [ 646848.102810939541087, 5589425.511637144722044 ], [ 647028.696585464524105, 5589432.860971256159246 ] ] ] } },
{ "type": "Feature", "properties": { "h3_index": "89ce8c0c2c7ffff", "pop_h3": 0.0, "eod_zona": 1 }, "geometry": { "type": "Polygon", "coordinates": [ [ [ 649034.193541620159522, 5593406.723860237747431 ], [ 649105.666535400087014, 5593578.818418300710618 ], [ 648996.623364994768053, 5593743.61551623698324 ], [ 648816.104246402275749, 5593736.321447665803134 ], [ 648744.627254141843878, 5593564.226074203848839 ], [ 648853.673379082465544, 5593399.425584685988724 ], [ 649034.193541620159522, 5593406.723860237747431 ] ] ] } },
{ "type": "Feature", "properties": { "h3_index": "89ce8c0d013ffff", "pop_h3": 94.928742110499542, "eod_zona": 37 }, "geometry": { "type": "Polygon", "coordinates": [ [ [ 652534.629029473755509, 5593717.40648749191314 ], [ 652606.047137174173258, 5593889.455636047758162 ], [ 652497.038611202617176, 5594054.213258136995137 ], [ 652316.609025299199857, 5594046.925122054293752 ], [ 652245.186922476394102, 5593874.875159020535648 ], [ 652354.198400806635618, 5593710.114146524108946 ], [ 652534.629029473755509, 5593717.40648749191314 ] ] ] } },
{ "type": "Feature", "properties": { "h3_index": "89ce8c0f50bffff", "pop_h3": 1117.5857191402345, "eod_zona": 63 }, "geometry": { "type": "Polygon", "coordinates": [ [ [ 649748.066558253834955, 5587004.693579452112317 ], [ 649819.547451923019253, 5587176.882499228231609 ], [ 649710.492433947976679, 5587341.694017795845866 ], [ 649529.953563756425865, 5587334.319999336265028 ], [ 649458.468676732853055, 5587162.130253430455923 ], [ 649567.526653383043595, 5586997.315352094359696 ], [ 649748.066558253834955, 5587004.693579452112317 ] ] ] } },
{ "type": "Feature", "properties": { "h3_index": "89ce8c0e647ffff", "pop_h3": 0.0, "eod_zona": 62 }, "geometry": { "type": "Polygon", "coordinates": [ [ [ 648235.738702093367465, 5585927.133170645684004 ], [ 648307.246040715370327, 5586099.356800861656666 ], [ 648198.173266658326611, 5586264.188614151440561 ], [ 648017.59019381843973, 5586256.800179217942059 ], [ 647946.078861041227356, 5586084.575720878317952 ], [ 648055.15459538763389, 5585919.740525575354695 ], [ 648235.738702093367465, 5585927.133170645684004 ] ] ] } },
{ "type": "Feature", "properties": { "h3_index": "89ce8c0f223ffff", "pop_h3": 227.58817100895695, "eod_zona": 30 }, "geometry": { "type": "Polygon", "coordinates": [ [ [ 652406.796951015829109, 5589990.137159178964794 ], [ 652478.228084749192931, 5590162.247562192380428 ], [ 652369.207448246190324, 5590327.019591955468059 ], [ 652188.752723067533225, 5590319.684604210779071 ], [ 652117.317596637876704, 5590147.573380418121815 ], [ 652226.341188212973066, 5589982.797965124249458 ], [ 652406.796951015829109, 5589990.137159178964794 ] ] ] } },
{ "type": "Feature", "properties": { "h3_index": "89ce8c0f597ffff", "pop_h3": 0.0, "eod_zona": 59 }, "geometry": { "type": "Polygon", "coordinates": [ [ [ 649067.095788454986177, 5585791.877222971059382 ], [ 649138.590733305667527, 5585964.093411643989384 ], [ 649029.525598588748835, 5586128.916573947295547 ], [ 648848.962559237144887, 5586121.52692901622504 ], [ 648777.463621172006242, 5585949.309912086464465 ], [ 648886.531715805525891, 5585784.48336831945926 ], [ 649067.095788454986177, 5585791.877222971059382 ] ] ] } },
{ "type": "Feature", "properties": { "h3_index": "89ce8c0f593ffff", "pop_h3": 0.0, "eod_zona": 59 }, "geometry": { "type": "Polygon", "coordinates": [ [ [ 649356.719281431520358, 5585634.4489751374349 ], [ 649428.210233472287655, 5585806.66433532256633 ], [ 649319.147439278312959, 5585971.484863026998937 ], [ 649138.590733305667527, 5585964.093411643989384 ], [ 649067.095788454986177, 5585791.877222971059382 ], [ 649176.161542515037581, 5585627.053314144723117 ], [ 649356.719281431520358, 5585634.4489751374349 ] ] ] } },
{ "type": "Feature", "properties": { "h3_index": "89ce8c0d42fffff", "pop_h3": 0.0, "eod_zona": 35 }, "geometry": { "type": "Polygon", "coordinates": [ [ [ 652106.086534840287641, 5592685.03628393728286 ], [ 652177.514312966610305, 5592857.106949573382735 ], [ 652068.498637656448409, 5593021.872885120101273 ], [ 651888.052231024717912, 5593014.571544245816767 ], [ 651816.620458045741543, 5592842.500062341801822 ], [ 651925.639086683862843, 5592677.730737554840744 ], [ 652106.086534840287641, 5592685.03628393728286 ] ] ] } },
{ "type": "Feature", "properties": { "h3_index": "89ce8c05e27ffff", "pop_h3": 102.07858392898515, "eod_zona": 58 }, "geometry": { "type": "Polygon", "coordinates": [ [ [ 636942.584430512273684, 5589530.543521026149392 ], [ 637014.255064004100859, 5589702.839905790053308 ], [ 636905.084028352517635, 5589867.783106759190559 ], [ 636724.239395294105634, 5589860.433314834721386 ], [ 636652.56475365976803, 5589688.136106731370091 ], [ 636761.738753357552923, 5589523.189513870514929 ], [ 636942.584430512273684, 5589530.543521026149392 ] ] ] } },
{ "type": "Feature", "properties": { "h3_index": "89ce8c0c40fffff", "pop_h3": 0.73472283180254472, "eod_zona": 49 }, "geometry": { "type": "Polygon", "coordinates": [ [ [ 647168.119216101360507, 5590623.387827156111598 ], [ 647239.629176022252068, 5590795.548587465658784 ], [ 647130.559848460019566, 5590960.375863311812282 ], [ 646949.977603548788466, 5590953.045767558738589 ], [ 646878.463645155425183, 5590780.884186936542392 ], [ 646987.535930271609686, 5590616.053522356785834 ], [ 647168.119216101360507, 5590623.387827156111598 ] ] ] } },
{ "type": "Feature", "properties": { "h3_index": "89ce8c0d2b7ffff", "pop_h3": 0.0, "eod_zona": 37 }, "geometry": { "type": "Polygon", "coordinates": [ [ [ 653214.928363114362583, 5594928.951944801025093 ], [ 653286.332379570812918, 5595100.973783758468926 ], [ 653177.333952862769365, 5595265.719692803919315 ], [ 652996.92855870409403, 5595258.44715457316488 ], [ 652925.520546986954287, 5595086.424503260292113 ], [ 653034.52192481700331, 5594921.67520251031965 ], [ 653214.928363114362583, 5594928.951944801025093 ] ] ] } },
{ "type": "Feature", "properties": { "h3_index": "89ce8c051d7ffff", "pop_h3": 1.2424455077582166, "eod_zona": 50 }, "geometry": { "type": "Polygon", "coordinates": [ [ [ 638477.661049049347639, 5585527.645403614267707 ], [ 638549.319674442522228, 5585699.98815983813256 ], [ 638440.15154597372748, 5585864.928344798274338 ], [ 638259.321826205123216, 5585857.529159384779632 ], [ 638187.659196995780803, 5585685.185573230497539 ], [ 638296.830291502410546, 5585520.242002394981682 ], [ 638477.661049049347639, 5585527.645403614267707 ] ] ] } },
{ "type": "Feature", "properties": { "h3_index": "89ce8c0d40fffff", "pop_h3": 537.64771947015652, "eod_zona": 35 }, "geometry": { "type": "Polygon", "coordinates": [ [ [ 652722.584134428761899, 5592033.286569699645042 ], [ 652794.004344334243797, 5592205.360571017488837 ], [ 652684.992712700972334, 5592370.122022734023631 ], [ 652504.55791784694884, 5592362.812861207872629 ], [ 652433.133714163443074, 5592190.738042593933642 ], [ 652542.148299242486246, 5592025.973202778957784 ], [ 652722.584134428761899, 5592033.286569699645042 ] ] ] } },
{ "type": "Feature", "properties": { "h3_index": "89ce8c0e29bffff", "pop_h3": 0.0, "eod_zona": 62 }, "geometry": { "type": "Polygon", "coordinates": [ [ [ 647581.286310032242909, 5586916.141742466017604 ], [ 647652.800812522531487, 5587088.35711067635566 ], [ 647543.724606658448465, 5587253.19269447401166 ], [ 647363.130938476650044, 5587245.816293663345277 ], [ 647291.612440484692343, 5587073.600098924711347 ], [ 647400.69160630449187, 5586908.761131501756608 ], [ 647581.286310032242909, 5586916.141742466017604 ] ] ] } },
{ "type": "Feature", "properties": { "h3_index": "89ce8c051abffff", "pop_h3": 49.713650355201899, "eod_zona": 23 }, "geometry": { "type": "Polygon", "coordinates": [ [ [ 637570.125027209171094, 5586337.572601514868438 ], [ 637641.795264411717653, 5586509.912882128730416 ], [ 637532.620787621592171, 5586674.860233329236507 ], [ 637351.773107785498723, 5586667.470691255293787 ], [ 637280.098865281790495, 5586495.129581972956657 ], [ 637389.276308042462915, 5586330.178843409754336 ], [ 637570.125027209171094, 5586337.572601514868438 ] ] ] } },
{ "type": "Feature", "properties": { "h3_index": "89ce8c0d187ffff", "pop_h3": 0.0, "eod_zona": 36 }, "geometry": { "type": "Polygon", "coordinates": [ [ [ 650004.489960853010416, 5594461.09140604455024 ], [ 650075.944875473272987, 5594633.157830220647156 ], [ 649966.914147268049419, 5594797.940590553916991 ], [ 649786.425551324151456, 5594790.6603192249313 ], [ 649714.966638489393517, 5594618.593081540428102 ], [ 649824.000319939805195, 5594453.80692866910249 ], [ 650004.489960853010416, 5594461.09140604455024 ] ] ] } },
{ "type": "Feature", "properties": { "h3_index": "89ce8c725bbffff", "pop_h3": 0.0, "eod_zona": 33 }, "geometry": { "type": "Polygon", "coordinates": [ [ [ 655781.599854927277192, 5593848.635050749406219 ], [ 655852.967507878318429, 5594020.644597713835537 ], [ 655743.990679404698312, 5594185.36615134216845 ], [ 655563.643247657455504, 5594178.081547097302973 ], [ 655492.271602807566524, 5594006.07118624728173 ], [ 655601.251381731941365, 5593841.346243502572179 ], [ 655781.599854927277192, 5593848.635050749406219 ] ] ] } },
{ "type": "Feature", "properties": { "h3_index": "89ce8c0e663ffff", "pop_h3": 0.0, "eod_zona": 62 }, "geometry": { "type": "Polygon", "coordinates": [ [ [ 647908.51508090342395, 5586421.634627092629671 ], [ 647980.026001030229963, 5586593.854127397760749 ], [ 647870.95150995568838, 5586758.687826920300722 ], [ 647690.363138765329495, 5586751.305408934131265 ], [ 647618.848223812063225, 5586579.085081301629543 ], [ 647727.92567500739824, 5586414.247998960316181 ], [ 647908.51508090342395, 5586421.634627092629671 ] ] ] } },
{ "type": "Feature", "properties": { "h3_index": "89ce8c0d46fffff", "pop_h3": 243.85780416518617, "eod_zona": 37 }, "geometry": { "type": "Polygon", "coordinates": [ [ [ 652899.247246829327196, 5592886.318364102393389 ], [ 652970.662201473489404, 5593058.376640386879444 ], [ 652861.654763635830022, 5593223.133173866197467 ], [ 652681.229418534552678, 5593215.834820189513266 ], [ 652609.810469707124867, 5593043.77572807110846 ], [ 652718.820860290434211, 5592879.015805443748832 ], [ 652899.247246829327196, 5592886.318364102393389 ] ] ] } },
{ "type": "Feature", "properties": { "h3_index": "89ce8c0e26fffff", "pop_h3": 0.0, "eod_zona": 49 }, "geometry": { "type": "Polygon", "coordinates": [ [ [ 647608.012397667393088, 5589117.900300290435553 ], [ 647679.520013601751998, 5589290.080106715671718 ], [ 647570.450511834234931, 5589454.907786201685667 ], [ 647389.870435886201449, 5589447.559045778587461 ], [ 647318.35882295970805, 5589275.378416546620429 ], [ 647427.431283103767782, 5589110.547350522130728 ], [ 647608.012397667393088, 5589117.900300290435553 ] ] ] } },
{ "type": "Feature", "properties": { "h3_index": "89ce8c0e2afffff", "pop_h3": 0.0, "eod_zona": 49 }, "geometry": { "type": "Polygon", "coordinates": [ [ [ 646637.125462247407995, 5588062.647082284092903 ], [ 646708.651128902565688, 5588234.85500468313694 ], [ 646599.569166061468422, 5588399.696983443573117 ], [ 646418.958577025914565, 5588392.334425355307758 ], [ 646347.428913115640171, 5588220.125678255222738 ], [ 646456.513835624558851, 5588055.280313923023641 ], [ 646637.125462247407995, 5588062.647082284092903 ] ] ] } },
{ "type": "Feature", "properties": { "h3_index": "89ce8c0c617ffff", "pop_h3": 182.53336528791735, "eod_zona": 2 }, "geometry": { "type": "Polygon", "coordinates": [ [ [ 648718.026069890707731, 5591363.282272440381348 ], [ 648789.509971218183637, 5591535.413268291391432 ], [ 648680.457757329219021, 5591700.22097179107368 ], [ 648499.918686080956832, 5591692.901068431325257 ], [ 648428.430787347722799, 5591520.769253694452345 ], [ 648537.485957401338965, 5591355.958161178976297 ], [ 648718.026069890707731, 5591363.282272440381348 ] ] ] } },
{ "type": "Feature", "properties": { "h3_index": "89ce8c0e64fffff", "pop_h3": 0.0, "eod_zona": 62 }, "geometry": { "type": "Polygon", "coordinates": [ [ [ 648487.822780326474458, 5586106.747042479924858 ], [ 648559.325712007237598, 5586278.964887435548007 ], [ 648450.255897967959754, 5586443.793318584561348 ], [ 648269.680192359606735, 5586436.407286897301674 ], [ 648198.173266658326611, 5586264.188614151440561 ], [ 648307.246040715370327, 5586099.356800861656666 ], [ 648487.822780326474458, 5586106.747042479924858 ] ] ] } },
{ "type": "Feature", "properties": { "h3_index": "89ce8c0d4c3ffff", "pop_h3": 48.129708998573378, "eod_zona": 32 }, "geometry": { "type": "Polygon", "coordinates": [ [ [ 653376.649066432961263, 5591044.722597820684314 ], [ 653448.062131381826475, 5591216.804896957240999 ], [ 653339.05393033917062, 5591381.562622948549688 ], [ 653158.629710697219707, 5591374.24143626820296 ], [ 653087.212653317954391, 5591202.158318242058158 ], [ 653196.223808139213361, 5591037.397205761633813 ], [ 653376.649066432961263, 5591044.722597820684314 ] ] ] } },
{ "type": "Feature", "properties": { "h3_index": "89ce8c08d87ffff", "pop_h3": 250.4879269947624, "eod_zona": 24 }, "geometry": { "type": "Polygon", "coordinates": [ [ [ 654583.315951232216321, 5587540.717517918907106 ], [ 654654.720830785110593, 5587712.842002148739994 ], [ 654545.714109687483869, 5587877.598648702725768 ], [ 654365.299553584307432, 5587870.234192301519215 ], [ 654293.890685239108279, 5587698.10888340510428 ], [ 654402.900361919077113, 5587533.348855551332235 ], [ 654583.315951232216321, 5587540.717517918907106 ] ] ] } },
{ "type": "Feature", "properties": { "h3_index": "89ce8c0e143ffff", "pop_h3": 0.0, "eod_zona": 57 }, "geometry": { "type": "Polygon", "coordinates": [ [ [ 644469.484539838740602, 5587974.232768802903593 ], [ 644541.043833950650878, 5588146.467146497219801 ], [ 644431.940699467435479, 5588311.333200174383819 ], [ 644251.275310056167655, 5588303.968262569047511 ], [ 644179.712016541627236, 5588131.733059774152935 ], [ 644288.818111970322207, 5587966.863619663752615 ], [ 644469.484539838740602, 5587974.232768802903593 ] ] ] } },
{ "type": "Feature", "properties": { "h3_index": "89ce8c0f6c7ffff", "pop_h3": 100.17617762597689, "eod_zona": 48 }, "geometry": { "type": "Polygon", "coordinates": [ [ [ 653613.542020921246149, 5586485.749226451851428 ], [ 653684.96495506237261, 5586657.901792260818183 ], [ 653575.945796809974127, 5586822.672712158411741 ], [ 653395.500747674144804, 5586815.294446555897593 ], [ 653324.073824479128234, 5586643.141054189763963 ], [ 653433.095939602702856, 5586478.366753959096968 ], [ 653613.542020921246149, 5586485.749226451851428 ] ] ] } },
{ "type": "Feature", "properties": { "h3_index": "89ce8c0e25bffff", "pop_h3": 0.0, "eod_zona": 62 }, "geometry": { "type": "Polygon", "coordinates": [ [ [ 648552.055510459467769, 5587971.481183522380888 ], [ 648623.551966008264571, 5588143.668445147573948 ], [ 648514.48821967234835, 5588308.489740682765841 ], [ 648333.925059253931977, 5588301.127159161493182 ], [ 648262.424608463654295, 5588128.93907290417701 ], [ 648371.491313461214304, 5587964.114392780698836 ], [ 648552.055510459467769, 5587971.481183522380888 ] ] ] } },
{ "type": "Feature", "properties": { "h3_index": "89ce8c0f3b3ffff", "pop_h3": 674.46620162610895, "eod_zona": 11 }, "geometry": { "type": "Polygon", "coordinates": [ [ [ 650241.026478497660719, 5589902.053789269179106 ], [ 650312.491232297499664, 5590074.190619086846709 ], [ 650203.449432038119994, 5590238.986704709939659 ], [ 650022.939921763609163, 5590231.64934688154608 ], [ 649951.471173116122372, 5590059.511695884168148 ], [ 650060.515929722343571, 5589894.712223871611059 ], [ 650241.026478497660719, 5589902.053789269179106 ] ] ] } },
{ "type": "Feature", "properties": { "h3_index": "89ce8c0c407ffff", "pop_h3": 0.24616200759535325, "eod_zona": 49 }, "geometry": { "type": "Polygon", "coordinates": [ [ [ 646916.021558769745752, 5590443.886972704902291 ], [ 646987.535930271609686, 5590616.053522356785834 ], [ 646878.463645155425183, 5590780.884186936542392 ], [ 646697.874030842329375, 5590773.551690449938178 ], [ 646626.355660732020624, 5590601.38432015106082 ], [ 646735.430903672473505, 5590436.550266964361072 ], [ 646916.021558769745752, 5590443.886972704902291 ] ] ] } },
{ "type": "Feature", "properties": { "h3_index": "89ce8c01b63ffff", "pop_h3": 0.0, "eod_zona": 60 }, "geometry": { "type": "Polygon", "coordinates": [ [ [ 649935.94024150678888, 5585319.605803335085511 ], [ 650007.423209141474217, 5585491.8195058433339 ], [ 649898.36509770504199, 5585656.634763995185494 ], [ 649717.821058997302316, 5585649.239700054749846 ], [ 649646.334099362138659, 5585477.025168589316308 ], [ 649755.395170563133433, 5585312.206529997289181 ], [ 649935.94024150678888, 5585319.605803335085511 ] ] ] } },
{ "type": "Feature", "properties": { "h3_index": "89ce8c0f017ffff", "pop_h3": 341.08016430985867, "eod_zona": 42 }, "geometry": { "type": "Polygon", "coordinates": [ [ [ 651008.015965093160048, 5587902.435437986627221 ], [ 651079.474815260618925, 5588074.595434456132352 ], [ 650970.434586633113213, 5588239.390037319622934 ], [ 650789.932550634723157, 5588232.028027079999447 ], [ 650718.469707782496698, 5588059.867206139490008 ], [ 650827.512893743114546, 5587895.069219885393977 ], [ 651008.015965093160048, 5587902.435437986627221 ] ] ] } },
{ "type": "Feature", "properties": { "h3_index": "89ce8c0f303ffff", "pop_h3": 323.40390511721512, "eod_zona": 6 }, "geometry": { "type": "Polygon", "coordinates": [ [ [ 650996.89494644862134, 5590440.457215452566743 ], [ 651068.34646542952396, 5590612.576686350628734 ], [ 650959.313532600412145, 5590777.362612056545913 ], [ 650778.826125374645926, 5590770.032453603111207 ], [ 650707.370611948426813, 5590597.912162519060075 ], [ 650816.406500321230851, 5590433.122850053012371 ], [ 650996.89494644862134, 5590440.457215452566743 ] ] ] } },
{ "type": "Feature", "properties": { "h3_index": "89ce8c0f6bbffff", "pop_h3": 0.0, "eod_zona": 46 }, "geometry": { "type": "Polygon", "coordinates": [ [ [ 652782.702883845078759, 5586620.998457682318985 ], [ 652854.138204704737291, 5586793.158458559773862 ], [ 652745.111403172137216, 5586957.938023177906871 ], [ 652564.646323666558601, 5586950.56096778716892 ], [ 652493.207012810278684, 5586778.400140482932329 ], [ 652602.236771585186943, 5586613.617194973863661 ], [ 652782.702883845078759, 5586620.998457682318985 ] ] ] } },
{ "type": "Feature", "properties": { "h3_index": "89ce8c0f48fffff", "pop_h3": 0.0, "eod_zona": 61 }, "geometry": { "type": "Polygon", "coordinates": [ [ [ 651308.674226610339247, 5585206.593173588626087 ], [ 651380.136408247984946, 5585378.792822868563235 ], [ 651271.091243649134412, 5585543.593416581861675 ], [ 651090.580938468920067, 5585536.197740664705634 ], [ 651019.114766309736297, 5585363.997262398712337 ], [ 651128.162889980943874, 5585199.193289013579488 ], [ 651308.674226610339247, 5585206.593173588626087 ] ] ] } },
{ "type": "Feature", "properties": { "h3_index": "89ce8c0c64bffff", "pop_h3": 10.486103825642052, "eod_zona": 3 }, "geometry": { "type": "Polygon", "coordinates": [ [ [ 650015.567287455894984, 5591923.565386102534831 ], [ 650087.029539965791628, 5592095.67241040430963 ], [ 649977.991478340351023, 5592260.463931025005877 ], [ 649797.488209298462607, 5592253.15181649569422 ], [ 649726.021960328682326, 5592081.043974403291941 ], [ 649835.06297698977869, 5591916.249064609408379 ], [ 650015.567287455894984, 5591923.565386102534831 ] ] ] } },
{ "type": "Feature", "properties": { "h3_index": "89ce8c01a3bffff", "pop_h3": 0.0, "eod_zona": 61 }, "geometry": { "type": "Polygon", "coordinates": [ [ [ 651459.008146314416081, 5583858.535243008285761 ], [ 651530.471991707570851, 5584030.754698952659965 ], [ 651421.424368856474757, 5584195.55826595518738 ], [ 651240.909940795390867, 5584188.145754800178111 ], [ 651169.442105958703905, 5584015.925467612221837 ], [ 651278.492688754340634, 5583851.118522796779871 ], [ 651459.008146314416081, 5583858.535243008285761 ] ] ] } },
{ "type": "Feature", "properties": { "h3_index": "89ce8c0c257ffff", "pop_h3": 0.0, "eod_zona": 1 }, "geometry": { "type": "Polygon", "coordinates": [ [ [ 649248.607691259356216, 5593922.996770162135363 ], [ 649320.075853117974475, 5594095.080563681200147 ], [ 649211.03626437112689, 5594259.873501256108284 ], [ 649030.525559842470102, 5594252.586037455126643 ], [ 648959.053399366093799, 5594080.501429432071745 ], [ 649068.095942164072767, 5593915.705099690705538 ], [ 649248.607691259356216, 5593922.996770162135363 ] ] ] } },
{ "type": "Feature", "properties": { "h3_index": "89ce8c0f293ffff", "pop_h3": 1018.3020799409577, "eod_zona": 21 }, "geometry": { "type": "Polygon", "coordinates": [ [ [ 652884.226399929146282, 5588148.224685076624155 ], [ 652955.655637309188023, 5588320.359073451720178 ], [ 652846.634253029711545, 5588485.132252313196659 ], [ 652666.180675395065919, 5588477.774425652809441 ], [ 652594.747447071946226, 5588305.639213443733752 ], [ 652703.771787456586026, 5588140.862651707604527 ], [ 652884.226399929146282, 5588148.224685076624155 ] ] ] } },
{ "type": "Feature", "properties": { "h3_index": "89ce8c05c4fffff", "pop_h3": 50.838791156085996, "eod_zona": 58 }, "geometry": { "type": "Polygon", "coordinates": [ [ [ 636840.061953137861565, 5588001.834954309277236 ], [ 636911.738599271513522, 5588174.157020434737206 ], [ 636802.562030983390287, 5588339.1066375663504 ], [ 636621.705851498642005, 5588331.737578460946679 ], [ 636550.025198174524121, 5588159.414686399511993 ], [ 636659.204731654608622, 5587994.461679360829294 ], [ 636840.061953137861565, 5588001.834954309277236 ] ] ] } },
{ "type": "Feature", "properties": { "h3_index": "89ce8c08973ffff", "pop_h3": 0.0, "eod_zona": 32 }, "geometry": { "type": "Polygon", "coordinates": [ [ [ 655000.270972536178306, 5591110.642253365367651 ], [ 655071.658824320649728, 5591282.704743536189198 ], [ 654962.66649187146686, 5591447.44443476665765 ], [ 654782.283354943967424, 5591440.125021651387215 ], [ 654710.891512341564521, 5591268.061712888069451 ], [ 654819.886797614628449, 5591103.31863581109792 ], [ 655000.270972536178306, 5591110.642253365367651 ] ] ] } },
{ "type": "Feature", "properties": { "h3_index": "89ce8c0c66fffff", "pop_h3": 32.025493666050934, "eod_zona": 1 }, "geometry": { "type": "Polygon", "coordinates": [ [ [ 649109.334526580059901, 5592732.923326781019568 ], [ 649180.808353331754915, 5592905.027831606566906 ], [ 649071.763928925618529, 5593069.826463170349598 ], [ 648891.242722924798727, 5593062.52398054022342 ], [ 648819.764898231369443, 5592890.418659185059369 ], [ 648928.812277609831654, 5592725.6166369644925 ], [ 649109.334526580059901, 5592732.923326781019568 ] ] ] } },
{ "type": "Feature", "properties": { "h3_index": "89ce8c7258fffff", "pop_h3": 0.0, "eod_zona": 33 }, "geometry": { "type": "Polygon", "coordinates": [ [ [ 656070.919448110507801, 5593691.203343668952584 ], [ 656142.283109567826614, 5593863.212076519615948 ], [ 656033.308614586130716, 5594027.931009164080024 ], [ 655852.967507878318429, 5594020.644597713835537 ], [ 655781.599854927277192, 5593848.635050749406219 ], [ 655890.577300307108089, 5593683.912729323841631 ], [ 656070.919448110507801, 5593691.203343668952584 ] ] ] } },
{ "type": "Feature", "properties": { "h3_index": "89ce8c0f14bffff", "pop_h3": 317.60163410507141, "eod_zona": 14 }, "geometry": { "type": "Polygon", "coordinates": [ [ [ 650278.603730048984289, 5589565.115151506848633 ], [ 650350.06890044210013, 5589737.256946038454771 ], [ 650241.026478497660719, 5589902.053789269179106 ], [ 650060.515929722343571, 5589894.712223871611059 ], [ 649989.046764751547016, 5589722.569607595913112 ], [ 650098.092143262154423, 5589557.769378438591957 ], [ 650278.603730048984289, 5589565.115151506848633 ] ] ] } },
{ "type": "Feature", "properties": { "h3_index": "89ce8c0f417ffff", "pop_h3": 0.0, "eod_zona": 55 }, "geometry": { "type": "Polygon", "coordinates": [ [ [ 651271.091243649134412, 5585543.593416581861675 ], [ 651342.553009139373899, 5585715.788112136535347 ], [ 651233.508460118086077, 5585880.587960221804678 ], [ 651052.999186880770139, 5585873.196492865681648 ], [ 650981.533430594252422, 5585701.000968887470663 ], [ 651090.580938468920067, 5585536.197740664705634 ], [ 651271.091243649134412, 5585543.593416581861675 ] ] ] } },
{ "type": "Feature", "properties": { "h3_index": "89ce8c0f11bffff", "pop_h3": 186.44443300976027, "eod_zona": 18 }, "geometry": { "type": "Polygon", "coordinates": [ [ [ 649522.624891891260631, 5589026.61052917316556 ], [ 649594.103294077562168, 5589198.769682537764311 ], [ 649485.052001635427587, 5589363.576683172956109 ], [ 649304.51934976503253, 5589356.227915974333882 ], [ 649233.036952603375539, 5589184.067939873784781 ], [ 649342.091202412964776, 5589019.257553684525192 ], [ 649522.624891891260631, 5589026.61052917316556 ] ] ] } },
{ "type": "Feature", "properties": { "h3_index": "89ce8c0d573ffff", "pop_h3": 0.0, "eod_zona": 36 }, "geometry": { "type": "Polygon", "coordinates": [ [ [ 650948.170285094063729, 5593314.917988715693355 ], [ 651019.614045053021982, 5593486.991918024607003 ], [ 650910.589048616704531, 5593651.768347975797951 ], [ 650730.117338818265125, 5593644.474239189177752 ], [ 650658.669582393020391, 5593472.399494542740285 ], [ 650767.697532361140475, 5593307.619673999026418 ], [ 650948.170285094063729, 5593314.917988715693355 ] ] ] } },
{ "type": "Feature", "properties": { "h3_index": "89ce8c0f26fffff", "pop_h3": 415.31585147467416, "eod_zona": 32 }, "geometry": { "type": "Polygon", "coordinates": [ [ [ 653162.400205458980054, 5590528.454200434498489 ], [ 653233.818103359546512, 5590700.54724941868335 ], [ 653124.806330458028242, 5590865.309121846221387 ], [ 652944.373705518431962, 5590857.98133116401732 ], [ 652872.951815322390758, 5590685.887462392449379 ], [ 652981.966542491107248, 5590521.122204063460231 ], [ 653162.400205458980054, 5590528.454200434498489 ] ] ] } },
{ "type": "Feature", "properties": { "h3_index": "89ce8c0f137ffff", "pop_h3": 156.53930755302477, "eod_zona": 49 }, "geometry": { "type": "Polygon", "coordinates": [ [ [ 648364.221147398115136, 5589656.466796552762389 ], [ 648435.715531910769641, 5589828.62923948187381 ], [ 648326.654903662740253, 5589993.446758610196412 ], [ 648146.096933459630236, 5589986.105221698991954 ], [ 648074.598552356706932, 5589813.941956960596144 ], [ 648183.662138177198358, 5589649.121050919406116 ], [ 648364.221147398115136, 5589656.466796552762389 ] ] ] } }
]
}
